,0,1,2,3,4,5,6,7,8,9,10,11,12,13,14,15,16,17,18,19,20,21,22,23,24,25,26,27,28,29,30,31,32,33,34
0,0.0,1.0,1.0,0.5,1.0,0.0,0.0,0.0,-0.0,-0.0,0.0,1.9484169468647152e-13,-0.00013099759326136006,0.0,0.39006559196802426,0.3899344080297937,0.389934408031976,0.39006559197020624,1.2111906780936612,0.9502094713658946,0.1333482056968663,0.9675992069327849,-0.005259559155619976,0.003123271425823888,-0.2524170298457196,-0.003958261051129064,0.435172337585521,0.10716784774080779,0.01365532083803009,0.0010276637844830714,0.004700178856417084,0.5101914275448532,0.4283674844883413,0.47556685754114236,0.5009042535405199
1,0.008333333333333333,0.9999999992563158,1.0,0.5,0.9999999999998511,8.118403945244858e-16,-5.458233052556669e-07,4.5416527635777184e-21,-8.92421104093414e-08,-6.636795225260901e-17,0.0,2.386643837120549e-12,-0.00026198396363946713,1.4127830085723118e-17,0.39009837952004167,0.38990162047145294,0.3899016204804242,0.39009837952901083,1.2110828375889413,0.9502915447249254,0.13516742887410532,0.967605182322676,-0.005353065943551211,0.002103838250173479,-0.2524027133212361,0.002494386141771443,0.01949528543935264,0.20030710283793773,0.000906236016579792,-0.00013474804191987766,0.00010091999516993631,0.4452374582071016,0.401723198429876,0.5187168878487751,0.5032315776024713
2,0.016666666666666666,0.9999999955380219,1.0,0.5,0.9999999999976168,1.9888698642612965e-14,-2.1831996969945843e-06,1.268152229080451e-19,-4.46195260870508e-07,-1.990913479650262e-15,0.0,1.8214460315489242e-11,-0.0005239230376595445,1.2281603340244967e-16,0.39013114458703013,0.38986885538157356,0.389868855420411,0.39013114462585663,1.2109497875671764,0.9504277506685993,0.13733216000913723,0.9675780397330589,-0.004979037508520675,0.000971718263336256,-0.25252129014290453,-0.001045771919527816,-0.003976482878575993,0.2649573369161634,-0.0005825844220551132,-0.001048169477757658,-7.750230357530573e-05,0.4778437560083071,0.39906937173439494,0.44982739916356096,0.47513294844867876
3,0.025,0.9999999851273343,0.9999999999999999,0.5,0.9999999999879369,1.525990096881783e-13,-4.911848619069598e-06,1.2725557380626083e-18,-1.2492825101174506e-06,-1.8580161110737818e-14,0.0,8.039453883530545e-11,-0.0007857723400950207,6.221530416165972e-16,0.39013108837510285,0.3898689115437854,0.3898689116625537,0.3901310884938323,1.2107038577760072,0.950585967217899,0.14064833208066774,0.9675197689843072,-0.004312338162741236,-0.0009001484757704593,-0.252756978334614,-0.01616702005575732,0.0002456644601744884,0.27436715693893166,-0.0008296575416546981,-0.0007939246427599464,-7.477106871573797e-05,0.47092720709340674,0.3918822591554024,0.438820780649806,0.46146407780873566
4,0.03333333333333333,0.9999999628202471,0.9999999999999993,0.5,0.9999999999618822,6.898431889110652e-13,-8.731302531023225e-06,7.602904933146515e-18,-2.676850474102997e-06,-9.952463934470714e-14,0.0,2.567641625140455e-10,-0.001047487004287809,2.2671266863790587e-15,0.39013100968144904,0.38986899014708504,0.3898689904375328,0.3901310099717887,1.2105513829673382,0.9505772679539195,0.14325921805205602,0.9674269978494302,-0.005682325849958751,-0.0027848607702502023,-0.2530710563368792,-0.02748052458569905,0.006456819015987492,0.40593321647074687,-5.270863065746492e-05,-0.0015157649993199776,-0.00014699356637246146,0.46711217304985364,0.3930492056599439,0.4381290310048519,0.45560150461280546
5,0.041666666666666664,0.9999999219274239,0.999999999999997,0.5,0.9999999999069629,2.2923003637884562e-12,-1.3640906987760397e-05,3.2825976512582976e-17,-4.9071387672243304e-06,-3.83112964458087e-13,0.0,6.637541932162573e-10,-0.001309022186537421,6.621189263839165e-15,0.3901309085114183,0.38986909116998136,0.389869091778986,0.3901309091201661,1.2103385498724581,0.9506529904778223,0.14589365414663918,0.9673768386843373,-0.005531215151224864,-0.004247721673362448,-0.2532457590891388,-0.01079456688455327,-0.015802408098464227,0.44888889220552897,0.0006312641702127811,-0.001642475688014608,-0.0003538824127935563,0.44221562817806886,0.3721363708743302,0.41844430570684854,0.4318178420572888
6,0.05,0.9999998542753451,0.9999999999999893,0.5,0.9999999998071387,6.2211281314570655e-12,-1.963982075107246e-05,1.1322562527641118e-16,-8.118249461882616e-06,-1.1830291009954434e-12,0.0,1.4799095840715127e-09,-0.0015703330737477238,1.6507473619723174e-14,0.3901307848730163,0.38986921458597573,0.3898692157289807,0.39013078601548185,1.210121114138162,0.9507428310855274,0.14862202490930465,0.96732208961862,-0.00514045436017642,-0.00576736499923088,-0.2534330052810869,-0.03909049460786296,0.007904494368782267,0.4928463739420408,-0.0005807284776445014,-0.0019675291069927727,-0.00016832954409666035,0.4374029990223229,0.36459856378235955,0.4080454275967854,0.42424681644395873
7,0.058333333333333334,0.999999750207707,0.9999999999999688,0.5,0.9999999996428334,1.4624880227408268e-11,-2.6727015932994443e-05,3.311875541338502e-16,-1.2488116571609678e-05,-3.1194352732801e-12,0.0,2.9593465105475113e-09,-0.0018313748910687164,3.656107994773729e-14,0.39013063877691584,0.38986936036357484,0.3898693623379608,0.39013064075026876,1.2099505884485726,0.9506580944864825,0.15154005207069382,0.9672211717212248,-0.004577429761422135,-0.007196429521000668,-0.25379216598064946,-0.052100107828367825,0.00806572349619783,0.5353389942456405,-0.0008412311672246735,-0.0020099308280658486,-0.00035712281059709734,0.42512052683666907,0.3603360055686359,0.404374562568991,0.41230835146850536
8,0.06666666666666667,0.9999995985870773,0.9999999999999194,0.5,0.9999999993909504,3.088234904066817e-11,-3.4901278170972507e-05,8.53825148940088e-16,-1.819447556299054e-05,-7.303497612007802e-12,0.0,5.445132239430301e-09,-0.002092102909532068,7.388105359491683e-14,0.3901304702364707,0.38986952846631145,0.3898695316646834,0.3901304734330042,1.2096575971866526,0.9507567676994574,0.1546744980253026,0.9671655858254964,-0.00373945779948548,-0.008892656722715137,-0.2539639082755703,-0.07716362035330437,0.007512839909151747,0.5273431329882949,-0.00028138295172128945,-0.0015018327670447823,-0.00025493988673623254,0.4168000999174142,0.3553789768166783,0.39746496719105984,0.40203638759541793
9,0.075,0.9999993867968031,0.999999999999812,0.5,0.9999999990248939,6.00009821881301e-11,-4.4161206834813084e-05,1.9921381894161053e-15,-2.541483290160567e-05,-1.5584456782425168e-11,0.0,9.382573915008845e-09,-0.0023524724536790912,1.3878042230263226e-13,0.39013027926772964,0.389869718852764,0.38986972377614426,0.39013028418802426,1.2093130152068823,0.9508229762636555,0.15789610940603224,0.9671162647151198,-0.0034821205975621946,-0.011091622025718242,-0.25406885145656277,-0.07118309865723482,0.01092872684389512,0.5516586363259995,-0.000672912331415676,-0.0018841598096566489,-0.00032863773685057297,0.4163493888093137,0.360761625443367,0.3991416014609067,0.3978714971104816
10,0.08333333333333333,0.9999991007431729,0.9999999999995957,0.5,0.9999999985145908,1.0907046491017707e-10,-5.4505215265379755e-05,4.2869547462494885e-15,-3.432643563721073e-05,-3.0868281598507846e-11,0.0,1.53324025124774e-08,-0.0026124389091798732,2.4563241244770275e-13,0.39013006588945354,0.38986993147658144,0.3898699387474916,0.39013007315542747,1.2091022552739707,0.9508449215977202,0.16137630879179796,0.9669969274679471,-0.003893670277837415,-0.013017584934326731,-0.25442547844466235,-0.06856716160752452,0.007014963084817083,0.5581773618146685,-0.0014274636705959782,-0.0016833992960411206,-0.0005686563702622161,0.41071130888741714,0.3566499007881269,0.395484670503587,0.39261214693260327
11,0.09166666666666666,0.9999987248578309,0.999999999999187,0.5,0.9999999978265166,1.8777100291612567e-10,-6.593153104499872e-05,8.628708065925462e-15,-4.510624103336479e-05,-5.751687003105511e-11,0.0,2.3983838290006985e-08,-0.0028719577304422072,4.138107184442427e-13,0.39012983012313196,0.38987016628650883,0.38987017666192963,0.3901298404909661,1.2088362442421716,0.9508608667721556,0.16486287987762,0.9668872624491979,-0.0035428181454472446,-0.014779630761935425,-0.2547509228003406,-0.05058408841749351,0.002158881963498782,0.5827269379865219,0.00021585219323601561,-0.0018052458824523916,-0.00033812201303445806,0.4084027011815265,0.3556889966087161,0.39419983946532317,0.38989911341539285
12,0.1,0.9999982421004455,0.9999999999984549,0.5,0.9999999969237248,3.089357835358881e-10,-7.843819629952786e-05,1.6418884020827963e-14,-5.7930886246710157e-05,-1.018366791241399e-10,0.0,3.616752416303905e-08,-0.0031309844482089633,6.687214579776073e-13,0.3901295719930019,0.3898704232264187,0.3898704376106123,0.39012958636592526,1.208307216059321,0.9508551403871512,0.16830613659505012,0.966781917390369,-0.003712016172139801,-0.016429554472706505,-0.25504708365862144,-0.10562263764926083,-0.011080378633188115,0.5797565484158856,-0.001197171953680227,-0.0011452111126035575,-0.000360921185368153,0.4045485306423476,0.350104169646167,0.38853148081713335,0.38592939096265444
13,0.10833333333333334,0.9999976339616283,0.9999999999972009,0.5,0.9999999957658775,4.891670366678781e-10,-9.202306803203868e-05,2.978173875021696e-14,-7.297665806109777e-05,-1.7266557320860198e-10,0.0,5.2868313527056495e-08,-0.003389474677142468,1.0429242086146218e-12,0.39012929152606873,0.3898707022353417,0.3898707216925251,0.39012931096698983,1.2079944101485556,0.9508361375483683,0.171985969524131,0.9666705774220994,-0.0028494053897114373,-0.018041689548635158,-0.2553710497953531,-0.06564988908244196,-0.00037366791937332167,0.5892812028252453,-0.0017115358820669615,-0.0014105534797195546,-0.0005849743170100247,0.4029004736832989,0.35796442798488015,0.38911074390460976,0.3770145573174007
14,0.11666666666666667,0.999996880466106,0.9999999999951342,0.5,0.9999999943092814,7.495050610965967e-10,-0.00010668381848805475,5.183562846170569e-14,-9.041946268174272e-05,-2.8206657851518325e-10,0.0,7.523789916831645e-08,-0.003647384123394566,1.5773392890097624e-12,0.390128988752126,0.3898710032475027,0.38987102901435666,0.3901290144960994,1.2048790859756358,0.9509533702171239,0.19515329944518306,0.9658394697556472,-0.004097056324367833,-0.02820243828526103,-0.2575693212833615,-0.09657721315330381,0.02220283410002688,0.6061594785469165,0.0001366898529710491,-0.0015385239947826672,-0.0004365876763413175,0.4006177158399073,0.35167072521949155,0.38717499382434395,0.37880472317436364
15,0.125,0.9999959601761427,0.9999999999918399,0.5,0.9999999925069244,1.116149526330207e-09,-0.00012241793555228448,8.703401206671477e-14,-0.00011043479559458313,-4.461371219225907e-10,0.0,1.0460727002570511e-07,-0.0039046685921607293,2.3225382208374596e-12,0.3901286637037808,0.38987132619235887,0.3898713596903605,0.3901286971702925,1.2042469349419158,0.9509629065512921,0.19918675076583064,0.9656365087078845,-0.0047485878198715095,-0.030216373928161063,-0.2580902065379439,-0.10763848371879714,0.0021818080819691055,0.6381847109874633,-0.0001868576469604054,-0.0019668221899113835,-0.0006113370253031737,0.38315664698098184,0.3521703404204187,0.38684554912444535,0.36006580216898104
16,0.13333333333333333,0.9999948501952136,0.9999999999867397,0.5,0.9999999903085166,1.6212323052221007e-09,-0.0001392227231767786,1.4158688049456514e-13,-0.00013319771149600384,-6.859422122134638e-10,0.0,1.4249898270091545e-07,-0.004161283995216885,3.3401140861499313e-12,0.39012831641647494,0.3898716709946396,0.38987171384220637,0.3901283592215376,1.2035843930288632,0.9511032609373905,0.20322793725017585,0.9655127611887858,-0.004630447047570155,-0.03179948873097528,-0.25836497335783554,-0.10271236007612927,0.0020672660307252677,0.6117649875469977,-0.00019435895316136003,-0.0014181599483546051,-0.0002991237154003523,0.3781107225799904,0.3491108694821956,0.3802267979643912,0.3514203671936405
17,0.14166666666666666,0.9999935261719277,0.9999999999790448,0.5,0.9999999876605331,2.3036410383339613e-09,-0.00015709530184043917,2.2397403232302744e-13,-0.00015888279429807328,-1.0285798939472154e-09,0.0,1.906392347584481e-07,-0.004417186358437341,4.7041282795030645e-12,0.3901279469285121,0.38987203757439126,0.38987209159882075,0.3901280008965538,1.2025917358552682,0.9511562899377182,0.20946938333314277,0.9653036901100082,-0.003716272725198148,-0.03412824410755332,-0.25886335803116023,-0.1311625325098431,0.029576985272417033,0.6457412476282481,-0.00014728148777848685,-0.0019102644965238622,-0.0003934867827780559,0.3810486645734039,0.3532421289255905,0.3842201572662,0.35418447919536655
18,0.15,0.999991962304201,0.9999999999676977,0.5,0.9999999845062602,3.2098925773136258e-09,-0.0001760326090397969,3.4556225198351083e-13,-0.00018766412721442756,-1.5083871669932826e-09,0.0,2.509697270114065e-07,-0.0046723318292920864,6.502629945312941e-12,0.3901275552810825,0.3898724258470227,0.3898724930962182,0.39012762245661886,1.201886957074969,0.951220535247947,0.21367981065940894,0.9651670829020074,-0.0031404871237325194,-0.03556283474865998,-0.2591870448299735,-0.12635261188831404,0.010023028656080957,0.6537343236439896,-0.0007046640373571078,-0.001124829243761685,-0.00026203445571167404,0.3689203962560464,0.34996949088260687,0.38127692614483333,0.34222664277923587
19,0.15833333333333333,0.9999901313436765,0.9999999999513048,0.5,0.9999999807858451,4.395055401541407e-09,-0.00019603139981096973,5.213390525058489e-13,-0.00021971526293192132,-2.1682944190086596e-09,0.0,3.256593021535796e-07,-0.004926676684322204,8.839244188898779e-12,0.3901271415182912,0.3898728357233545,0.38987291847732286,0.39012722417736734,1.2010189127972468,0.9513659644676052,0.21791645011560742,0.9650189361615613,-0.0029826291277412777,-0.0373379325215969,-0.259490723472165,0.13385792322992973,0.07265926172135284,1.2408470859790577,0.010062938277066325,-0.008960374042268699,0.0007055835607076767,0.3689967720733436,0.3488036939061368,0.37674289707884107,0.33892202670456156
20,0.16666666666666666,0.9999880046003942,0.9999999999280552,0.5,0.9999999764363462,5.923720049984924e-09,-0.00021708824728270814,7.707762178772834e-13,-0.0002552091938731466,-3.0613362638037565e-09,0.0,4.171153472727619e-07,-0.0051801773365912985,1.1834824954912892e-11,0.39012670568718527,0.38987326710967113,0.3898733678917802,0.39012680634857555,1.1987622359342753,0.951682732960986,0.2338952401666146,0.9644089705394395,0.00038640064294829043,-0.04412863393527214,-0.26070644776186186,-0.11014387903860445,0.03451325321395249,0.736542523400005,0.001927691656408371,-0.002161505083408271,-6.4685570957046544e-06,0.2757728847491859,0.21656813567931144,0.27752710143585535,0.2788865621993789
21,0.175,0.9999855519477062,0.9999999998956269,0.5,0.9999999713917889,7.871016558636223e-09,-0.00023919954326042387,1.1188369189796383e-12,-0.0002943183225549061,-4.252326515741369e-09,0.0,5.27994947964536e-07,-0.005432790343111398,1.56291682797309e-11,0.3901262478377836,0.3898737199077757,0.38987384149575915,0.39012636927393735,1.1978314152526892,0.9517588440812903,0.23770042187258614,0.9642765176942054,-0.001578980277112993,-0.04554338579103466,-0.26094847049850706,-0.15145453504059603,-0.016875885008627023,0.5358035961830293,-0.0040503676905587795,-0.0005583998271696488,-0.0003882869125730534,0.3468234602940329,0.3348570488830929,0.36030676556934255,0.3137587525170644
22,0.18333333333333332,0.9999827418274391,0.9999999998510778,0.5,0.9999999655832212,1.0323677843126569e-08,-0.000262361498841094,1.5971406801782387e-12,-0.0003372144320477052,-5.819704859182402e-09,0.0,6.612157819597017e-07,-0.005684472412241648,2.038278144522621e-11,0.39012576802310656,0.3898741940150467,0.3898743394517443,0.3901259132708276,1.1968779313449385,0.9521162263766808,0.2422461541539738,0.9641031310236422,-0.0009096309364789255,-0.04650590072596249,-0.26142212324062497,-0.1224820352188738,0.05878678725879105,0.7166463199118012,0.0012087035516461996,-0.0016465276078647363,-7.767692658902403e-05,0.38124692009573197,0.37384084384858374,0.39111341326634574,0.34002809509147214
23,0.19166666666666665,0.9999795412553011,0.9999999997907199,0.5,0.999999958938775,1.3381147916163865e-08,-0.0002865701450589231,2.2453009394727642e-12,-0.0003840686565413099,-7.857562592662927e-09,0.0,8.199667403820303e-07,-0.0059351804110578535,2.6278703390536207e-11,0.3901252662992066,0.38987468932449865,0.3898748619283208,0.3901254386700545,1.1957937005608217,0.9521336460355717,0.24628622514654028,0.963871647474864,-0.003097773289195739,-0.0475511453181133,-0.26207010431118627,-0.13055691957597482,0.039963867551995325,0.7179112995251258,0.0011605930487542148,-0.0021502089555604487,-8.293341117399444e-05,0.34254334867014763,0.3366718833374266,0.3675245186114885,0.3150414771845852
24,0.2,0.9999759158265341,0.9999999997099763,0.5,0.9999999513837267,1.7156733780354626e-08,-0.0003118213335616396,3.112450372260249e-12,-0.00043505145202139427,-1.047785464010075e-08,0.0,1.007718264965923e-06,-0.006184871372690896,3.3524371576259484e-11,0.3901247427252,0.3898752057248451,0.38987540909994894,0.39012494581560353,1.1948344039089207,0.9523664136177037,0.25089601861325933,0.9636979297960442,-0.0026459428525182397,-0.048773726792196305,-0.26248890008539444,-0.15177183576535747,0.01836504280936513,0.617749242527249,0.0006423699756724347,-0.0010883853843165398,-0.00017624998870579376,0.34150033451651807,0.33662368844794355,0.36615155526028914,0.3124741304588477
25,0.20833333333333334,0.9999718297218084,0.9999999996032177,0.5,0.9999999428405628,2.177879978879573e-08,-0.00033811073731729275,4.25896953585225e-12,-0.0004903325670622791,-1.3812804826032764e-08,0.0,1.228232389785694e-06,-0.006433502503632267,4.235353034234268e-11,0.3901241973632983,0.38987574310056344,0.38987598114673033,0.39012443506436756,1.19050737887726,0.9531182591813929,0.26709337063465854,0.9632292245981886,-0.0004070507518024434,-0.051472902642123654,-0.2637040680066432,-0.14748294233781767,0.05890916305185678,0.6852161090245334,0.0029771939548178697,-0.0011947042125125425,4.4610034188246053e-05,0.35817008841455356,0.35680624693336055,0.37996059158470813,0.32255010220411956
26,0.21666666666666667,0.9999672457133603,0.9999999994635783,0.5,0.9999999332290476,2.7392003218588885e-08,-0.00036543385135141127,5.758434737655041e-12,-0.0005500810137407399,-1.80175112088302e-08,0.0,1.4855724762794333e-06,-0.006681031191004737,5.3028175656999275e-11,0.39012363027884184,0.38987630133196405,0.38987657825416555,0.39012390678586956,1.189364220352131,0.953286880880816,0.27124050867240446,0.9631009732113567,-0.0007407583924481544,-0.051868230202619756,-0.264094023733953,-0.17894248652818856,0.0315844058332293,0.587643335454191,-2.5901458909264825e-05,-0.0005582798245221933,-0.0005684927822804585,0.33812671513999987,0.34194833057954555,0.36871676237192336,0.3060018806364754
27,0.225,0.9999621251713707,0.9999999992827486,0.5,0.9999999224662921,3.415856975618053e-08,-0.0003937859935143739,7.699801333164039e-12,-0.000614465038675835,-2.3272758055186663e-08,0.0,1.7841126305905468e-06,-0.006927415009795891,6.58405310196542e-11,0.390123041540332,0.3898768802952598,0.38987720061290443,0.39012336136197256,1.1881037795838525,0.9535225473397513,0.27533612171281147,0.9630083594722378,-0.0008155645191383527,-0.05190462637132605,-0.2644241747691715,-0.18087049931774235,0.01679342351968982,0.579622636032795,-0.0008571503256210492,-0.00018417851621383246,-0.0004916348267989747,0.35435962032613344,0.3620243396615785,0.3821067855131195,0.3152334280284515
28,0.23333333333333334,0.9999564280705852,0.9999999990507434,0.5,0.9999999104668268,4.225960754819842e-08,-0.0004231623052788344,1.0189838919521672e-11,-0.0006836520941996812,-2.9788040821089166e-08,0.0,2.128546792498964e-06,-0.007172611730052579,8.1115049156389e-11,0.39012243121946555,0.38987747986264176,0.3898778484184869,0.3901227991865818,1.186875353810098,0.9537770223334974,0.2793207377705722,0.9628935613616363,-0.0012124744675564279,-0.0519547095872741,-0.26483056384351195,-0.17826295958207616,0.018627996223175014,0.598801529026155,-0.0015738337579112715,-0.0003136826734032556,-0.0006982457290158344,0.35606327138134775,0.36315273861079733,0.3808614957710623,0.3145490751156112
29,0.24166666666666667,0.9999501129971703,0.9999999987556435,0.5,0.999999897142676,5.189645842727959e-08,-0.0004535577525670343,1.3355835105303725e-11,-0.0007578088096640704,-3.780481027913603e-08,0.0,2.523897485471474e-06,-0.007416579324034226,9.921043403194731e-11,0.3901217993911671,0.38987809990235345,0.3898785218710773,0.3901222206653358,1.1855693238151401,0.9540986736287328,0.28345530072497277,0.9627730113294737,-0.0018264276479394422,-0.052000844992825285,-0.2652559234732681,-0.20189055434085557,0.054409489575435455,0.6335063742644864,-0.0003818445404875157,0.00010635323150279873,-0.0005654867249432552,0.3514171310642119,0.3584164440248089,0.3770884871198175,0.31080956533124526
30,0.25,0.9999431371558115,0.9999999983833084,0.5,0.9999998824034341,6.329208487929803e-08,-0.0004849671266078289,1.7348584706478983e-11,-0.0008371009628877969,-4.759994169963536e-08,0.0,2.97552421762647e-06,-0.007659275973322578,1.2052167759822603e-10,0.3901211461336255,0.38987874027877006,0.3898792211751905,0.39012162621528695,1.1842571481177937,0.9534561936830214,0.28775001004790324,0.9620780669822231,-0.005180985374214438,-0.05392515431429034,-0.26734065937391854,-0.2159544806342062,0.06997559421666466,0.5722755748311714,0.0009714502809202995,0.0006635966069637552,-0.0002262588251466678,0.338579395022889,0.35258494027379217,0.3752123422665047,0.3019807643252554
31,0.2583333333333333,0.9999354563770452,0.9999999979170604,0.5,0.9999998661563458,7.6692491276439e-08,-0.0005173850448232415,2.23456813412629e-11,-0.0009216934517495302,-5.948943475358568e-08,0.0,3.489131523682423e-06,-0.007900660075885751,1.454821056056674e-10,0.3901204715283262,0.38987940085248096,0.3898799465394112,0.39012101626457535,1.1785957424265288,0.9552940122705695,0.30256518354666856,0.9621654439512414,-0.0019244705001258107,-0.0507027595631259,-0.2676998039821635,-0.21668339379417034,0.03475716209747626,0.5504820033887081,0.0007526384990804201,0.0003973562787765782,-0.00030448014876526685,0.34197912104131,0.36283609589112736,0.38926577260389117,0.3087825938418451
32,0.26666666666666666,0.9999270251248266,0.9999999973373338,0.5,0.999999848306386,9.236817785976312e-08,-0.0005508059517443499,2.8555128472078242e-11,-0.001011750265931033,-7.383234955959505e-08,0.0,4.070776638241399e-06,-0.008140690253094123,1.745654267211043e-10,0.3901197756600862,0.3898800814803717,0.38988069817610566,0.3901203912520903,1.1770768703281635,0.9554402707700357,0.3059646052656744,0.9620726345605719,-0.0027101633553602475,-0.04983450913181713,-0.2681891544113192,-0.22028754170602127,0.22470099688304268,0.47275058648934,0.004849883638892193,0.0018537689006691285,0.0018501226119314999,0.348857869381375,0.3635110429808164,0.3820468510642567,0.30731493914749153
33,0.275,0.9999177965043331,0.9999999966212927,0.5,0.999999828756344,1.1061562591529248e-07,-0.0005852241199563036,3.621928697035385e-11,-0.001107434458815496,-9.103498404423034e-08,0.0,4.726876791048739e-06,-0.00837932535668572,2.0828777912373816e-10,0.39011905861708945,0.38988078201571247,0.3898814763011273,0.39011975162712553,1.1756823138802082,0.9561746973121817,0.3097114436374069,0.962237409289196,-0.00039657822434075335,-0.048159612543957654,-0.2679172682186502,-0.21977237699346563,0.15604007427312272,0.46786296454185416,0.0025675585734011635,0.0020863468750370916,0.0010317896031188062,0.33539759343617354,0.3695891547577824,0.4170230364482161,0.32422876368092646
34,0.2833333333333333,0.999907722269999,0.9999999957424103,0.5,0.9999998074069084,1.317588125492614e-07,-0.0006206336510722545,4.561917625883693e-11,-0.0012089081195457202,-1.1155529752640236e-07,0.0,5.4642161151673155e-06,-0.008616524475679205,2.472097686902807e-10,0.39011832049091943,0.38988150230824536,0.389882281133515,0.3901190978490223,1.1733176083420644,0.9567197448225485,0.3145010291779252,0.962170519507067,-0.0009026493707823984,-0.046069077770783104,-0.26852321443213045,-0.21282828254987063,0.04934415867351438,0.5199279996192185,0.0004067824466517933,0.0008898884197725992,-0.0003463637980381987,0.3460747090087313,0.37047892228994356,0.4067419889578997,0.32244602210496337
35,0.2916666666666667,0.9998967528337827,0.9999999946700113,0.5,0.9999997841567548,1.5615075343104065e-07,-0.0006570284767359816,5.707914601596001e-11,-0.0013163323452468347,-1.3590758517139035e-07,0.0,6.289952159309583e-06,-0.00885224694323073,2.9193849283050186e-10,0.39011756137659526,0.38988224220427736,0.3898831128951868,0.390118430386808,1.1718005013735653,0.9571079935318085,0.3178398180987991,0.962120544751681,-0.0011581019796386737,-0.04476699501601696,-0.26892123814189445,-0.197766563473456,0.018480356979710955,0.5070959580317613,-0.0011352107818245875,0.001027031200738918,6.861794795826389e-05,0.35068506603930616,0.3622757280741745,0.3839344003724005,0.31195364000477066
36,0.3,0.999884837273663,0.9999999933687732,0.5,0.9999997589026354,1.8417507183639486e-07,-0.000694402359652967,7.097193530717417e-11,-0.0014298672134182143,-1.6466740768919902e-07,0.0,7.211621995882371e-06,-0.009086452343433382,3.4312954399653456e-10,0.39011678137260397,0.38988300154677263,0.38988397181062556,0.3901177497188221,1.17031154194528,0.9575315363537926,0.3216987311255602,0.9621272502677967,5.604210304407167e-05,-0.04346240391318306,-0.26911367597634017,-0.2561840306197549,0.06314668724226591,0.49327352161633864,0.0010697721073471666,0.0017963721018329974,-0.00032920026119109293,0.3570353672094254,0.36267744578385924,0.38089296800866523,0.31512867458154004
37,0.30833333333333335,0.9998719233423651,0.9999999917981849,0.5,0.9999997315394693,2.1624759228919557e-07,-0.0007327488946496871,8.772413583872183e-11,-0.0015496717544991982,-1.9847678037533696e-07,0.0,8.237147916618023e-06,-0.009319100518055935,4.0148898686256957e-10,0.3901159805809362,0.38988378017545067,0.3898848581065609,0.3901170563323381,1.1646101812525753,0.9588225888844362,0.333359970149379,0.9620146713232687,0.0009431626421095886,-0.03734969793026507,-0.27042907141713113,-0.2687085898113839,0.06009802359859817,0.5139336191906041,0.0011727941673752406,0.0016661663579783579,-0.0002559576303893161,0.35137081052278946,0.369099472461034,0.38739985785464803,0.3096647904255063
38,0.31666666666666665,0.9998579574763132,0.9999999899119607,0.5,0.9999997019604362,2.528179570665191e-07,-0.0007720615097608516,1.0782207580984891e-10,-0.0016759039246131873,-2.3804962531002415e-07,0.0,9.374842707991087e-06,-0.00955015157321847,4.677753031563136e-10,0.3901151591071165,0.38988457792688325,0.3898857720116445,0.390116350723174,1.1618817367202436,0.9593908494029737,0.3376878599069422,0.9619176249811828,0.0013399557956763094,-0.034112069760954544,-0.27119928828381923,-0.2652022553514044,0.07775277867210217,0.4816617498486053,0.001861575133159737,0.0018677803165089851,-0.00024763857955179116,0.34702943503043643,0.3608918647004481,0.37848438717846666,0.30419729052433503
39,0.325,0.9998428848048085,0.9999999876574076,0.5,0.9999996700570711,2.9437126380023526e-07,-0.0008123334673443353,1.318181405698239e-10,-0.0018087205784946409,-2.8417749024450527e-07,0.0,1.0633414498951246e-05,-0.009779565886002307,5.428012981204958e-10,0.3901143170602394,0.3898853946345963,0.3898867137561209,0.39011563339529676,1.1601329057013947,0.9598169129320753,0.3408004147572908,0.9618911612423353,0.0023953867916942585,-0.032180219890684224,-0.27152180298049194,-0.2629177308181241,0.06615148360489265,0.45101542958325136,0.001453973880454784,0.0016147358837527938,-0.0004210309519000006,0.35052627843909206,0.3628730259455629,0.38362238954021427,0.31084975748985316
40,0.3333333333333333,0.9998266491594313,0.999999984974743,0.5,0.9999996357193608,3.4142972237775986e-07,-0.0008535578652235117,1.6033754596631194e-10,-0.0019482774426034485,-3.377355374107818e-07,0.0,1.2021971173841349e-05,-0.010007304110990939,6.274359625906356e-10,0.3901134545529999,0.3898862301291735,0.38988768357149356,0.3901149048604202,1.158449362294307,0.9601980831722298,0.3438478512043637,0.961858738879176,0.0033957829923910825,-0.030215055562865765,-0.27185158729895753,-0.26987874700292735,0.054295825497385763,0.4817692685945285,0.000769983213492979,0.001734102108657026,-0.0002821422761874186,0.35773327578525277,0.3667253810298144,0.3853139728194918,0.31565519676110915
41,0.3416666666666667,0.9998091930836662,0.9999999817963602,0.5,0.9999995988358411,3.9455432931564024e-07,-0.0008957276378567056,1.9408557990171198e-10,-0.0020947290884311106,-3.996888051939286e-07,0.0,1.3550024343713025e-05,-0.010233327186740117,7.226062846957106e-10,0.39011257170172414,0.38988708423836094,0.3898886816901869,0.3901141656375944,1.1566901198104176,0.9605723201376053,0.34688776741012034,0.961816070628903,0.003796795951195018,-0.02833907964729764,-0.2721990580167877,-0.27646085785009156,0.05745337139433371,0.4581976410401034,0.0005180571370794802,0.0019456795563273393,-0.0005209939145252247,0.35439612854095337,0.36132178676353977,0.37689698114917475,0.3092493404336612
42,0.35,0.9997904578427472,0.9999999780460419,0.5,0.9999995592936977,4.543465577520746e-07,-0.0009388355575334614,2.338553271941743e-10,-0.0022482289060031012,-4.7109874530443876e-07,0.0,1.5227492869602234e-05,-0.01045759634217336,8.292990052196698e-10,0.39011166862640234,0.38988795678717547,0.38988970834520287,0.39011341625278756,1.1548757138360235,0.9610016951793916,0.34995385734072687,0.9617267531937863,0.003967174742868212,-0.026132939631251843,-0.27273243881527354,-0.2749026495346474,0.06473978581509332,0.4425072616198067,0.0007938057295308106,0.0021352466704946367,-0.0005304714695920837,0.35770294222930415,0.3643308398185446,0.3797558465251513,0.31237773015886366
43,0.35833333333333334,0.9997703834337225,0.9999999736381159,0.5,0.9999995169788659,5.214500611783749e-07,-0.0009828742355973091,2.805358923704362e-10,-0.0024089290775817424,-5.53130037782014e-07,0.0,1.706470593168165e-05,-0.01068007310290084,9.485623107057174e-10,0.3901107454507184,0.3898888475980146,0.38989076376977516,0.39011265723846444,1.1530333190190218,0.961454010580218,0.35293702866117804,0.9616739417987467,0.004361341987998703,-0.023842306256699412,-0.2731222305007161,-0.2729025737482571,0.049538573022867016,0.44437109227561944,0.0009962637962670294,0.0016828261488139595,-0.0001800894912689624,0.3594958746677953,0.3646616463666692,0.381670147386621,0.3156743392763491
44,0.36666666666666664,0.9997489085957364,0.9999999684765528,0.5,0.999999471776134,5.965523890047717e-07,-0.0010278361236947106,3.3512113449871037e-10,-0.0025769805515738573,-6.470576858521e-07,0.0,1.907240563856672e-05,-0.010900719297457975,1.0815074584404785e-09,0.3901098023020767,0.3898897564907679,0.38989184819701916,0.39011188913315437,1.1512407393432502,0.9617951176133673,0.3558738330784425,0.9616218207532377,0.00446271563815487,-0.021759564519196667,-0.2734777493184701,-0.2807655178033164,0.07428081391387398,0.436687134278152,0.001983913941509011,0.0018460941067518812,-0.00012208447692124764,0.36146216196973996,0.3627444638200748,0.37773737715052724,0.31550016271753617
45,0.375,0.9997259708205276,0.9999999624540037,0.5,0.9999994235692462,6.803867120328675e-07,-0.0010737135150498368,3.987189276020928e-10,-0.00275253301664742,-7.542743923425241e-07,0.0,2.1261749171417836e-05,-0.01111949706346149,1.2293103275217501e-09,0.3901088393116335,0.3898906832829322,0.38989296185957856,0.3901111124810166,1.1494317788701534,0.9622323468904349,0.35873374832684185,0.9615357170204283,0.005090021025639084,-0.019366393541791285,-0.27394908173080995,-0.2682159123221117,0.05006093532448075,0.43638668085234644,0.0013629983242793074,0.0019115533938774748,-0.00034989992188567054,0.35940068621032695,0.36253177935061,0.38072480559480476,0.3167486003548641
46,0.3833333333333333,0.9997015063631403,0.9999999554507734,0.5,0.9999993722410081,7.737335558854807e-07,-0.001120498545764839,4.725609595768829e-10,-0.002935734876061361,-8.762982190500633e-07,0.0,2.364431045784956e-05,-0.011336368853679587,1.3932128902923652e-09,0.39010785661432135,0.3898916277897265,0.38989410498927074,0.3901103278313982,1.1475653573596236,0.9626541705571641,0.36156825303455353,0.9614828183274241,0.006104486575733988,-0.017138320160696604,-0.27426228921758417,-0.2634671671019273,0.058797170388780184,0.3916515568776979,0.001415936353535639,0.00208870321997338,-0.00041198730330710355,0.3634346371022285,0.35981571964939146,0.37567642487643693,0.31811240882170205
47,0.39166666666666666,0.9996754502528479,0.9999999473337294,0.5,0.9999993176733925,8.774225404245996e-07,-0.0011681831961452384,5.58013081876481e-10,-0.0031267332222126164,-1.014780530125913e-06,0.0,2.6232081371032005e-05,-0.011551297442013175,1.5745245985128813e-09,0.3901068543488769,0.3898925898242105,0.389895277816726,0.39010953573838614,1.1457212331807345,0.9630498785928593,0.36434893092434084,0.9614195044703304,0.006891305076454066,-0.014827244109526327,-0.27460007132279507,-0.28711126418594635,0.057414095822472255,0.3643351531762318,0.0008948582709218819,0.0018523914577742097,-0.00033138942781394445,0.3706731979836395,0.3650356518088617,0.3819632340996134,0.32646219223348516
48,0.4,0.9996477363042878,0.9999999379551424,0.5,0.9999992597476461,9.923341231697232e-07,-0.0012167592920500684,6.565862215109035e-10,-0.0033256738114044618,-1.1715142202250908e-06,0.0,2.9037472449747804e-05,-0.011764245929386404,1.7746236787475084e-09,0.3901058326578652,0.3898935691974046,0.389896480571029,0.3901087367603567,1.1434972243318846,0.963447548516392,0.36600877718100205,0.9614430149528624,0.005536714823125622,-0.011372338490485474,-0.27471320263972615,-0.29333173054295614,0.06174811453205642,0.3601722732909096,-0.0002628789495563705,0.0019408655015619417,-0.0004754071251565572,0.3751587264695693,0.370821778652113,0.38500661759824784,0.32811677069910844
49,0.4083333333333333,0.999618297128803,0.9999999271514564,0.5,0.9999991983443993,1.1194013447119948e-06,-0.0012662185062663844,7.699478661552742e-10,-0.0035327010388401,-1.3484422278380587e-06,0.0,3.207331313554798e-05,-0.011975177749541195,1.994958331549698e-09,0.39010479168770246,0.3898945657184109,0.3898977134793541,0.3901079314595163,1.1415262106140927,0.9638875158367547,0.3686827439151847,0.9613471689579706,0.005988668172422018,-0.0092402054125909,-0.27511883831164485,-0.3008471266809698,0.03143096510986876,0.367531487906958,0.00024064376851309007,0.0018654173648253657,-0.0005275206145360448,0.37483806151111426,0.3692451688862348,0.3858324099959048,0.33020707257118154
50,0.4166666666666667,0.9995870641459913,0.9999999147419866,0.5,0.999999133343773,1.2596115741042543e-06,-0.0013165523599077266,8.999341323588518e-10,-0.003747957913845401,-1.5476663338935323e-06,0.0,3.535285152353705e-05,-0.012184056674734609,2.237047829157985e-09,0.39010373158867884,0.3898955791945376,0.3898989767666032,0.3901071204014412,1.1396365027070814,0.9643237423058989,0.3713224476110941,0.9612458481807588,0.006487765950207481,-0.006930987120581619,-0.27552910856343904,-0.28948162681012857,0.047603933973039414,0.3414556015118031,0.0004907538571009539,0.0020431529754196304,-0.00034408071311465476,0.3775899241470066,0.36815546950390504,0.37940982864516837,0.32737260819578057
51,0.425,0.9995539675954587,0.9999999005275421,0.5,0.9999990646254899,1.4140082521934968e-06,-0.0013677522238361415,1.0485624260002802e-09,-0.003971586035324635,-1.7714562453898404e-06,0.0,3.8889753623703976e-05,-0.012390846821335967,2.5024835065498197e-09,0.390102652514979,0.3898966094314233,0.38990027065503835,0.3901063041546109,1.1377805758322008,0.964697639305526,0.37398708786711904,0.9611236119673454,0.007096920228482627,-0.004793683359591328,-0.2759856098458073,-0.2977730551302571,0.053491088694690436,0.3638991083856069,0.0011775466405724434,0.0018110082180904311,-0.00048606632240456025,0.38066262432405107,0.36896195291470263,0.3836754438273407,0.33401038566955
52,0.43333333333333335,0.9995189365487752,0.9999998842889712,0.5,0.9999989920689851,1.5836926308501593e-06,-0.0014198093201073262,1.2180447032459143e-09,-0.004203725567452954,-2.0222589634785596e-06,0.0,4.26981021301074e-05,-0.012595512655319295,2.7929296408415477e-09,0.3901015546247013,0.3898976562331637,0.38990159536391616,0.39010548328993877,1.130991583427551,0.9660182785960107,0.38284642559607956,0.9607484632376282,0.008365090844123613,0.002714842952881443,-0.27728152709736453,-0.040190558439689994,-0.24162761413973888,-0.1568511766030234,-0.020235764136292227,0.0023385235889065697,-0.004850514857807617,0.3764949094651016,0.36452174090842526,0.3791643997415928,0.32962816623153257
53,0.44166666666666665,0.9994818989216315,0.9999998657856273,0.5,0.9999989155535175,1.7698255060382848e-06,-0.0014727147234384588,1.4108013393374905e-09,-0.004444515215609331,-2.302708435088744e-06,0.0,4.679239469561645e-05,-0.012798018997650635,3.110124214187712e-09,0.3901004380798755,0.38989871940244064,0.38990295110912027,0.3901046583802987,1.1203419462273527,0.9678306854832777,0.39572818979779056,0.9601050501020493,0.00998740568780319,0.013285310560804085,-0.27914520418497557,-0.5405936321843496,0.3528200778600943,0.8159898503109608,0.021288022720605582,0.000773446028677209,0.004252357761360462,0.5084663624963943,0.4192172838588765,0.4164282327841393,0.44195803325255484
54,0.45,0.9994427814861939,0.9999998447537519,0.5,0.9999988349582807,1.973628942661826e-06,-0.0015264593626982755,1.6294756115644212e-09,-0.0046940922025535525,-2.6156354868431647e-06,0.0,5.118754171030425e-05,-0.012998331029563473,3.455879555489725e-09,0.3900993030464792,0.38989979874065084,0.38990433810279423,0.3901038300000476,1.1184651828299268,0.9681894068008925,0.3979167234524143,0.9599723717193747,0.010380057442255673,0.015075502472633048,-0.2794960271062396,-0.2772953950742174,0.051998439814959774,0.34048109037096985,0.0012516661841887626,0.0015272891900749166,-0.00033009803326223316,0.2645415358901083,0.29522454514820096,0.32487005719208684,0.234433273463796
55,0.4583333333333333,0.9994015098836555,0.9999998209047742,0.5,0.9999987501625169,2.196387989115274e-06,-0.001581034022418907,1.8769488017659204e-09,-0.0049525922448508146,-2.964078039679849e-06,0.0,5.589886358198963e-05,-0.013196414297722857,3.832082856407879e-09,0.3900981496944515,0.3899008940480379,0.3899057565529744,0.39010299872454735,1.1173414144367089,0.9675363995884955,0.39853624794800085,0.959275167313497,0.0009591258815342382,0.014345722584380764,-0.28210713159496276,-0.042255771361365824,-0.23865365797833826,-0.15233199448466683,-0.019503080896710087,0.0020307897566947007,-0.004595757019995715,0.38434966359982436,0.34765347079824027,0.3661527277079608,0.3397745763150421
56,0.4666666666666667,0.9993580086369822,0.9999997939235237,0.5,0.9999986610456287,2.4394523794613325e-06,-0.0016364293443290343,2.1563559226605357e-09,-0.005220149529547405,-3.3512916022531216e-06,0.0,6.0942087517819984e-05,-0.01339223471927418,4.24069655735746e-09,0.3900969781977064,0.38990200512382306,0.3899072066632215,0.39010216512968154,1.113519944489774,0.9681615910658354,0.40288569122998047,0.9590598626031434,0.00043633595559173735,0.017451222904048137,-0.2826648976681167,-0.28188784631044683,0.03681555621486421,0.34447390678425394,0.0012221425748437636,0.0014833430574044946,-0.0003984473491480616,0.50109180275021,0.40364554320641466,0.41100981953987675,0.44415799544228685
57,0.475,0.9993122011638508,0.9999997634663526,0.5,0.9999985674872928,2.70423822115459e-06,-0.0016926358289078422,2.4711020712170443e-09,-0.0054968966911008105,-3.7807600408485557e-06,0.0,6.633334380619069e-05,-0.013585758586772112,4.683758599359997e-09,0.3900957887341427,0.38990313176634106,0.3899086886322552,0.39010132979137163,1.1115675654568486,0.9683614334429667,0.405066821127839,0.9588752224810162,0.0003135457356319154,0.01882255711171112,-0.28320296740117334,-0.2875348622828122,0.038744810864199675,0.32702346890349787,0.00014080356246496986,0.0008274616329729683,-0.0002497759992386329,0.3802110733321501,0.3433972900382207,0.3648127283543448,0.33921827676633076
58,0.48333333333333334,0.9992640097897767,0.9999997291591686,0.5,0.9999984693675739,2.992229666228045e-06,-0.0017496438369592998,2.824879411162637e-09,-0.005782964788567593,-4.2562066232061e-06,0.0,7.208916159869602e-05,-0.013776952572989188,5.163382537835191e-09,0.3900945814856549,0.3899042737731726,0.38991020265358894,0.39010049328509105,1.1096432813684487,0.9687379386836616,0.4071365501668813,0.958764108790741,0.0004163719945399731,0.02021729497716053,-0.28348275311359755,-0.29376040348849664,0.02556824621834375,0.29864599967842076,9.423275930093264e-05,0.0011017216316457387,-0.000559191194178674,0.38057736376837553,0.3476700653445214,0.3725726197811016,0.3424421084473384
59,0.49166666666666664,0.9992133557614304,0.9999996905953731,0.5,0.9999983665670369,3.3049805638588796e-06,-0.0018074435912062306,3.221684785573641e-09,-0.006078483283052226,-4.78160533330525e-06,0.0,7.822646419220997e-05,-0.013965783735599145,5.681757514628502e-09,0.39009335663813854,0.3899054309412818,0.3899117489151649,0.3900996561853767,1.1077896200399944,0.9689844874527184,0.4092625361461944,0.9586471533182214,0.0003339512581390561,0.02119847151387292,-0.2838065339573834,-0.276248202071705,0.04000875523370029,0.3322123378868336,-0.00011334290998749939,0.0003552608145165626,-0.000539940101695145,0.38677885378958077,0.3521137143303238,0.37485548439129035,0.34637411815987224
60,0.5,0.9991601592601387,0.9999996473337036,0.5,0.9999982589668622,3.6441160922311658e-06,-0.0018660251779036726,3.6658379593125387e-09,-0.006383580015420024,-5.361192453826005e-06,0.0,8.476256381159786e-05,-0.014152219521732883,6.241148084791641e-09,0.3900921143814963,0.38990660306715175,0.3899133275989918,0.3900988190653412,1.1058701359433194,0.9691682172163001,0.4111802097609663,0.9584992911510534,-0.00016206783929505455,0.022144014006862674,-0.28423357514658215,-0.2752532705697197,0.03100900050660993,0.26681788962025776,-0.0018479674134225096,0.00038963540082052596,-0.0003527780515227196,0.3793768338906009,0.34308628827572507,0.3698622323023976,0.3429525270533373
61,0.5083333333333333,0.99910433941557,0.9999995988959783,0.5,0.9999981464489592,4.011334367616076e-06,-0.0019253785484709689,4.1620004898644315e-09,-0.006698381184277213,-5.999478412659502e-06,0.0,9.171515589396359e-05,-0.014336227772406132,6.843893894872773e-09,0.390090854909642,0.38990778994692193,0.38991493888078327,0.3900979824961819,1.103995693252453,0.9694412031512928,0.41325207265348535,0.9583987220397608,-0.00028016371588658433,0.022931373127243554,-0.28451004064416596,-0.24326646739121216,0.04121069914746478,0.30924411392911355,-0.00041588418926087985,-0.0001934706757791726,-0.0005301409761244905,0.3909383008967138,0.3525307446648473,0.37907099150900675,0.3542027253851821
62,0.5166666666666666,0.9990458143196008,0.9999995447647401,0.5,0.9999980288960791,4.408408028594807e-06,-0.0019854935211420736,4.715195223888558e-09,-0.007023011324221087,-6.701259889503138e-06,0.0,9.910231287573434e-05,-0.01451777672681276,7.492409209707835e-09,0.39008957842049946,0.3899089913765276,0.38991658292960135,0.39009714704669235,1.100200085696276,0.9698646662754377,0.4173835285983269,0.9581316073829703,-0.0012183506991549887,0.023659236155523684,-0.2853464194620936,-0.27796573223066723,0.022894541390139356,0.27475653401284883,-0.0017576678330209594,0.00024459818081592333,-0.0003727427879651604,0.38291979008207927,0.3404223162945562,0.37159485764744105,0.3507158372270813
63,0.525,0.9989845010403607,0.9999994843807986,0.5,0.9999979061919287,4.837185793355658e-06,-0.0020463597826334747,5.330826415537811e-09,-0.007357593284363117,-7.471632178236818e-06,0.0,0.00010694247748429225,-0.014696835026481714,8.189182284944153e-09,0.3900882851160057,0.3899102071518377,0.3899182599074986,0.3900963132827702,1.0983771507460034,0.9701165271268802,0.4193598446555632,0.9580118868741915,-0.002286994846728802,0.02346892002498812,-0.28575724672382896,-0.26316420741632207,0.03635777848534083,0.3147043588325682,-0.0012519899636454239,-5.104747362707842e-05,-0.0005372744194157079,0.38874084969998823,0.34955943063481665,0.3755850956646109,0.35127834624781695
64,0.5333333333333333,0.9989203156364547,0.9999994171406676,0.5,0.9999977782212847,5.299593988004723e-06,-0.0021079668898291997,6.014700461313469e-09,-0.007702248207127772,-8.316001800440036e-06,0.0,0.00011525445553626463,-0.014873371719299772,8.936774582809116e-09,0.39008697520210484,0.38991143706879416,0.3899199699691652,0.390095481766929,1.0966091839984555,0.9703529526863841,0.421368435076774,0.9578768127906765,-0.0026775969766655527,0.023392542900322194,-0.286212562493442,-0.2560241987033196,0.0184895934342455,0.288910408988452,-0.0014720109158898776,-0.00017273697576400572,-0.0003035017030772909,0.3792900517064921,0.34031930082694045,0.3706866450716772,0.3460311851386507
65,0.5416666666666666,0.998853173171359,0.9999993423938963,0.5,0.9999976448701049,5.797638043839215e-06,-0.002170304271482314,6.7730472449159195e-09,-0.008057095507329729,-9.240099365074028e-06,0.0,0.00012405740824497527,-0.015047356263390207,9.737819828868176e-09,0.3900856488887451,0.3899126809235523,0.38992171326158,0.3900946530578074,1.0946999646055926,0.9705352850435092,0.4232250157599882,0.9577306459583486,-0.003938906030787991,0.02333830056173249,-0.2866911553194059,-0.26733161137604267,0.019349088722353525,0.2597165644543875,-0.0020736484699336037,0.00015979266882905726,-0.0005544220796087874,0.38514902191984607,0.3434773726077574,0.3722872357821316,0.35026882396430176
66,0.55,0.9987829877279897,0.9999992594402907,0.5,0.9999975060256423,6.33340396154377e-06,-0.002233361229932307,7.612542084226924e-09,-0.008422252851532048,-1.024999266901963e-05,0.0,0.00013337084403996537,-0.01521875853084848,1.0595022907791862e-08,0.39008430638987046,0.389913938512621,0.3899234899236628,0.39009382770968143,1.0874974882198916,0.9712830168414761,0.43089322993781587,0.9571604645121221,-0.009749361502498555,0.021989347591304057,-0.2885572104760873,-0.49915534746569623,0.4005966040175113,0.8367404835337378,0.022535661296596832,-0.0019036223335169935,0.003958142349292764,0.38836675296267975,0.3489571408375648,0.37805789213259705,0.3536528916271979
67,0.5583333333333333,0.9987096724234401,0.9999991675270261,0.5,0.9999973615765559,6.909059740282982e-06,-0.0022971269428377784,8.540328271217193e-09,-0.00879783613768777,-1.1352100032829726e-05,0.0,0.0001432146099018883,-0.015387548811335939,1.1511158596458784e-08,0.3900829479234138,0.38991520963300236,0.3899253000859313,0.3900930062719786,1.0815367686762276,0.9731341547268756,0.437993744738159,0.9575235610866014,-0.0004910843520351717,0.023037716265818502,-0.28743286595211814,-0.24655990955126939,0.01967710611013862,0.24850800585285993,-0.0007740533036866108,-0.00011365367170087673,-0.0004159709733491681,0.23415215051527694,0.2765792743668154,0.3403606917817772,0.2347879956126405
68,0.5666666666666667,0.9986331394238862,0.9999990658456465,0.5,0.9999972114130231,7.526856769678062e-06,-0.0023615904649238314,9.564040194217424e-09,-0.009183959475067359,-1.2553203865725969e-05,0.0,0.00015360888221647794,-0.015553697815523324,1.248907013294451e-08,0.390081573711284,0.3899164940823329,0.3899271438701625,0.3900921892887907,1.0798118410244453,0.9732638939792732,0.43976813777778073,0.9573976307045493,-0.0013894316971756432,0.022310744359166045,-0.287906368264084,-0.2519772998538894,0.03810504826273764,0.2557135855960513,-0.0005083501148483366,-0.0003807467756996719,-0.0004875659391264639,0.38897013944479725,0.34261579752212973,0.3706532831272478,0.35280818358365196
69,0.575,0.9985532999596562,0.9999989535289491,0.5,0.999997055426849,8.189131182671704e-06,-0.0024267407297435136,1.0691827030623173e-08,-0.009580735164474202,-1.3860464453542623e-05,0.0,0.00016457415715166867,-0.015717176678383783,1.3531667620278364e-08,0.39008018397935246,0.3899177916590245,0.3899290213890583,0.39009137729839244,1.0781563712542064,0.9733835720197676,0.44155057740021747,0.957272908741729,-0.002294863730463485,0.021733752023454005,-0.2883590744412096,-0.24623422704710407,0.019323378329672014,0.2509835517821579,-0.0011235612662650368,-0.0002339191244068936,-0.00043831038673342477,0.3833115463821189,0.3466628012085438,0.3759807753010253,0.3484920708883172
70,0.5833333333333334,0.9984700643404629,0.999998829647754,0.5,0.999996893511578,8.898305167303076e-06,-0.0024925665514527106,1.193237699672692e-08,-0.00998827367875039,-1.5281433962996433e-05,0.0,0.00017613124056235603,-0.015877956962335918,1.4641926264132536e-08,0.39007877895743925,0.38991910216240283,0.3899309327459143,0.39009057083275933,1.0756926149726265,0.9735784734234413,0.44417174154152955,0.9570326049484866,-0.003530775643388275,0.021141606951130022,-0.28918706600467803,-0.26207952535428625,0.02837956115459006,0.253832265212639,-0.0007091621474997145,1.7934597627931976e-05,-0.00044512944307611795,0.38518172290346847,0.34673432777572494,0.37471307360509565,0.3489979106778144
71,0.5916666666666667,0.9983833419707959,0.9999986932075544,0.5,0.9999967255626021,9.656888235434408e-06,-0.0025590566265978423,1.3294942139986588e-08,-0.010406683643574827,-1.6824070655340746e-05,0.0,0.0001883012374276637,-0.016036010660233257,1.58228844438743e-08,0.39007735887929507,0.38992042539284966,0.3899328780342952,0.3900897704170925,1.0740765677089188,0.9736827604470756,0.44583525488012415,0.9568784645339306,-0.004234277843056084,0.02095249986148521,-0.28970099715377196,-0.24642836781456623,0.004144413710116535,0.23988188659523346,-0.00171697221876192,-0.00010879847151885576,-0.0005062917885305884,0.3815851069441183,0.3477365243164074,0.37635001851481176,0.3458958859983444
72,0.6,0.9982930413654711,0.9999985431450488,0.5,0.9999965514772685,1.0467478446491659e-05,-0.002626199535915724,1.4789363657651097e-08,-0.010836071818555627,-1.849675330214446e-05,0.0,0.00020110554082595307,-0.016191310198196585,1.707764161674238e-08,0.39007592398257945,0.3899217611519408,0.38993485733771366,0.3900889765693414,1.072424944576538,0.9737792268227746,0.44743819881035934,0.9567517295424558,-0.005272232896585474,0.020573028990428285,-0.2901294229408018,-0.24915435747363546,0.0031506063373543114,0.2650383223704811,-0.001177092109737446,-3.8582832820124235e-05,-0.0006097007645064483,0.3861900449482423,0.3479752577541875,0.3753756760870081,0.3491215564339946
73,0.6083333333333333,0.998199070165336,0.9999983783245504,0.5,0.9999963711549876,1.1332763584304416e-05,-0.00269398374614493,1.6426097724272894e-08,-0.011276543078618667,-2.030829579562275e-05,0.0,0.0002145658204532077,-0.01634382843828959,1.8409356055212477e-08,0.3900744745088426,0.38992310924258705,0.38993687072931593,0.39008818979973486,1.0708211388997209,0.973861327362355,0.44912404639951736,0.956569068897599,-0.0063001299877228556,0.020300551519183918,-0.2907297927604525,-0.05256217899483051,-0.37523781105097687,-0.16733502433780023,-0.018120283540084135,0.0017745414670926188,-0.004574997723178655,0.38090801282793874,0.3440102947886989,0.3715761446650558,0.34393775761317347
74,0.6166666666666667,0.9981013351531259,0.9999981975342752,0.5,0.9999961844973391,1.225552228515444e-05,-0.002762397611848013,1.8216241809247055e-08,-0.011728200395694026,-2.226796194563638e-05,0.0,0.0002287040106907991,-0.016493538681035307,1.982124241787659e-08,0.39007301070349865,0.3899244694691716,0.3899389182715723,0.3900874106103142,1.0698625129840318,0.9727165497139914,0.4493239071204651,0.9557326329678655,-0.015446189543017935,0.01842890687558054,-0.29325232292393505,-0.40269493336748674,0.40942790866298484,0.6754286928436326,0.0180330298000936,-0.0022170577394512877,0.0037092790848741244,0.5025797833874525,0.3954667027827767,0.3906933744939253,0.43197749727169915
75,0.625,0.9979997422694724,0.9999979994825047,0.5,0.9999959914081756,1.3238625115168062e-05,-0.002831429377243894,2.0171561464129244e-08,-0.012191144820701978,-2.4385480455170844e-05,0.0,0.0002435422982290048,-0.016640414667773218,2.1316569154514033e-08,0.39007153281580076,0.38992584163768745,0.38994100001597254,0.3900866394944699,1.0677115801373935,0.974129032243313,0.45237777756430136,0.9563345087543934,-0.007097949042179351,0.019906177766999066,-0.2915092975731586,-0.08677569029009735,-0.36934113150383086,-0.18051653657725764,-0.01869913869219195,0.0020257813388978047,-0.004606568527524612,0.2554996573301006,0.2821133065883365,0.3546013421835078,0.2637434962832493
76,0.6333333333333333,0.9978941966290571,0.9999977827936235,0.5,0.9999957917937284,1.4285035595215013e-05,-0.002901067178049791,2.2304517558103082e-08,-0.012665475465840053,-2.66710600658048e-05,0.0,0.0002591031092530064,-0.016784430582854414,2.289865574635357e-08,0.39007004109881305,0.3899272255558759,0.3899431160027292,0.3900858769364859,1.0652088538378681,0.9730663533388041,0.4540660146407669,0.9553188227940099,-0.016197768688463232,0.018199727903164795,-0.29457146672621404,-0.2240986386950805,0.017337041704257317,0.2279990447711988,0.0002867371906394913,-1.128232636523898e-06,-0.0004927613363121038,0.5061620582775512,0.39765636044717056,0.3898304682021685,0.43241966067158366
77,0.6416666666666666,0.9977846025369123,0.9999975460040292,0.5,0.9999955855627073,1.539781117150491e-05,-0.0029712990433319575,2.4628293938593805e-08,-0.013151289487172575,-2.9135404864380843e-05,0.0,0.0002754090961984831,-0.016925561055672493,2.4570869782755366e-08,0.3900685358093802,0.3899286210333618,0.3899452662604859,0.390085123411085,1.0592495059454168,0.9733951713876197,0.4600578371586856,0.9548185171638003,-0.015108640218378676,0.018584725671027043,-0.2962227814392506,-0.21211776084053557,0.014902705110086956,0.2181244784354719,0.0005015862229234829,-0.0001229677743706167,-0.00019453485455049474,0.37704237265192564,0.34115244365340675,0.38027253925938276,0.3505785719051037
78,0.65,0.9976708635048626,0.9999972875579148,0.5,0.9999953726264034,1.6580104130103358e-05,-0.0030421128973645976,2.715682549266226e-08,-0.013648682067524006,-3.178972974179941e-05,0.0,0.00029248312408425845,-0.017063781162532387,2.6336623875954188e-08,0.39006701720809517,0.38993002788178815,0.3899474508060331,0.3900843793829836,1.05720481772412,0.9746238220174714,0.46297362355258814,0.9552707538310584,-0.007154816094702845,0.02008005549306874,-0.2949633652728551,-0.2415140281873951,0.014706288250110333,0.22685349424937384,-0.0002406861642115391,-8.828240853613093e-05,-0.0006387676119568657,0.3779967611229023,0.34221554091061585,0.38397940447100487,0.3538839226774682
79,0.6583333333333333,0.9975528822681075,0.9999970058029205,0.5,0.9999951528987866,1.7835162453621015e-05,-0.0031134965614962365,2.990482658346354e-08,-0.014157746399677294,-3.464577599457007e-05,0.0,0.00031034825642980063,-0.017199066428352998,2.8199372415720646e-08,0.3900654855592658,0.38993144591494994,0.3899496696440288,0.39008364530645034,1.055771822140954,0.974798826439691,0.46444080678450633,0.9551555552793151,-0.007152104832580097,0.020162458211793233,-0.2953306416448941,-0.19342042414955962,0.018544628912720018,0.21276419821764647,3.625498428173725e-08,-0.0002852976210524333,-0.0004911004863337608,0.38074662081682054,0.34594485907434963,0.37704549927340597,0.34635583775146417
80,0.6666666666666666,0.9974305608019407,0.9999966989856554,0.5,0.9999949262966054,1.9166330618362656e-05,-0.0031854377560228834,3.28878198347207e-08,-0.014678573669878285,-3.771582705947292e-05,0.0,0.00032902774076574,-0.017331392828206647,3.016260816621458e-08,0.3900639411308786,0.38993287494892614,0.3899519227667283,0.3900829216248715,1.053540946664501,0.9737024331566315,0.46593000272784957,0.9541295343043787,-0.01682598986779159,0.01812839819502967,-0.2983707073624368,-0.21282863523821582,0.03178416010795049,0.23685647596857762,0.00029572574334960116,-0.00012619454157418496,-0.0004106794342881079,0.38283702344726134,0.34151688700760324,0.3782035468548222,0.3539206317851764
81,0.675,0.9973038003386047,0.9999963652470872,0.5,0.9999946927394809,2.0577050330257604e-05,-0.003257924102067291,3.6122165234849e-08,-0.015211253041647218,-4.101272437140665e-05,0.0,0.0003485449937458953,-0.01746073678869079,3.222985870752046e-08,0.39006238419455996,0.38993431480221125,0.38995421015372,0.39008220877032296,1.0508136936881378,0.9740280290689293,0.4688890961061541,0.9539026378320935,-0.01643175642336497,0.017962656824378052,-0.299127226907928,-0.2155052905794541,0.006305441484377727,0.1958852158725155,-0.0002424069696133345,-9.988854517305098e-05,-0.000634677760386354,0.3698069684694554,0.33752044214049537,0.38310418288893355,0.34907129494603917
82,0.6833333333333333,0.997172501384277,0.9999960026177995,0.5,0.9999944521500026,2.2070861197929346e-05,-0.003330943123463602,3.962508953107174e-08,-0.01575587163989811,-4.45498833342305e-05,0.0,0.00036892358586964295,-0.017587075189132183,3.440468272464376e-08,0.39006081502553647,0.38993576529584306,0.3899565317716691,0.3900815071631486,1.0467294869141268,0.9742821022388567,0.47325084711897686,0.9534289700625159,-0.01707146390850365,0.01697135621551478,-0.3006555125617307,-0.1973456321842315,0.013434005865198273,0.21281014816535992,-0.0004771626758848375,-0.00027883573229161494,-0.0005135150718727198,0.379213835267603,0.34467303576383446,0.3859677596733543,0.354075723403314
83,0.6916666666666667,0.9970365637361868,0.9999956090131148,0.5,0.9999942044538199,2.3651401341299408e-05,-0.0034044822486467056,4.3414715882598114e-08,-0.016312514535366824,-4.834130939414261e-05,0.0,0.0003901872258237859,-0.017710385362629772,3.66906661472692e-08,0.39005923390259595,0.38993722625352994,0.3899588875740677,0.3900808172115489,1.04543068763156,0.9743350704194271,0.47472822044700713,0.9532376691128017,-0.017389530595598005,0.01663280986272114,-0.30126217825364043,-0.19427472222364184,0.009288477919877636,0.2120016212898257,-0.00022917701389279192,-5.63908952736555e-05,-0.00035866123068891006,0.3738251788698139,0.3392568471446402,0.3834035850397453,0.35124888546555555
84,0.7,0.9968958864998572,0.9999951822280837,0.5,0.9999939495797331,2.532240793415958e-05,-0.0034785288125456252,4.751009374068935e-08,-0.016881264729348415,-5.240161420487985e-05,0.0,0.0004123597444533989,-0.017830645096926823,3.909141814357989e-08,0.3900576411080399,0.38993869750177795,0.38996127750099446,0.39008013931117286,1.0441010167474223,0.9744641662529621,0.4761097964353574,0.9531324598860301,-0.017178110387617646,0.01669700091542789,-0.3016034426122259,-0.19104064988817449,0.03635627873711522,0.23937408168869245,-6.443030676787764e-05,-0.0003421786216053402,-0.00042070817956305637,0.37389498655504455,0.3388058974826911,0.3828549448236601,0.3511363032104481
85,0.7083333333333334,0.9967503681064744,0.9999947199323387,0.5,0.9999936874597822,2.7087717679186607e-05,-0.0035530700584802013,5.1931228922223966e-08,-0.01746220313874432,-5.674603187377319e-05,0.0,0.0004354650783714409,-0.01794783263511578,4.16105669718936e-08,0.3900560369276416,0.38994017887001126,0.3899637014788804,0.39007947384472075,1.0428378971078665,0.9746253025415675,0.47762749172240304,0.953010731197891,-0.017208099404934802,0.016388665897695383,-0.30200304496250496,-0.18553208869944715,0.01429395491936436,0.1955853015865261,-0.00024874977845668706,-0.00024835644017851726,-0.00023098082565956794,0.36572980008069533,0.33301324940061716,0.3810335572827597,0.34687285340310064
86,0.7166666666666667,0.9965999063303763,0.9999942196648127,0.5,0.9999934180293328,2.8951267213915035e-05,-0.0036280931400604027,5.669911384218801e-08,-0.01805540858141978,-6.139043527744761e-05,0.0,0.0004595272532172592,-0.018061926676182834,4.4251755694272834e-08,0.39005442165059845,0.3899416701906952,0.3899661594202838,0.390078821181557,1.0415549688920431,0.9747402646613429,0.47901910766133393,0.9528270528748046,-0.01794287732739933,0.015926739518647526,-0.30256404186788854,-0.1929831347944999,0.008974418279050767,0.18373721217871952,-4.8847413864719075e-05,-7.348587413665209e-05,-0.0004730680518134798,0.37535566639342316,0.33964635382967456,0.3852291661600831,0.3540112628910897
87,0.725,0.9964443983066615,0.9999936788283206,0.5,0.9999931412271613,3.091709344622676e-05,-0.0037035851230876,6.183575786936644e-08,-0.018660957761871752,-6.635135243571855e-05,0.0,0.0004845703665743496,-0.01817290637538353,4.701863775635096e-08,0.3900527955694843,0.3899431712994536,0.38996865122367336,0.39007818167732816,1.040295122704434,0.9747937276225903,0.48038317513765033,0.9527100579598348,-0.0182718914579805,0.015622774050419976,-0.30292839479930844,-0.1791758368336671,0.01219444474991338,0.18151353361173794,-5.129665467554291e-06,-0.0003091267443152779,-0.0003401085639662444,0.3769068314417668,0.3424696298946295,0.3871325252097163,0.35447114961126874
88,0.7333333333333333,0.9962837405489153,0.9999930946840044,0.5,0.9999928569955367,3.298933381795936e-05,-0.0037795329874570605,6.736421776839672e-08,-0.019278925257207577,-7.164598293200555e-05,0.0,0.0005106185705580849,-0.018280751344454282,4.9914872438109044e-08,0.390051158980199,0.38994468203518606,0.38997117677321874,0.39007755567359165,1.039074723182444,0.9749388347807346,0.4818527188061453,0.952571776938732,-0.01830342591788149,0.01555471818580803,-0.30336454163533255,-0.19059323715704402,0.01571040825029124,0.19303561884575493,5.9603788724855445e-05,-0.00013485892171902046,-0.0002114073354695851,0.3763587834884988,0.3407157490151216,0.38753735225366814,0.35605267699726917
89,0.7416666666666667,0.9961178289670488,0.9999924643456424,0.5,0.9999925652803006,3.517222649528103e-05,-0.0038559236290610266,7.330862819027097e-08,-0.019909383503434405,-7.729221436836135e-05,0.0,0.0005376960540844195,-0.01838544165166115,5.29441201803184e-08,0.39004951218191797,0.38994620224018056,0.38997373593859236,0.3900769434974554,1.0378595772545447,0.9750252756754186,0.48322682688869495,0.9524237487317941,-0.01790320114797851,0.015395234127930594,-0.30386093037190154,-0.17110441691310374,0.025325409114085318,0.2111673960734195,0.00044685090735234543,-0.0002629523037768758,-0.0006334967776597864,0.37343288260310303,0.33990352200192925,0.38601763494646196,0.3523321347022581
90,0.75,0.9959465588852507,0.9999917847738197,0.5,0.9999922660309443,3.7470110484526034e-05,-0.003932743861691667,7.969423217233695e-08,-0.020552402782059415,-8.330863884299853e-05,0.0,0.0005658270248307688,-0.018486957821687047,5.6110037792104415e-08,0.3900478554770402,0.389947731760225,0.3899763285747749,0.3900763454612269,1.0360566842110859,0.9751922712384548,0.48529386710560035,0.9522601917658021,-0.017557557991597885,0.01503608577499151,-0.30441119470232475,-0.1789119506984571,0.015771808882070193,0.17193372001406138,0.000718403553150461,-6.443661974533374e-05,-0.0004671728144624545,0.3693561599867212,0.33406041069934567,0.3831261857905664,0.35106414119273716
91,0.7583333333333333,0.9957698250600469,0.9999910527699623,0.5,0.9999919592006854,3.9887425672231844e-05,-0.004009980418943263,8.654741160785835e-08,-0.02120805120700058,-8.97145694379875e-05,0.0,0.000595035690900642,-0.0185852808353582,5.941627354500733e-08,0.39004618917113343,0.3899492704447133,0.3899789545218754,0.3900757618620692,1.0296052164412437,0.9757350105379079,0.4924303465935576,0.9515657528409597,-0.016054889232726806,0.014543082225317586,-0.30668119817055983,-0.1787211365941399,0.01686625190914226,0.20066438564619316,0.00013681353834495618,-2.036708146455357e-05,-0.00037341798870574176,0.37657039955767074,0.34158601772319896,0.3880819102417451,0.3556026214729787
92,0.7666666666666666,0.995587521698467,0.9999902649702338,0.5,0.9999916447465398,4.242871278816831e-05,-0.004087619956112922,9.389571764424868e-08,-0.021876394711807842,-9.653005670460008e-05,0.0,0.0006253462422037986,-0.018680392129210605,6.286646215913818e-08,0.3900445135728818,0.3899508181467527,0.389981613604956,0.3900751929816732,1.028448882139811,0.9759108266383202,0.49370247321184524,0.9514320248151477,-0.016103500184209814,0.014439232997672885,-0.3070981732091618,-0.16470572577569342,0.02100163863882898,0.1961489783870618,5.1279810607111e-05,-0.00016447315940987652,-0.000508523939027752,0.3705230898516786,0.3367205735419816,0.38118955300226837,0.347060640581515
93,0.775,0.9953995424763145,0.9999894178392953,0.5,0.9999913226293913,4.509861329019824e-05,-0.004165649052099189,1.0176790096819422e-07,-0.022557497037194278,-0.00010377590513358023,0.0,0.0006567828315639503,-0.01877227359490088,6.64642196876523e-08,0.3900428289940268,0.389952374723264,0.3899843056338684,0.3900746390859367,1.0274013219425253,0.9759843023241228,0.4948771499357001,0.9513068530130465,-0.015489636308615717,0.014397163970380458,-0.3075192095577944,-0.16965029610733762,0.0044241072350903465,0.19135033024471615,0.00020786590366872262,-0.00013849774330347672,-0.0003426987142337237,0.37048275413195925,0.33524726294193125,0.3819111994802325,0.3491582972061801
94,0.7833333333333333,0.995205780556538,0.9999885076639271,0.5,0.9999909928140605,4.790186916986e-05,-0.004244054211297892,1.1019394193503569e-07,-0.023251419718876717,-0.00011147368959743975,0.0,0.0006893695555663195,-0.018860907578460734,7.021313830570964e-08,0.39004113574931354,0.3899539400350799,0.38998703040309685,0.39007410042465546,1.0262136287296617,0.9759446293914735,0.49597310246026305,0.951205384538826,-0.014924969547677438,0.01447941794911242,-0.3078569605583089,-0.18240496478902912,0.017384814140131155,0.18486043350851578,-0.00041140882240612285,3.358582078731961e-05,-0.0005084512550859115,0.3734798123243733,0.3369650440602916,0.3800787912397687,0.34853965533571823
95,0.7916666666666666,0.9950061286077009,0.9999875305465149,0.5,0.9999906552693687,5.084332267761402e-05,-0.004322821865494577,1.1920508049898162e-07,-0.023958222075725445,-0.0001196457717517012,0.0,0.0007231304351575766,-0.01894627687939986,7.411678101038468e-08,0.39003943415643055,0.3899555139470401,0.389989787691614,0.39007357723122693,1.0245962195488074,0.9760540153646117,0.49768939699439296,0.9510271291635959,-0.013651767994199922,0.01456345912463669,-0.3084622091663851,-0.16147726809356833,0.013592454550037658,0.19166530449829522,0.0007138104370094994,-0.0004456010063292793,-0.00046357694883019545,0.37278995153902106,0.3392811605500308,0.3824843257095329,0.34784461593006155
96,0.8,0.9948004788225471,0.9999864823983998,0.5,0.9999903099682014,5.392791596674831e-05,-0.004401938375752914,1.2883384589998502e-07,-0.024677961198222072,-0.00012831531638184338,0.0,0.0007580893960108969,-0.01902836474965801,7.817867623823997e-08,0.3900377245359539,0.3899570963280829,0.38999257726274256,0.39007306972236483,1.0224695997262054,0.9762637568047524,0.49994425778864,0.9508269471295018,-0.012150436432724558,0.014532656048757597,-0.30914282365122886,-0.17437728939393438,-0.015442711125424058,0.1440726295949324,0.0006883246376427081,-5.7611124789611995e-05,-0.00028613010735099403,0.3728789992559692,0.3355574315583556,0.3790852592141012,0.34815898647072047
97,0.8083333333333333,0.9945887229366603,0.9999853589330915,0.5,0.9999899568875663,5.7160690654991004e-05,-0.004481390034298429,1.3911408606243014e-07,-0.02541069193722501,-0.00013750630768254616,0.0,0.0007942702486690753,-0.01910715489240917,8.240231240767502e-08,0.3900360072112865,0.3899586870513327,0.3899953988640283,0.3900725780978269,1.021443813214838,0.976341699070886,0.5010125295457131,0.9507042683194228,-0.011274562608812468,0.014750799407221809,-0.3095427149103322,-0.17393134826877432,0.013088305548991652,0.17952423444316246,0.0007702858393664609,-0.00022038009907962604,-0.0004666702844499115,0.38473132211045424,0.3457514430347722,0.3822299862033439,0.35284525304968434
98,0.8166666666666667,0.9943707522472142,0.9999841556593473,0.5,0.9999895960086513,6.054678730293295e-05,-0.004561163066396972,1.5008099666014907e-07,-0.026156466893041505,-0.00014724356545568217,0.0,0.0008316966684789261,-0.01918263146072443,8.6791132393195e-08,0.3900342825085977,0.38996028599418336,0.38999825222712237,0.39007210254015434,1.019853557922706,0.9764325310440779,0.5025332132729818,0.9504930803538684,-0.010143822718959408,0.01499317323752782,-0.31021800691824913,-0.15897184704707357,0.025636988589172738,0.18769753223969454,0.0012414470834740464,-0.00043115214584961523,-0.00032463385785319463,0.3755524283582271,0.3392636659017076,0.3789697162619786,0.34680046711685253
99,0.825,0.9941464576318096,0.999982867874117,0.5,0.999989227316878,6.409144480841866e-05,-0.004641243632227342,1.6177114980172035e-07,-0.026915336404805434,-0.00015755276121336175,0.0,0.0008703921753303038,-0.019254779056087568,9.134852793874569e-08,0.39003255075676496,0.3899618930383794,0.39000113706767364,0.3900716432144224,1.0183161535718408,0.9765105634574345,0.5040341783515261,0.9503254779863467,-0.009514570725727015,0.014983851813321175,-0.31075141676066964,-0.14133365069692871,0.0028084168456121716,0.15770425571320912,0.0007182436181772088,-0.00024796548053894024,-0.0003271668270115133,0.37324313854831426,0.3355118183249259,0.37763849303075553,0.3467903403640581
100,0.8333333333333334,0.9939157295674004,0.9999814906553536,0.5,0.9999888508019522,6.77999997161197e-05,-0.004721617828747403,1.7422252228949778e-07,-0.0276873485401596,-0.00016846043417220773,0.0,0.0009103801132133386,-0.019323582726778105,9.60778340180241e-08,0.39003081228731246,0.38996350807008984,0.3900040530852286,0.39007120026800945,1.0152918225556458,0.9767447155098622,0.5068220378597442,0.9499591477867025,-0.007659637863258153,0.015349573887847526,-0.3119027702115309,-0.16695179670593863,0.01981267498639694,0.179544136369586,0.0006770335053785783,-0.0001577219964140159,-0.00045682335447740937,0.38144605371253,0.3383652244356396,0.3785619818754086,0.35295764888377407
101,0.8416666666666667,0.9936784581492988,0.9999800188546918,0.5,0.9999884664579117,7.167788544156214e-05,-0.004802271691553251,1.8747452340537188e-07,-0.02847254908524161,-0.00017999400712491193,0.0,0.0009516836296076042,-0.01938902796612128,1.0098232314967486e-07,0.39002906743434945,0.3899651309799823,0.3900069999631443,0.3900707738303733,1.0142700108679263,0.976808618526168,0.507659195570126,0.9498142127211809,-0.0072231727479783155,0.015370141529793692,-0.3123532388781172,-0.17017841761859387,0.01811426564083396,0.16264243272074985,0.0009866635813901598,-0.00031206453330624175,-0.0003701890804927462,0.37594752374313667,0.33779093941665816,0.3757044099135131,0.34491594992450625
102,0.85,0.9934345331102641,0.999978447089996,0.5,0.9999880742831723,7.573063140893682e-05,-0.004883191196730775,2.015680221758953e-07,-0.02927098153497182,-0.00019218180217501498,0.0,0.0009943256547171617,-0.01945110071059927,1.0606519967449382e-07,0.39002731653451067,0.38996676166328786,0.3900099773685082,0.3900703640128437,1.012848719377683,0.9769118101233842,0.5088244249333027,0.9496514235828177,-0.005896468018550866,0.015470582196619662,-0.3128706864481419,-0.14540021582070128,0.0031502557372387052,0.14558486278282157,0.0009495930350829974,8.950385443334341e-05,-0.0004673111615309522,0.3788878881422785,0.3408815525066749,0.3780135508417322,0.3470038805702965
103,0.8583333333333333,0.993183843839669,0.9999767697377765,0.5,0.9999876742805676,7.996386210207978e-05,-0.004964362262699096,2.1654537406908485e-07,-0.030082687083642298,-0.0002050530563207463,0.0,0.00103832888056554,-0.019509787337847872,1.1132959400408915e-07,0.3900255599268944,0.38996840001986555,0.39001298495206865,0.39006997090842976,1.0114665029417367,0.976974329955565,0.5099364805435921,0.9494627456803233,-0.004864475761623552,0.015457812822209017,-0.31346114187168445,-0.15964403610069233,0.011872621219388702,0.1576059416275033,0.0007432862660196701,-0.00020198489504378797,-0.00043446629406090746,0.3846133838622349,0.3407778607331825,0.37718406460284376,0.35187717811306135
104,0.8666666666666667,0.9929262794027406,0.9999749809254789,0.5,0.9999872664573901,8.438329602806919e-05,-0.005045770752045447,2.3245044707497703e-07,-0.03090770461580514,-0.00021863793687366726,0.0,0.0010837157399648978,-0.019565074664521804,1.167785568480816e-07,0.3900237979530013,0.38997004595426016,0.3900160223481772,0.3900695945916397,1.0103159475012617,0.9773619032488866,0.5109569096253341,0.9495466818711911,-0.002343354220931178,0.015765534641315786,-0.3132204583929342,-0.16453894195254115,0.01707469753526869,0.1503880192684992,0.0003306582000843388,-0.0001684961848658556,-0.0003093477998258268,0.38174206581106856,0.3406458076174468,0.3756352146138622,0.34749293322378216
105,0.875,0.9926617285598754,0.9999730745236449,0.5,0.9999868508254244,8.899474459294468e-05,-0.005127402473350831,2.49328647121835e-07,-0.03174607069745883,-0.00023296755669777777,0.0,0.0011305083853737881,-0.019616949944046932,1.2241505342865982e-07,0.39002203095667365,0.3899716993757558,0.3900190891747359,0.39006923511831615,1.0093661731717856,0.977413421931864,0.5115893677073374,0.9494198532630226,-0.0016804092486558816,0.015981221895482584,-0.31359802136095327,-0.14260844088460622,0.0132861926435357,0.1303901821817166,0.00055939932656577,-0.00044493924593500185,-0.00022329506640846261,0.38354644082458494,0.3427044874578085,0.3756814249914991,0.3473770809573603
106,0.8833333333333333,0.9923900797860251,0.9999710441379475,0.5,0.9999864274009811,9.380411088911581e-05,-0.005209243183006178,2.672269427798025e-07,-0.032597819567530925,-0.00024807398925467044,0.0,0.0011787286676579127,-0.019665400864262744,1.2824195769173152e-07,0.3900202592840358,0.38997336019842466,0.3900221850331612,0.39006889252548593,1.0087011362298595,0.977173145283809,0.5118532307489623,0.9491126919654392,-0.003513488569993898,0.015678410737714157,-0.31452653430978655,-0.13247676227938765,0.0013862663635677563,0.07364595564824938,8.240139471653203e-05,-7.355386683372327e-05,-0.00047980936293468116,0.3879877675476801,0.34303124291308495,0.37735915319341135,0.3530630887523502
107,0.8916666666666666,0.9921112212901501,0.9999688831011028,0.5,0.9999859962049251,9.881738839408534e-05,-0.00529127858701836,2.861938892037683e-07,-0.03346298312965554,-0.000263990283440254,0.0,0.00122839811476863,-0.019710415544949754,1.342620465220928e-07,0.39001848328343197,0.38997502834117187,0.390025309508352,0.3900685668312229,1.007812067090442,0.9771691059856021,0.5124669702972292,0.9489994856333133,-0.0035584163982420405,0.015527295215659936,-0.3148749228562498,-0.1270096025976164,0.005592916735708275,0.09227973853420668,-0.0003276740649394793,-0.0002638131445435645,-0.0002956587513705081,0.39786842185970567,0.35052681051893353,0.3862025001167706,0.3640418782328132
108,0.9,0.9918250410347386,0.9999665844646591,0.5,0.9999855572627012,0.0001040406595801769,-0.0053734943428057425,3.0627965126724463e-07,-0.03434159094424384,-0.0002807504781985115,0.0,0.0012795379103539208,-0.019751982535261177,1.4047799397238606e-07,0.3900167033053677,0.38997670372777377,0.39002846216867026,0.3900682580345293,1.006676017405094,0.9774837833792341,0.5133095517563849,0.9490352113104016,-0.0014724633284079794,0.015855845864963157,-0.3147675200789853,-0.1415838889734955,-0.004414640013383764,0.06644963860198416,0.00044911759106827794,-6.330130954586054e-05,-0.00042597411249495944,0.39413059916719256,0.3465422572163894,0.38341663768474393,0.36148859488934776
109,0.9083333333333333,0.9915314267553902,0.9999641409906661,0.5,0.9999851106043574,0.00010948009443501599,-0.005455876060982799,3.275360258391742e-07,-0.03523367022084578,-0.00029838961689771654,0.0,0.0013321688723166318,-0.019790090811055774,1.4689236551431032e-07,0.3900149197024511,0.38997838628691106,0.39003164256593065,0.39006796611522915,1.0057268905537375,0.9774840063450042,0.5138511063713674,0.9489285654335144,-0.0009034644892469935,0.015859566816972866,-0.3150908370558993,-0.12575036828139652,0.00024172894759200148,0.09759598037608619,0.0006459210549334318,-0.00033361014182641875,-0.00026047941214734217,0.40075883370476434,0.3531075419982561,0.3850220983719653,0.36320774685827206
110,0.9166666666666666,0.9912302659804589,0.9999615451432252,0.5,0.9999846562645628,0.00011514194889257664,-0.005538409307133422,3.5001646315576834e-07,-0.03613924581080119,-0.00031694376145449324,0.0,0.0013863114313349663,-0.019824729772138856,1.5350761232109957e-07,0.39001313282933253,0.38998007595219975,0.3900348502354017,0.390067691033879,1.0048593790242182,0.977496519364768,0.5144217864972603,0.9488150629862171,-0.00043579742767441913,0.015884330121700988,-0.3154322025216324,-0.13190542326828592,-0.0020766308531428024,0.0687265837438833,-0.0002887501306384154,-0.000108414949724781,-0.0004348918880291768,0.3954124628336861,0.34589059080018364,0.3795890341654426,0.3595506773575653
111,0.9249999999999999,0.9909214460507556,0.9999587890799254,0.5,0.9999841942826243,0.00012103256317466779,-0.005621079603572542,3.737760872397413e-07,-0.037058340200178445,-0.00033645000619108537,0.0,0.0014419856093602706,-0.019855889239416932,1.6032606559021423e-07,0.39001134304264895,0.3899817726622126,0.39003808469581397,0.3900674327316931,1.0039798253753196,0.9775663611664476,0.5147910213128735,0.9487033294003477,-0.0001863681153806573,0.01591108115270551,-0.3157669956600483,-0.11158428461321979,-0.0021158697994683173,0.05706916013346053,0.0003480655702467284,-0.00023350625573512844,-0.00035836434311247833,0.4005862516853443,0.3512744216007059,0.38377152905985834,0.36345085046373937
112,0.9333333333333333,0.9906048541393064,0.9999558646431633,0.5,0.9999837247024983,0.00012715836004279724,-0.0057038724310957125,3.988717153196409e-07,-0.03799097350299851,-0.0003569464914111836,0.0,0.001499210998107208,-0.01988355945197554,1.6734993091542973e-07,0.39000955070096655,0.3899834763604981,0.39004134544938074,0.39006719113048594,1.0030648718607866,0.9775539335948719,0.5152032366570136,0.9485703713947762,7.223500986165411e-05,0.01586356556998981,-0.3161686141625799,-0.13937924762271736,-0.01661973589967003,0.05308179216112485,-0.00014509618255097628,-0.0001323986796427092,-0.0003152472570132666,0.4029422584433406,0.35043625586807275,0.3849601945758057,0.3677421440781049
113,0.9416666666666667,0.9902803772711648,0.9999527633513541,0.5,0.9999832475728003,0.00013352584296041293,-0.005786773230716364,4.2536187620238663e-07,-0.03893716345474259,-0.00037847241667965734,0.0,0.001558006737551477,-0.01990773106408248,1.7458128271734422e-07,0.3900077561647244,0.389985186995593,0.3900446319818277,0.39006696613262914,1.0022470323567194,0.9775301523548543,0.5156382672553661,0.9484609208160071,0.0004614127263211248,0.0156745702922385,-0.3165058871953279,-0.1289236804024707,-0.019104480386533673,0.06225169211325765,-0.00043553036620676527,-0.0001226177839119213,-0.0004958450191325181,0.4050995726040061,0.35485193386251723,0.384067906747764,0.3645972770813843
114,0.95,0.9899479023432745,0.9999494763900323,0.5,0.9999827629468094,0.0001401415941655855,-0.005869767405390393,4.533068275526171e-07,-0.03989692540614119,-0.00040106805379154395,0.0,0.001618391494450308,-0.01992839514212289,1.8202205874152937e-07,0.3900059597961799,0.3899869045210293,0.39004794376243146,0.39006675762102505,1.0014184358234546,0.9775398203054033,0.5159743537370725,0.9483364071663074,0.0007659581235506012,0.015620745832527481,-0.3168808363575937,-0.10582818602228317,-0.008433596098977869,0.028843425622493424,-0.00023699653428449821,-0.0001447609473793672,-0.0003345881587758956,0.4040626241998357,0.3520681632026884,0.3818145505758804,0.36392848961177005
115,0.9583333333333334,0.9896073161443829,0.9999459946028472,0.5,0.9999822708824705,0.00014701227265425914,-0.0059528403217278475,4.827685720330109e-07,-0.04087027231724249,-0.00042477475941566506,0.0,0.001680383440901017,-0.019945543161475156,1.896740546329989e-07,0.39000416195935544,0.3899886288953365,0.3900512802440688,0.3900665654590973,1.0005319164697186,0.9774944989087819,0.5163277350446906,0.9482228523848938,0.00111694684837948,0.015513030488134457,-0.3172247161396288,-0.11624130040175373,-0.005901737265323614,0.010563201203939165,0.00019012734773035645,3.820786208331325e-05,-0.0001912518114064757,0.40875930245816816,0.3542895389903904,0.3879052724970519,0.372409334525418
116,0.9666666666666667,0.9892585053749994,0.9999423084824549,0.5,0.9999817714423934,0.0001541446120742622,-0.006035977311691469,5.138108722603824e-07,-0.041857214751757854,-0.0004496349873982681,0.0,0.0017440002329529513,-0.01995916700333524,1.9753891859696865e-07,0.390002363019987,0.3899903600820356,0.3900546408632762,0.3900663894907976,0.9957106729670736,0.9771227678954112,0.5177643288718724,0.9475676390617915,0.0010430611033431549,0.014579715565209948,-0.3192207908649352,-0.10839499965489274,-0.005363832067706298,0.014562894626168887,0.0001226975063293532,-0.00017920595787970247,-0.0003475241917540105,0.41157744155259335,0.358592995159761,0.39103979389878396,0.37407567279883686
117,0.975,0.9889013566673996,0.9999384081613105,0.5,0.9999812646938474,0.00016154541853033176,-0.0061191636742818755,5.464992645330764e-07,-0.04285776087168247,-0.00047569230071212816,0.0,0.001809258989288085,-0.019969258951491042,2.0561814615409113e-07,0.39000056334547273,0.38999209804963125,0.39005802504031684,0.3900662295406275,0.9949145592429691,0.9770103534696432,0.5178808719555203,0.9474110858139594,0.0008985186599274792,0.014357955016167764,-0.31969559938914693,-0.12601222219388308,-0.0030102769491779924,-0.013625056333144148,-0.0003549743297689825,5.020674784084668e-05,-0.0003684974711855029,0.41028210213600697,0.35760954655199595,0.39049943294633,0.3727449455155665
118,0.9833333333333333,0.9885357566056713,0.9999342834023622,0.5,0.999980750708752,0.0001692215683004711,-0.006202384677209183,5.809010712859673e-07,-0.04387191643218864,-0.0005029913830365949,0.0,0.0018761762699856539,-0.01997581168905926,2.1391307499993295e-07,0.38999876330482397,0.389993842771595,0.39006143217926,0.39006608541367865,0.9931251451435268,0.9765293039650366,0.5176554511782651,0.9469866156268483,-0.0013192812762374056,0.013562644407835684,-0.3209838999033887,-0.15805668938202455,0.08006955879461541,0.10999533419817631,0.004428973570260618,-0.0012805369907699302,0.000985530877936397,0.4142334630940018,0.3643890764021688,0.39601967036403585,0.3753992628386076
119,0.9916666666666667,0.9881615917457991,0.9999299235896518,0.5,0.9999802295636663,0.000177180005464023,-0.006285625558550971,6.170854122302468e-07,-0.04489968477678969,-0.0005315780499541248,0.0,0.001944768055386236,-0.019978818295189504,2.2242487997730483e-07,0.3899969632686168,0.3899955942263434,0.3900648616680677,0.39006595689569,0.9910210024125429,0.9764948527240068,0.518234116010022,0.9468797010792152,0.0007024051385005528,0.012975606045211995,-0.3213253366277191,-0.11630943415952277,-0.023775121333202698,0.022987844940891566,5.865700662345744e-05,-0.000263072465472053,-0.0005075771973314842,0.38129860699752477,0.3470847474347642,0.38850720413678724,0.3521921537930943
120,1.0,0.9877787486357892,0.9999253177188249,0.5,0.9999797013397717,0.00018542773944190525,-0.006368871528396392,6.551232141361167e-07,-0.04594106683277224,-0.0005614992597489142,0.0,0.0020150497250706312,-0.01997827224174363,2.3115456816995626e-07,0.38999516360894737,0.38999735239721006,0.39006831287869237,0.39006584375311953,0.9902578295490088,0.9763666036404295,0.5182064168818962,0.9467522739900691,0.0002911638158082728,0.012733927336726712,-0.32171088575435064,-0.11529385326214392,-0.029575297326833727,0.014928425732052553,-0.0003438009605254249,-0.0002290953042776756,-0.0005674996630158597,0.4102349020873221,0.3579370868273746,0.38781363896697973,0.36926321177135135
121,1.0083333333333333,0.987387113835827,0.9999204543875526,0.5,0.9999791661228544,0.00019397184244952014,-0.006452107770476423,6.950872192175258e-07,-0.046996061106894436,-0.0005928031237933221,0.0,0.002087036036968699,-0.01997416738995877,2.401029741280744e-07,0.38999336469938783,0.389999117272414,0.3900717851671829,0.3900657457332348,0.9895152889571395,0.9762420347917303,0.5181549487104957,0.9466602395212071,0.00020658124551754193,0.012449707938428926,-0.32199278409009036,-0.11641887515921878,-0.017383184863084544,-0.03271450126040021,-0.0006152201595632976,-0.0001048982408125035,-0.000315908400294941,0.4120021850504652,0.3595077561362915,0.3887235204344289,0.37029577758673643
122,1.0166666666666666,0.9869865739384697,0.9999153217858706,0.5,0.9999786240032815,0.0002028194468629101,-0.006535319443780118,7.370519920791745e-07,-0.048064663681347965,-0.0006255389165078644,0.0,0.0021607411066136796,-0.01996649798709743,2.4927075523244553e-07,0.38999156691494163,0.39000088884501766,0.39007527787380075,0.39006566256422043,0.9889956724526878,0.9757832657619979,0.517828063508933,0.946365961904751,-0.0019488643856624404,0.011982720783093108,-0.322868521968829,-0.10757012355516737,-0.027169850614383595,0.005537757638385266,-0.00016607237178565333,-0.00032296176758074313,-0.0005023675887082974,0.41825298348698564,0.3673261442913692,0.3983838161587143,0.3783761596543941
123,1.025,0.9865770155888689,0.9999099076864368,0.5,0.9999780750759755,0.00021197774249880056,-0.006618491684156893,7.81093925187183e-07,-0.04914686820998158,-0.0006597570848806651,0.0,0.0022361783865573748,-0.0199552586631006,2.5865838720687646e-07,0.38998977063200685,0.39000266711288234,0.39007879032314474,0.39006559395530266,0.9878796729369479,0.9755253083016151,0.5177829052138718,0.9461951528046009,-0.002226992726342265,0.011545506090019022,-0.32338286071095435,-0.10617973040831785,-0.029142909780299764,-0.04477111566740799,-0.000758675527251724,-0.00023115829106162418,-0.0002486382161716173,0.4118982150060837,0.35948164785864123,0.39228012162807635,0.37352252115844853
124,1.0333333333333332,0.9861583255050229,0.9999041994347134,0.5,0.9999775194403838,0.00022145397380923104,-0.0067016096059048375,8.272912428260443e-07,-0.05024266591478384,-0.000695509257532354,0.0,0.0023133606459611157,-0.019940444427243666,2.682661597876536e-07,0.38998797622833375,0.39000445207861606,0.39008232182428537,0.3900655395968874,0.9869575942840082,0.975631905727815,0.5179819377610697,0.9462757021282995,-0.0005454453260614951,0.011261954828161556,-0.32316430252185746,-0.106194405112503,-0.026583234519084176,-0.0034956660691087826,-0.00027082993434959714,-0.00024995715084134574,-0.0003417156288494468,0.42024184287063454,0.36773781818052814,0.4007599349587436,0.38206228758980226
125,1.0416666666666667,0.9857303904980547,0.9998981839390758,0.5,0.9999769572004461,0.000231255436991539,-0.006784658303345066,8.757240035057965e-07,-0.05135204558262276,-0.0007328482533125288,0.0,0.00239229995037793,-0.01992205066480519,2.780941725575573e-07,0.38998618408299096,0.3900062437495166,0.3900858716709084,0.3900654991607217,0.9862287216603558,0.975471468600466,0.5177927456187386,0.9461776392554602,-0.0008461505844927521,0.010991737847588896,-0.3234599522371239,-0.09946519441733637,-0.027360371333517985,-0.012120446978969301,0.00010483252814717969,-0.0005593066239998469,-0.00042030529342463544,0.4141452597601813,0.36153564769631474,0.39300706864742796,0.374471946553511
126,1.05,0.9852930974925156,0.9998918476608535,0.5,0.9999763884645574,0.00024138947701452657,-0.006867622852382221,9.264741007847196e-07,-0.052474993562240176,-0.000771828089414026,0.0,0.0024730076417411625,-0.01990007313376113,2.88142330953216e-07,0.3899843945763307,0.3900080421375052,0.39008943914146677,0.3900654723000666,0.9855149248731764,0.9752868254919013,0.5176940802866439,0.9460456783642288,-0.0008477822496181275,0.010501900192336619,-0.32386195486036,-0.09836664326439148,-0.014111272901384808,-0.04479300927706653,-0.0005179963603973576,-0.00011089601523349821,-0.00019811414982959702,0.4154775402469029,0.36208840976438417,0.3946034845427462,0.3767404301088538
127,1.0583333333333333,0.9848463335467105,0.9998851766043051,0.5,0.9999758133455275,0.00025186348456170143,-0.006950488312051206,9.796252624743127e-07,-0.053611493761498465,-0.0008125039889913922,0.0,0.0025554943185743854,-0.01987450796150931,2.9841034245436966e-07,0.38998260808995655,0.39000984725905746,0.39009302349934116,0.39006545864989156,0.9832551700683916,0.9743472803648704,0.5166349672975289,0.9454831602505749,-0.0037999516200251117,0.008891720519668496,-0.32552740492387333,-0.1109320910808731,-0.03306833956622235,-0.0070116059235347805,-0.00021005978459574237,-0.0005010828725975477,-0.00039393619017898975,0.4191622179693102,0.3672720591515557,0.4018715937363085,0.38246350128407897
128,1.0666666666666667,0.9843899858730438,0.9998781563065353,0.5,0.9999752319605377,0.0002626848928925457,-0.007033239726050328,1.0352630481948109e-06,-0.054761527644877656,-0.0008549323882700922,0.0,0.0026397698164378,-0.01984535164163093,3.088977129615483e-07,0.38998082500669273,0.39001165913512725,0.39009662399301204,0.39006545782707996,0.9825199902252414,0.9741812869183042,0.5164724955863932,0.9453448937439449,-0.00386206933888637,0.008605142222689882,-0.32593568049539845,-0.10527967572473429,-0.0316294136538664,-0.014144735244514539,-6.459861877124391e-05,-0.00044019946343479076,-0.0003990187772453786,0.4130263403566853,0.3633591122561712,0.39628702816699574,0.3742999694302365
129,1.075,0.983923941858384,0.9998707718273534,0.5,0.9999746444310925,0.00027386117462283065,-0.007115862124260967,1.0934748452510872e-06,-0.05592507423122033,-0.0008991709431331637,0.0,0.002725843188625847,-0.019812601030695726,3.1960374337064214e-07,0.3899790457105568,0.3900134777910634,0.39010023985623704,0.3900654694306579,0.9818176643708962,0.9739192868995981,0.5161707886092186,0.9452441200934227,-0.00421863582611758,0.008182385820563713,-0.32623427947237704,-0.11509041188982883,-0.04080507831257796,-0.04110666361031301,-0.0005625233399145014,-0.00038382765806101876,-0.0003104099965720361,0.41406325258019244,0.36387287441256544,0.39784449189508553,0.3763007551509774
130,1.0833333333333333,0.9834480890844441,0.999863007739082,0.5,0.99997405088297,0.000285399838425054,-0.0071983405242540275,1.1543498628004168e-06,-0.05710211009172268,-0.0009452785351721898,0.0,0.002813722687131193,-0.01977625334513055,3.305275263523739e-07,0.38997727058673565,0.3900153032565193,0.3901038703082364,0.39006549304203664,0.9811720565919135,0.9736893860458214,0.5159127772918811,0.9451458669865535,-0.004744624634407709,0.007780642425265941,-0.32652142388940564,-0.11319278501249475,-0.029764181241476173,-0.05114783574534654,-0.00043858393886643456,-0.00023609260266605145,-0.0004065684285588117,0.41928047536097607,0.3697854944653831,0.40181563148117344,0.37956417035117473
131,1.0916666666666666,0.9829623153481759,0.9998548481163179,0.5,0.9999734514461671,0.0002973084256501437,-0.007280659932783444,1.2179791242852922e-06,-0.05829260934816911,-0.0009933152771896504,0.0,0.002903415743889551,-0.019736306158146425,3.4166794334276196e-07,0.38997550002155956,0.39001713556535983,0.39010751455389275,0.39006552822527124,0.9804449318600652,0.9734563344918178,0.5156749982551592,0.9450352864126328,-0.004951560309656668,0.00734635636535228,-0.3268483142585357,-0.0913033664225793,-0.03140180852179153,-0.06691483856200442,-0.00042158102074692845,-0.00026184466314112666,-0.00018832316733619222,0.41918779409908274,0.37099933282894104,0.40542420964770703,0.38176497600981346
132,1.1,0.9824665086821777,0.9998462765256506,0.5,0.9999728462548418,0.00030959450687162535,-0.0073628053472669305,1.2844554581062312e-06,-0.0594965436714086,-0.0010433425181399078,0.0,0.002994928952319917,-0.01969275739673559,3.5302366175151475e-07,0.38997373440248445,0.3900189747555586,0.39011117178395205,0.3900655745273391,0.979763341925501,0.973269971330101,0.515306463978238,0.9449228733544343,-0.005275588376813405,0.006986321150480718,-0.3271759815384695,-0.11878655760032553,-0.03201868750918324,-0.053998942696942276,-0.0007741145788640809,-0.0002820723412751445,-0.00032218053757596067,0.42215651145713257,0.3709001265367572,0.40779273295098667,0.38715013382478114
133,1.1083333333333334,0.9819605573751103,0.9998372760153441,0.5,0.9999722354472534,0.0003222656783535193,-0.007444761757254394,1.3538734865113485e-06,-0.06071388228007086,-0.0010954228474962734,0.0,0.003088268049175028,-0.01964560533875767,3.6459313239759974e-07,0.38997197411807233,0.39002082086909,0.3901148411752369,0.3900656314784314,0.9791043115854754,0.973048775346038,0.5150078980817663,0.9448206461921472,-0.0054056357083987015,0.00651145315210532,-0.3274787422253382,-0.11914772018249975,-0.02850847506736809,-0.061810391978922574,-0.000705691830405213,-0.00029293774945195504,-0.0003923826221965156,0.41955798563625324,0.37234120108286767,0.4064015942828565,0.38170108091313365
134,1.1166666666666667,0.9814443499921236,0.999827829104984,0.5,0.9999716191656964,0.0003353295584432865,-0.00752651414588431,1.4263296126813362e-06,-0.061944591939520004,-0.001149620099031835,0.0,0.003183437896716249,-0.01959484861010581,3.763745871738922e-07,0.389970219557974,0.39002267395181617,0.39011852189086793,0.3900656985922628,0.9783536555821554,0.9727993555836641,0.5147419010826065,0.9446727814878094,-0.00588500439474357,0.0059520697823184565,-0.32790741910585947,-0.08576483507126698,-0.048306492394878386,-0.06399066279670906,-0.0006784044558089965,-9.90791959724453e-05,-0.00027020613999397414,0.4201996892098289,0.37377771391664727,0.4085994466029408,0.3829977866650554
135,1.125,0.980917775395287,0.9998179177750993,0.5,0.9999709975564341,0.0003487937838912089,-0.007608047491328432,1.5019220059904293e-06,-0.06318863696104426,-0.0012059993540019238,0.0,0.0032804424652270246,-0.01954048618197495,3.883660369509465e-07,0.3899684711129177,0.3900245340533653,0.3901222130804904,0.39006577536639986,0.9776783291803828,0.9725467937775184,0.514360418275951,0.9445834427040573,-0.006423616862330681,0.005485145051593318,-0.3281627189360795,-0.10182818245401126,-0.030878123018163173,-0.03761845156320387,0.0002851147226520353,-0.00035253526669366353,-0.00033647483528245775,0.4231656565787934,0.3702593856150377,0.4064820890708219,0.38725872078414275
136,1.1333333333333333,0.9803807227640258,0.9998075234567592,0.5,0.999970370769628,0.0003626660060976414,-0.007689346768225328,1.5807505854259083e-06,-0.06444597920127958,-0.0012646269437163516,0.0,0.003379284815879299,-0.01948251736823993,4.0056526972557195e-07,0.38996672917469727,0.3900264012270072,0.3901259138805124,0.39006586128260085,0.976658928774972,0.9722007209266976,0.5138409753317306,0.9444192420614316,-0.0066936553283345945,0.0048718076556487,-0.3286392485577812,-0.11636537058604679,-0.039161160189116195,-0.057676954676955106,-0.0007006129278799419,-0.00025592504945712356,-0.00040950152245728495,0.41611064863899583,0.3678282482834814,0.4049720702275751,0.381111187783969
137,1.1416666666666666,0.9798330816155589,0.9997966270211534,0.5,0.9999697389592621,0.000376953887289639,-0.007770396949103131,1.6629170011507343e-06,-0.06571657806186543,-0.0013255704514897786,0.0,0.0034799670839665616,-0.019420941822938447,4.1296984901671144e-07,0.389964994136161,0.3900282755295205,0.3901296234143489,0.390065955807175,0.9760395732671148,0.9719505690048706,0.5135047527475867,0.9443024843236364,-0.007025229351985077,0.0045852065375464185,-0.32897179230713475,-0.09465022185574101,-0.041876241176019846,-0.05546666769514763,-0.00036142467479188036,-0.00012598121245495432,-0.0003046702185704849,0.419993007548726,0.37337143073293977,0.408211781510779,0.38259780847455577
138,1.15,0.9792747418253381,0.9997852087691604,0.5,0.9999691022830677,0.00039166509662851235,-0.007851183005792019,1.7485246141959844e-06,-0.0670003904893313,-0.001388898713958831,0.0,0.0035824904625176954,-0.019355759537884785,4.255771125161249e-07,0.38996326639120926,0.3900301570210529,0.39013334079267287,0.3900660583913596,0.9752886138914546,0.9717319960696524,0.5131606917498612,0.9441928027864451,-0.0071747482862404045,0.0041331888902015786,-0.3292892207511569,-0.09824999268429613,-0.03689389415879596,-0.0421984989632751,0.0002621777235588236,-0.0003136593747098041,-0.00035813184543141496,0.42008083921503603,0.3702432137528712,0.4075741845493921,0.38508044027856736
139,1.1583333333333332,0.9787055936474842,0.9997732484209076,0.5,0.9999684609024412,0.0004068073062499325,-0.007931689910826984,1.8376784742718601e-06,-0.06829737097521224,-0.0014546818217548443,0.0,0.0036868551863050245,-0.019286970840417226,4.383841710002636e-07,0.3899615463347879,0.390032045764977,0.39013706511367424,0.3900661684717071,0.9745701689279019,0.971455810397531,0.5127222166141289,0.9440705294898365,-0.007861882948492487,0.0037058535271421934,-0.3296290229863258,-0.11469869405572597,-0.033041368927166914,-0.06706432956138375,-0.0002471235369790743,-0.00018988912130355905,-0.0003044729383313395,0.4171753641379135,0.36862997687963533,0.4062646095460045,0.3824363691548879
140,1.1666666666666667,0.9781255277352212,0.9997607251053311,0.5,0.9999678149823614,0.00042238818723824877,-0.00801190263884143,1.930485295688235e-06,-0.06960747155639165,-0.0015229911195213748,0.0,0.003793060516259792,-0.019214576391274465,4.5138790750570736e-07,0.3899598343628858,0.3900339418277414,0.39014079546332925,0.39006628547049244,0.9739448067591259,0.9712082255765627,0.5123782347777232,0.9439740117720185,-0.007876561749124388,0.003428739933615061,-0.3299079699196749,-0.11558852876251136,-0.03770963008600248,-0.07070489486044051,-0.0007494530974374154,-0.00039158073944939455,-0.00021741300651565213,0.42004229488375927,0.3747228113746542,0.41196576821344466,0.3848684598810434
141,1.175,0.9775344351613043,0.999747617349738,0.5,0.9999671646913032,0.0004384154055367524,-0.008091806167952168,2.0270534313778883e-06,-0.07093064181567037,-0.0015938992052659153,0.0,0.0039011047243094274,-0.019138577182629415,4.6458497676981773e-07,0.3899581308725376,0.3900358452787125,0.3901445309156711,0.39006640879613586,0.9732139733193756,0.9709681728587926,0.5120092470231741,0.9438415797903756,-0.00811461248466094,0.0030425510855557596,-0.33028467752217017,-0.09121086707676307,-0.04174785768281675,-0.07173754040358249,-0.00033359466358273113,-0.00010974910127456145,-0.00023970337467027616,0.42120933680125056,0.3755293563471388,0.4122732952753024,0.3854869875264379
142,1.1833333333333333,0.9769322074384417,0.9997339030693803,0.5,0.9999665102011465,0.0004548966177956677,-0.008171385481136504,2.1274928450177946e-06,-0.07226682888256071,-0.0016674799290355257,0.0,0.004010985078648324,-0.01905897453627757,4.779718049483543e-07,0.38995643626182463,0.39003775619001285,0.39014827053307316,0.3900665378436378,0.9724956676318529,0.9706878521230305,0.5115377149325252,0.943749690001759,-0.008664569775182946,0.0025953965122269577,-0.3305370051433562,-0.10082643859224971,-0.04118733912038541,-0.054380659192954095,0.0002357348926022947,-0.0002322985531560064,-0.0004143556901346746,0.4221193612504301,0.3727370400676074,0.4119140742937731,0.38871883981500444
143,1.1916666666666667,0.976318736539706,0.9997195595570411,0.5,0.999965851687086,0.00047183946715970317,-0.008250625567602051,2.2319150812461483e-06,-0.07361597743430376,-0.0017438083909063857,0.0,0.0041226978294559525,-0.01897577010198394,4.915445896064961e-07,0.3899547509298808,0.39003967463635314,0.39015201336653804,0.39006667199503087,0.9718742403750671,0.9704091863485476,0.5111315484032057,0.9436337638210324,-0.008739727725379558,0.0022008668174981435,-0.3308686946833897,-0.11303721873686667,-0.039289356677041365,-0.05959665336683351,0.00010638209885956703,-0.00040124789324362433,-0.0002796938030692455,0.4187928013032397,0.371160427189291,0.4097534417466636,0.3847686551332179
144,1.2,0.975693914918936,0.9997045634726451,0.5,0.9999651893275334,0.0004892515789970569,-0.008329511424149939,2.3404332339750525e-06,-0.0749780296971095,-0.0018229609382775954,0.0,0.004236238195075188,-0.01888896585600853,5.052992999879099e-07,0.38995307527689893,0.3900416006948582,0.39015575845599026,0.3900668106198471,0.971127026703075,0.9702286181518374,0.5107251673940201,0.9435046637870897,-0.00892185168608994,0.0019432107656354718,-0.33123341302837,-0.0962262810139558,-0.0535849406940625,-0.06571039064843243,-0.00024405465434578017,-0.00014753690110769004,-0.00043547973070345495,0.41915892977156577,0.37367770824961777,0.41140136044062015,0.3842265693287948
145,1.2083333333333333,0.975057635531125,0.9996888908328939,0.5,0.9999645233040211,0.0005071405565718175,-0.008408028056532214,2.4531619128011585e-06,-0.07635292544761854,-0.0019050151624598589,0.0,0.0043516003486626246,-0.018798564099807333,5.192316775679039e-07,0.3899514097041398,0.3900435344448883,0.39015950483058043,0.3900669530755969,0.9704597606059858,0.9699271904504073,0.5102627965665724,0.9434068445151308,-0.009220060857602118,0.0015889452885478404,-0.3315056431686434,-0.1099024269871518,-0.03385255490685468,-0.06352646048608523,0.00010249131227169677,-0.0002561962523519449,-0.0003994441790465031,0.42213878393938875,0.3727373830136065,0.41078187685488404,0.38740465464532065
146,1.2166666666666666,0.974409791852795,0.9996725170009341,0.5,0.9999638538011003,0.0005255139766617539,-0.008486160480804144,2.570217207518879e-06,-0.07774060201458449,-0.0019900498945500007,0.0,0.004468777405324075,-0.018704567458919907,5.33337236887453e-07,0.38994975461394427,0.39004547596785283,0.390163251508993,0.3900670987082655,0.9697968011710844,0.9696468681455775,0.5098556071093655,0.9433057932162421,-0.009286888886793574,0.001376376967216969,-0.33179216350891216,-0.11282483115311326,-0.04398002779150145,-0.06938356283557878,-0.0004868815206409856,-0.0004905346889425984,-0.0002622408450902499,0.41894285478130916,0.3738921728283193,0.4134243011249953,0.3856636813427356
147,1.225,0.9737502779023539,0.9996554166760646,0.5,0.9999631810062369,0.0005443793851235413,-0.008563893724672218,2.69171665074315e-06,-0.07914099428077644,-0.002078145200582614,0.0,0.004587761409746727,-0.01860697888205613,5.476112666762631e-07,0.38994811040974514,0.39004742534702047,0.3901669974997601,0.3900672468528222,0.9690853285314773,0.9693996402978793,0.5094502576487989,0.9431965207218406,-0.009400463604319554,0.000962062583784094,-0.33210093197373497,-0.10734822890554607,-0.052409938894470987,-0.07357057252350696,-0.0004464892584442107,-0.0001143938030886561,-0.00042561379506530367,0.42114138717198063,0.37532808418972363,0.41349443290010707,0.38647076724923984
148,1.2333333333333334,0.9730789882604355,0.9996375638834898,0.5,0.9999625051097063,0.0005637442924075177,-0.008641212828838738,2.8177791786511214e-06,-0.08055403468510107,-0.002169382375950457,0.0,0.00470854332434031,-0.018505801640382312,5.620488312615668e-07,0.3899464774960829,0.390049382667323,0.3901707418015843,0.3900673968337408,0.9630916972735407,0.9672137918381224,0.5055023667574253,0.942217640298039,-0.010888669336765645,-0.001692699699607187,-0.33482008595512436,-0.10659672488460004,-0.04083207653123866,-0.08386591894808948,-0.00014856930856011147,-0.0002506731224520892,-0.00032050359366735115,0.42293599409582594,0.37559629934182787,0.41339210675294025,0.3877968441544712
149,1.2416666666666667,0.972395818090218,0.9996189319641219,0.5,0.999961826304484,0.0005836161690241166,-0.008718102848343777,2.948525089854538e-06,-0.08197965322494376,-0.0022638439390855972,0.0,0.004831113017898651,-0.018401039327014118,5.766447722672168e-07,0.38994485627861997,0.39005134801515573,0.3901744834036665,0.3900675479655359,0.9623658815493531,0.9669207039497566,0.5050146495336311,0.9421155010132628,-0.010741889173110962,-0.0019292049478198394,-0.33511083649412343,-0.11105483650593051,-0.017520776087232015,-0.08273184460585448,-0.00010012289649384504,-0.00035281769776169213,-0.00030367472614498863,0.4226237351203101,0.3800289894468179,0.4194826540975642,0.3885668416792393
150,1.25,0.971700663157722,0.9995994935644412,0.5,0.9999611447861343,0.0006040024409641658,-0.008794548853905418,3.0840760024169916e-06,-0.0834177774587284,-0.0023616136243936117,0.0,0.004955459254793377,-0.01829269585672687,5.913937106000663e-07,0.38994324716416157,0.3900533214781694,0.3901782212860392,0.39006769955331233,0.9605071314323006,0.9663698057775701,0.5037697637490846,0.9418166340778371,-0.010756313719327434,-0.00257167916883599,-0.3359451085456037,-0.11646007020689186,-0.06411848240803764,-0.06454659319236056,-0.00038598373723752196,-0.0002508464022182592,-0.0003508369432441962,0.41953104021699145,0.38009308659059543,0.42237502419617984,0.3883082025676431
151,1.2583333333333333,0.9709934198520842,0.9995792206264207,0.5,0.9999604607526963,0.0006249104850752986,-0.008870535933259188,3.2245548090326043e-06,-0.08486833250869615,-0.0024627763744335656,0.0,0.0050815696847107536,-0.0181807754658915,6.062900487268719e-07,0.3899416505606733,0.3900553031450591,0.39018195441990494,0.39006785089332535,0.9597876312169111,0.9660764052282798,0.503326179401079,0.9417483329044675,-0.010787274394643135,-0.00291987800023977,-0.3361326917978296,-0.12708476171028327,-0.051955018153126975,-0.055864498296709364,-0.0005235153575245318,-0.00019060677869474718,-0.00039352131012408714,0.4226969979850781,0.3791228709289229,0.41419869094644246,0.3841022222302268
152,1.2666666666666666,0.9702739852058052,0.9995580843775189,0.5,0.9999597744045688,0.0006463476243967563,-0.008946049192497666,3.370085630385152e-06,-0.08633124106390254,-0.0025674183313368257,0.0,0.0052094308329424435,-0.01806528271263449,6.213279732433577e-07,0.3899400668773032,0.3900572931053492,0.3901856817679838,0.3900680012735538,0.9586917391398805,0.9656857086896751,0.5026368619142276,0.9415857318759326,-0.010824954986484149,-0.003394292555007026,-0.3365822464944579,-0.10989885565758639,-0.03916998403783456,-0.0727014565074513,-0.00016137306667273716,-0.00017776928290558452,-0.00030469205255247384,0.41950982116166574,0.3790744461024737,0.41466509095286164,0.3814058636440557
153,1.275,0.969542256914971,0.9995360553207505,0.5,0.9999590859443918,0.0006683211234549174,-0.009021073757411142,3.5207937667090414e-06,-0.0878064233834338,-0.002675626827458165,0.0,0.005339028091241807,-0.01794622247723652,6.36501457729587e-07,0.38993849652440243,0.39005929144917106,0.3901894022848633,0.3900681499742856,0.9544976048233286,0.9644106875694635,0.5001363827475721,0.9409850179195286,-0.010579906251466422,-0.004382478399811032,-0.3382544242397575,-0.11636784998463323,-0.022129204346299503,-0.08265235564813844,0.0004906803473815957,-0.00017730831343702678,-0.0004141573761256423,0.420877124046935,0.3797648998382082,0.4192456233770232,0.386551377500707
154,1.2833333333333332,0.9687981333594443,0.9995131032248377,0.5,0.9999583955769247,0.0006908381835219308,-0.009095594774830415,3.676805647575947e-06,-0.08929379729984203,-0.0027874903752529924,0.0,0.005470345709255234,-0.017823599962770813,6.51804265891486e-07,0.38993693991354994,0.39006129826703784,0.390193114917356,0.3900682962687144,0.9533411205621808,0.9640320040991422,0.4995056650265789,0.9408324898108104,-0.01057277902284819,-0.004613426051949902,-0.33867559516473666,-0.1195475275504454,-0.0437450993762134,-0.06824448163068597,-0.0004165506205112996,-0.00021158387368846505,-0.00020184340417887697,0.4210197999744778,0.38368731981601445,0.4238141059529156,0.3869871310106737
155,1.2916666666666667,0.9680415136230254,0.9994891971144524,0.5,0.9999577035089262,0.0007139059378398684,-0.009169597413972688,3.838248779933315e-06,-0.09079327822280044,-0.002903098656374944,0.0,0.005603366786538582,-0.017697420695988127,6.672299549972764e-07,0.38993539745757605,0.3900633136496146,0.3901968186048609,0.3900684394235472,0.9521758786131586,0.9637568924236667,0.4988561851603065,0.940669992302,-0.010489384487834956,-0.004682276355786591,-0.33912831595688064,-0.11054375417730578,-0.0361204858389752,-0.08198490882802556,-0.0004573867067764531,0.00011040393882137771,-0.0004492740178956258,0.42147755374036056,0.38208476364411376,0.4190425932324023,0.38425587042865317
156,1.3,0.9672722975135801,0.9994643052605533,0.5,0.999957009949028,0.0007375314468128556,-0.009243066867791624,4.00525169442336e-06,-0.0923047791429786,-0.003022542509988457,0.0,0.005738073265170425,-0.017567690528455516,6.827718795903665e-07,0.3899338695705859,0.3900653376874828,0.39020051227973207,0.390068578699622,0.9509725524910557,0.9633895587429043,0.49820553711694815,0.9405371143111382,-0.01029231688152669,-0.004697403176050209,-0.33950248779631814,-0.1205325986502026,-0.02351902183506116,-0.07185604424450598,-2.8665597911466876e-05,-3.531127811831961e-05,-0.000183686335140956,0.4230911964586627,0.3832123524581737,0.4223666981576033,0.38793144564290843
157,1.3083333333333333,0.9664903855831333,0.9994383951708243,0.5,0.9999563151076095,0.0007617216931696938,-0.00931598835433262,4.177943890013524e-06,-0.09382821063613923,-0.0031459139202913815,0.0,0.005874445922969751,-0.01743441563794944,6.984231954866826e-07,0.3899323566679875,0.3900673704709027,0.39020419486765046,0.39006871335253723,0.9497926082808027,0.9630646024764442,0.4976023138626782,0.9404124116055019,-0.010194727671492376,-0.004692316019833026,-0.3398507698923139,-0.10906343981588185,-0.02823293819891326,-0.03962086633308437,6.125078383232359e-06,-0.0003031943628202953,-0.0003288335566636343,0.42006667483710464,0.3826839892833387,0.4222805816810418,0.3853360244960217
158,1.3166666666666667,0.9656956791479256,0.9994114335802238,0.5,0.9999556191966693,0.000786483577099497,-0.009388347118094375,4.356455776971712e-06,-0.09536348086745708,-0.003273306003243066,0.0,0.006012464367328317,-0.017297602530113663,7.141768640574574e-07,0.3899308591665162,0.39006941208956863,0.3902078652880022,0.3900688426332888,0.9489788295672955,0.9628487174182414,0.4971706526445323,0.9402780978128926,-0.010096876552276333,-0.0044355530600391335,-0.34022856688747943,-0.11828167161873626,-0.03647680757935534,-0.06377595958268478,0.00020232954082255304,1.8831385105028284e-05,-0.00022080843166334604,0.41578913989591254,0.3759003910614525,0.416257721588085,0.3817139450008479
159,1.325,0.9648880803084318,0.9993833864416463,0.5,0.9999549224296955,0.0008118239113629422,-0.009460128431397864,4.540918618222001e-06,-0.09691049559606119,-0.0034048129924938116,0.0,0.006152107029667414,-0.017157258040382508,7.300256567815239e-07,0.3899293774842611,0.3900714626323637,0.39021152245426144,0.39006896578892014,0.9481982143755279,0.9626331263765857,0.49681533675022765,0.9402192056296552,-0.010078641484308608,-0.0045324229382686,-0.34039054554038317,-0.12097515800786329,-0.04531347304062017,-0.08333904875644782,-0.0005401186491322101,0.0004302325230657082,-0.00036587246452003333,0.4210374157240414,0.3809454566764989,0.4193310197205269,0.3849483579646851
160,1.3333333333333333,0.964067491969339,0.9993542189167095,0.5,0.9999542250215343,0.0008377494163817353,-0.00953131759576384,4.731464469118738e-06,-0.0984691581798021,-0.003540530224511976,0.0,0.006293351160526968,-0.017013389336176576,7.459621600773401e-07,0.3899279120406913,0.3900735221871077,0.3902151652743767,0.3900690820631761,0.9473658473082754,0.962353619024402,0.49643669375836835,0.9401382700086484,-0.010232186612529136,-0.00464306536924728,-0.3406079528816806,-0.11357082268439456,-0.023153244483120616,-0.05928383333137499,0.00029313083311657535,8.287045492113853e-05,-0.0004209499722486044,0.42541271187382074,0.3845599705596564,0.4217279551897657,0.38804959372453923
161,1.3416666666666666,0.9632338178594835,0.9993238953666675,0.5,0.999953527188257,0.0008642667153089599,-0.0096018999433,4.928226115679344e-06,-0.10003936958024545,-0.0036805541229054757,0.0,0.00643617282529641,-0.016866003919369408,7.619787803980955e-07,0.3899264632566823,0.39007559084030463,0.39021879265116594,0.39006919069716905,0.9452679175309703,0.9618313011025841,0.4955155019577894,0.9398687038633118,-0.00961951523837428,-0.004224060173544829,-0.3413743425340101,-0.10856761108430923,-0.02473553177577692,-0.0354384653267259,3.4165151300522454e-05,-0.0002782435889354356,-4.040089998605035e-05,0.41870468749397305,0.37924452023267546,0.4205315492751785,0.38539884652732714
162,1.35,0.9623869625517424,0.9992923793434612,0.5,0.999952829147026,0.000891382329082988,-0.00967186083809894,5.1313370113182345e-06,-0.1016210283678936,-0.003824982181934864,0.0,0.006580546900594611,-0.016715109629034216,7.780677495952863e-07,0.389925031554542,0.39007766867688387,0.3902224034827103,0.3900692909300523,0.9445020997383039,0.9616627570788928,0.4951547054092017,0.9398084894689084,-0.009420317203832695,-0.00411014173464094,-0.34154702089297917,-0.1404530516921132,-0.05657093573818717,-0.06126722607906476,-0.0004964721963674821,0.00022996489248074524,-0.00036802650641183833,0.41595169972418095,0.37468952748892925,0.4159228450201082,0.3825006688690162
163,1.3583333333333334,0.96152683148288,0.9992596335809094,0.5,0.9999521311159586,0.0009191026714676808,-0.009741185677648116,5.3409312121265934e-06,-0.10321403072763745,-0.003973912949215583,0.0,0.006726447071307699,-0.016560714644473146,7.942211305450947e-07,0.3899236173580369,0.39007975577993803,0.3902259966627562,0.39006938199970054,0.9427268544941594,0.9612319847441195,0.4944837905525245,0.9395810397080951,-0.009024409853536294,-0.003874779791196753,-0.34218564541695795,-0.13926539239107472,-0.045724784762635196,-0.05914031519047014,-6.47328785249154e-05,0.00015506204585023962,-0.00032066739529453236,0.42419377242488454,0.38326460684710495,0.4166111555797825,0.382810752383952
164,1.3666666666666667,0.9606533309733469,0.9992256199860505,0.5,0.9999514333139913,0.0009474340440816341,-0.009809859894252954,5.557143310744846e-06,-0.10481827046444026,-0.004127446007607484,0.0,0.006873845828292704,-0.01640282748852923,8.104308230232803e-07,0.3899222210924162,0.3900818522304606,0.3902295710811223,0.39006946314339663,0.9410351862809886,0.9607645650831327,0.4938187331092516,0.9394421886248269,-0.009011256425709463,-0.0038835794285721633,-0.3425669121503818,-0.12289900509326879,-0.026771345793341617,-0.04930873055709051,0.0005026764291657878,0.00011399810420365286,-0.0003242953867039813,0.4229424282855821,0.38272393693762363,0.4174998865977954,0.38284032599322315
165,1.375,0.9597663682470283,0.9991902996306391,0.5,0.9999507359607402,0.0009763826314192577,-0.009877868956474299,5.780108368876801e-06,-0.10643363900925648,-0.004285681956290124,0.0,0.007022714466753244,-0.016241457031182294,8.266885698316614e-07,0.38992084318443504,0.390083958107079,0.3902331256241072,0.39006953359852586,0.940146584353808,0.9604955125064158,0.49347016390899395,0.9393161215214929,-0.008832222292906393,-0.0037040637516424875,-0.3429190802666317,-0.11477940371901196,-0.03714040235844873,-0.06553865325908959,0.00022417822009985426,0.00021652806501240243,-0.00026810048555557975,0.41935081311617417,0.3788078507519175,0.41812125199134254,0.3836968815907145
166,1.3833333333333333,0.9588658514509413,0.999153632742805,0.5,0.9999500392763642,0.0010059544958665014,-0.009945198370581419,6.009961848496508e-06,-0.10806002542518704,-0.004448722391022824,0.0,0.007173023085295411,-0.0160766124934373,8.42985963172634e-07,0.389919484062379,0.3900860734857838,0.3902366591749045,0.39006959260327584,0.9393126054251922,0.9603696252009013,0.4931016360937536,0.9392564504819482,-0.008083793193038686,-0.003522336793268776,-0.34310284997239376,-0.12582805218603887,-0.03216349113840389,-0.06611530886801997,0.0006475003333001922,0.00015522917500293673,-0.0002861005689708468,0.42382050306013125,0.38033262724179895,0.41934825593571223,0.38781568761358814
167,1.3916666666666666,0.9579516896748783,0.9991155786988822,0.5,0.9999493434814234,0.0010361555727140803,-0.010011833682021765,6.246839541800946e-06,-0.1096973164138749,-0.004616669883588948,0.0,0.007324740585670471,-0.015908303451497022,8.593144512498624e-07,0.3899181441560834,0.3900881984396575,0.3902401706140203,0.39006963939734113,0.9383846429589066,0.9601580738383079,0.4927803594201671,0.9391283664416843,-0.008009232541728183,-0.003500465156653081,-0.34345525222705975,-0.1352377391617754,-0.02837850060460889,-0.040442294485765196,0.00016841197412761292,-0.00011666315751173955,-0.00023895192727036753,0.4238627871380458,0.3817728079845204,0.41964604977999637,0.3866974090389914
168,1.4,0.9570237929709953,0.9990760960154137,0.5,0.9999486487967395,0.0010669916651710675,-0.010077760476908651,6.490877499963496e-06,-0.11134539632214308,-0.004789627960424321,0.0,0.007477834673210017,-0.015736539841229847,8.75665345107474e-07,0.38991682389695653,0.390090333038599,0.39024365881969386,0.3900696732226354,0.9375284169095578,0.9599353798320243,0.4924505394994533,0.9390478293190964,-0.008108098992460651,-0.0034218960218879296,-0.34367386227270347,-0.13981297423081296,-0.04481479378932729,-0.039053049742254764,-0.000523266275259758,4.726976772808067e-07,-0.000306450223600293,0.41913120174748086,0.3784317618221148,0.4159946910124329,0.38158851649961434
169,1.4083333333333332,0.956082072373341,0.999035142341339,0.5,0.9999479554432544,0.001098468439381757,-0.010142964383528179,6.7422119607452405e-06,-0.11300414714887842,-0.0049677010804301605,0.0,0.007632271857961399,-0.015561331962930266,8.920298256928503e-07,0.38991552371799476,0.39009247734904895,0.39024712266832473,0.3900696933240035,0.9366165435850285,0.9597158100839761,0.49208057399683247,0.9389494878382687,-0.007869191483800064,-0.003289710059796569,-0.343949288298968,-0.12583256998643932,-0.03337534861370672,-0.05666538528858456,0.0002160532169211533,0.00018703994307793664,-0.0003239186266169724,0.42096459920315366,0.3786664791640345,0.4139819675155537,0.3811188000682633
170,1.4166666666666667,0.9551264399173277,0.998992674450372,0.5,0.9999472636418887,0.0011305914194487258,-0.010207431073866504,7.000979275022883e-06,-0.11467344855216473,-0.005150994611971427,0.0,0.007788017456527466,-0.015382690486361008,9.083989511214863e-07,0.389914244053798,0.39009463143371026,0.3902505610348997,0.3900696989499407,0.9356687902309083,0.9595242929347713,0.49177333469148543,0.9388848401243189,-0.007633440601754591,-0.0032356237076196516,-0.34413154215871383,-0.13421427133448738,-0.023065488737117334,-0.039649062069929686,0.0007573635260792413,5.5927153742697896e-05,-0.00038487317139881825,0.42288319459672635,0.37956351042040193,0.41810238183094584,0.3861839061491327
171,1.425,0.9541568086591397,0.9989486482335742,0.5,0.999946573613399,0.0011633659824650353,-0.010271146265158706,7.267315832293802e-06,-0.11635317785666827,-0.005339614809061933,0.0,0.007945035594617041,-0.015200626456099797,9.247636641627696e-07,0.38991298534058794,0.3900967953512657,0.39025397279342516,0.39006968935331615,0.9338909853103753,0.9591516414183843,0.4911035879061902,0.9386742818741619,-0.007177631584264878,-0.0029186485928582606,-0.3447180813987837,-0.12378828359697058,-0.023860879105885857,-0.06608676511644096,0.0001807808754871518,0.0001931913255026673,-0.0004725205753946514,0.41902023915230546,0.3775215383738668,0.416421956161408,0.3826593769563694
172,1.4333333333333333,0.9531730926950773,0.9989030186921332,0.5,0.9999458855782358,0.0011967973535585512,-0.010334095721460535,7.541357985220646e-06,-0.11804321006127974,-0.005533668786738036,0.0,0.008103289210311778,-0.015015151297172992,9.411147999199127e-07,0.38991174801621614,0.39009896915610026,0.39025735681736373,0.3900696637920944,0.9325063797801586,0.9588166351417099,0.49067792064350363,0.938547275907972,-0.006914313970100868,-0.0028136254074595042,-0.34506997357074476,-0.14147672874866846,-0.03992864206463498,-0.05201101077151882,0.0002813260469528607,5.976075204048502e-05,-0.0005190611602341602,0.4241802752573787,0.3805063217612147,0.4204974412837581,0.388761143048007
173,1.4416666666666667,0.9521752071808356,0.9988557399303485,0.5,0.9999451997564005,0.001230890600951371,-0.010396265255244164,7.823241973279387e-06,-0.11974341784701636,-0.005733264495623281,0.0,0.008262740058052725,-0.014826276820969953,9.574430936925535e-07,0.38991053252017155,0.3901011528980176,0.3902607119800736,0.39006962153006175,0.9311239524524728,0.9584770295009624,0.4902950735246342,0.9383994190394955,-0.006670171337131511,-0.002772329622047302,-0.3454769939505919,-0.1426234215475164,-0.03177133984073599,-0.06328574041092883,-0.0001481493498364473,0.0001551569295549139,-0.00019372821841943586,0.4241293575595017,0.3805560619400681,0.41614830621230614,0.3842703287579709
174,1.45,0.951163068350714,0.9988067651488365,0.5,0.9999445163673035,0.0012656506310373677,-0.010457640729019174,8.113103845576383e-06,-0.12145367158518845,-0.005938510695686788,0.0,0.008423348713352432,-0.014634015231456835,9.737391890330684e-07,0.38990933929358895,0.390103346621954,0.39026403715524866,0.3900695618375574,0.929671665609881,0.9581604872073078,0.48989660936839435,0.9382604115810858,-0.006298282380173094,-0.0026589240686637973,-0.3458622006255502,-0.14995202152462417,-0.03600486959519644,-0.043974293017562394,0.00022322143069194832,0.00014238988141454715,-0.00039834208675604456,0.4251140271679645,0.3824486870348199,0.41908309434196706,0.38625216736646656
175,1.4583333333333333,0.9501365935367556,0.9987560466379571,0.5,0.9999438356296196,0.0013010821834808805,-0.01051820805698,8.411079382901502e-06,-0.12317383934583433,-0.006149516929198722,0.0,0.00858507457823713,-0.014438379131673697,9.899936459609491e-07,0.38990816877925055,0.39010555036769473,0.3902673312173643,0.39006948399219904,0.9264018184430791,0.9574266643535029,0.4890808070912885,0.9379435866241626,-0.006186073499331174,-0.0025472881046232653,-0.346723336579145,-0.15535435463734926,-0.03826421650802159,-0.045909971744650946,-0.00019748839264878868,0.00030038707043507265,-0.0005393719080975037,0.42286746921673074,0.38014825656815976,0.4151802533904463,0.3822990029160591
176,1.4666666666666666,0.9490957011878144,0.998703535771472,0.5,0.9999431577611471,0.0013371898263396082,-0.01057795320668102,8.717304019085776e-06,-0.12490378690642878,-0.006366393492886664,0.0,0.008747875887420634,-0.01423938153051277,1.006196949346558e-06,0.3899070214215839,0.39010776416959025,0.3902705930421252,0.39006938727961327,0.9253195112300436,0.9571676267069422,0.4888168027121691,0.9378119630762607,-0.006145410889598549,-0.0025171510410621936,-0.3470801345319048,-0.154422118384423,-0.044191751164368576,-0.028045799733322774,-7.605091351958506e-05,1.0834944362220866e-05,-0.000533195158967163,0.4237730339770116,0.38140996565921864,0.4154331003612668,0.3819993926658568
177,1.475,0.9480403108885463,0.9986491830004374,0.5,0.9999424829786645,0.0013739779512147447,-0.010636862200740454,9.031912761733377e-06,-0.12664337776086868,-0.006589251409297185,0.0,0.008911709715215451,-0.014037035849779738,1.0223395174488822e-06,0.38990589766665756,0.3901099880562701,0.39027382150691686,0.39006927099416494,0.9243596651395386,0.9569785957143865,0.48857082454907397,0.9377471458624184,-0.005915266841416859,-0.0025394573423931734,-0.3472590548876867,-0.16614142309372415,-0.039153739635611196,-0.02999940657925082,-3.681711926220261e-05,-5.5950622381313836e-05,-0.00045807386400898245,0.4217030921295072,0.37820908604275466,0.4117558265150513,0.3793830709072975
178,1.4833333333333334,0.9469703433783236,0.9985929378473428,0.5,0.9999418114977886,0.0014114507684314544,-0.01069492111857422,9.355040112399045e-06,-0.12839247312874189,-0.00681820239736749,0.0,0.009076531983184201,-0.01383135593152979,1.0384117105839051e-06,0.38990479796217226,0.39011222205035734,0.3902770154912573,0.39006913443968366,0.9233740794262416,0.9567367962312514,0.48839005634400173,0.937656452899353,-0.0058557976204080394,-0.002727055645512982,-0.34750345197988836,-0.16302263699188302,-0.04395714271410167,-0.04459237444691677,-0.000314438967578885,9.562924860566142e-06,-0.00047266134309233165,0.4214321383458826,0.3798592452129221,0.4127642766932522,0.37847542365291587
179,1.4916666666666667,0.9458857205700687,0.9985347489004973,0.5,0.9999411435328333,0.0014496123022527615,-0.010752116098160944,9.686819986283186e-06,-0.13015093196488342,-0.0070533588422124135,0.0,0.00924229746853255,-0.013622356045680285,1.054403839932571e-06,0.38990372275744883,0.3901144661681823,0.3902801738772535,0.3900689769301927,0.9223424327797936,0.9565260712684691,0.4881759926559152,0.9375290919199019,-0.005844781888178554,-0.002720319992165941,-0.34784715061024213,-0.15638707703204968,-0.03844497889647913,-0.01884069367304453,-0.0002715555473959321,-9.025233822580532e-05,-0.0005233252073904144,0.42446554152496857,0.38182281781883154,0.4147322014088896,0.38143596932342577
180,1.5,0.9447863655690072,0.9984745638086734,0.5,0.9999404792966682,0.0014884663861299548,-0.010808433337839226,1.0027385631517969e-05,-0.13191861096922458,-0.007294833764132642,0.0,0.009408959813247235,-0.013410050897891818,1.0703061764717238e-06,0.3899026725034085,0.3901167204195001,0.39028329555005975,0.39006879779063125,0.920893155161407,0.9562320815625976,0.4878983938449102,0.9374016741836533,-0.005848649113189101,-0.002785645079042112,-0.34818979698251995,-0.15169545152828867,-0.02237666005109329,-0.03714889649795716,0.0003603776432253958,5.691714357073318e-05,-0.00020790773470131675,0.4196832742803656,0.3764304856463961,0.4110852762273735,0.3783183127616812
181,1.5083333333333333,0.9436722026913347,0.9984123292760131,0.5,0.9999398190005783,0.001528016657992611,-0.010863859098138279,1.0376869548118814e-05,-0.13369536459694079,-0.007542740786850501,0.0,0.009576471533981005,-0.01319445563770857,1.0861089600045485e-06,0.3899016476525519,0.39011898480720486,0.3902863793983385,0.39006859635757785,0.919350617350838,0.9558961421787002,0.4875934022763061,0.9372457992017386,-0.005718491249887884,-0.002931151792371034,-0.3486101247607273,-0.16705665471321574,-0.03313573103242984,-0.030598642037821255,-0.0003694890176685227,-8.565943367274394e-05,-0.0004960012772519437,0.4207558587007247,0.37861511828291844,0.41620363389165765,0.3823144340235407
182,1.5166666666666666,0.9425431574827972,0.9983479910572032,0.5,0.9999391628541253,0.0015682665555813602,-0.010918379703643018,1.0735403406676475e-05,-0.13548104506890285,-0.0077971941049801655,0.0,0.00974478403268641,-0.012975585866963825,1.1018024082935253e-06,0.3899006486589331,0.3901212593270454,0.3902894243147209,0.39006837197996924,0.9178007153612329,0.9555598804324484,0.4873753806920358,0.9371291729353106,-0.005817505217875565,-0.00300850257796226,-0.34892122145100185,-0.16250645280568854,-0.037327536990938714,-0.02116186493376082,-0.000400307782934234,-7.017513779519242e-05,-0.0003245374842057476,0.42104985810724155,0.37953426444879185,0.4139872000181112,0.37936042077935334
183,1.525,0.941399156737182,0.9982814939529264,0.5,0.9999385110650083,0.0016092193118265048,-0.010971981544894722,1.1103117966865792e-05,-0.13727550238243835,-0.008058308450739654,0.0,0.009913847607999344,-0.012753457648436996,1.1173767262816496e-06,0.38989967597812375,0.390123543967347,0.39029242919627416,0.39006812401981344,0.9162944616614831,0.955208627105738,0.4871777611458539,0.9369782894643746,-0.006249889117465211,-0.0031399947916654226,-0.34931756954259036,-0.15351253677858834,-0.041916994372137584,-0.006158302949055283,-0.0006328606510576547,-0.00011787844635912283,-0.0003976021829069428,0.4199787196639068,0.37733942488175953,0.41206688607980263,0.378517262445308
184,1.5333333333333332,0.9402401285147157,0.9982127818055939,0.5,0.9999378638389271,0.0016508779502756264,-0.011024651080328253,1.148014299584792e-05,-0.13907858432240858,-0.008326199059912534,0.0,0.010083611467371946,-0.012528087514747538,1.1328221153887206e-06,0.3898987300671771,0.39012583870872797,0.39029539294496773,0.3900678518529001,0.9147531933850562,0.9549363234462909,0.4869510890145841,0.9368424421800146,-0.006042098786353345,-0.0031653123867894524,-0.3496851617811885,-0.15652513824870873,-0.032227471990853296,-0.024583533128841317,-0.0004883732758994283,-5.584607309946743e-05,-0.00043557563622609395,0.4179194660900139,0.3735422515129579,0.4093289075231994,0.3774160078443069
185,1.5416666666666667,0.9390660021603676,0.9981417974953657,0.5,0.9999372213794454,0.0016932452805732913,-0.011076374838246823,1.1866607186643403e-05,-0.14089013647260704,-0.008600981637067654,0.0,0.010254023739959012,-0.012299492477500886,1.1481287828618396e-06,0.38989781138458574,0.39012814352381986,0.39029831446813895,0.39006755486950795,0.9136869831897292,0.9546907515558103,0.4867878284685099,0.9367731767501681,-0.0058206137156391015,-0.0032387626445684425,-0.34987375750962474,-0.16747819401065067,-0.03433463275572812,-0.009768360000966814,-0.0004570202063359341,-0.00014112156129988688,-0.00032857921983882473,0.4198877494967768,0.3768370101839069,0.4136083070205971,0.38031071482946277
186,1.55,0.9378767083220554,0.9980684829364651,0.5,0.9999365838878567,0.0017363238939960188,-0.01112713941883543,1.2262638076554022e-05,-0.14271000222748637,-0.008882772320045921,0.0,0.01042503149025427,-0.012067690036662795,1.1632869511912043e-06,0.3898969203902287,0.3901304583769941,0.39030119267896707,0.39006723247510133,0.9126265509727557,0.9544425788237504,0.4867107638035327,0.9366966800708214,-0.005717412478506752,-0.00342852540287003,-0.3500783997227102,-0.1613310105121224,-0.026093773387658725,-0.0017590282978208194,-0.00019727004671605617,-2.8085639491914094e-05,-0.00041700386616872474,0.41777275913496276,0.37564310350846114,0.41088181454283446,0.37665803460255304
187,1.5583333333333333,0.93667217896875,0.9979927790737937,0.5,0.9999359515630496,0.0017801161590455955,-0.011176931496213743,1.2668361965711781e-05,-0.14453802280421926,-0.009171687643723446,0.0,0.010596580732477535,-0.011832698190146568,1.1782868675544721e-06,0.3898960575453165,0.3901327832240859,0.3903040264969428,0.39006688409102297,0.9110231207443864,0.9541387636087075,0.486494641910555,0.9365365141509141,-0.006057686475530712,-0.00348745075559674,-0.3505003563248492,-0.10463556211661729,-0.047714746423688226,-0.1313370025325722,0.0023943291125850218,0.0010542658524765902,-0.000209254888523602,0.41544351977672395,0.373335138961662,0.4105906358521506,0.37627213658792047
188,1.5666666666666667,0.9354523474084776,0.9979146258798516,0.5,0.9999353246013777,0.001824624217103909,-0.01122573782052945,1.3083903835833745e-05,-0.1463740372551007,-0.009467844503061066,0.0,0.01076861644571403,-0.011594535443631017,1.1931188132862633e-06,0.38989522331233123,0.3901351180121197,0.3903068148483409,0.39006650915518193,0.9084988474552103,0.9535583747401855,0.48590412827420226,0.9363641622408693,-0.005125252422685916,-0.0028133317681108567,-0.35098144199219616,-0.16457309224526817,-0.035556259694669023,-0.00391141554237362,0.000237356568160239,-0.00016652103986103343,-0.00014716692895662216,0.44012509396053884,0.38785313739184046,0.4293499827031524,0.40508271856453537
189,1.575,0.9342171483062159,0.9978339623519704,0.5,0.9999347031965269,0.0018698499781523916,-0.01127354522009296,1.3509387269261488e-05,-0.14821788248029782,-0.009771360115450661,0.0,0.010941082589801096,-0.01135322082057792,1.207773113377547e-06,0.38989441815495324,0.39013746267904387,0.39030955666669653,0.39006610712273015,0.9073740680490326,0.9533192783465185,0.4857848553258206,0.9362444809802953,-0.005164203740334184,-0.002841745560926432,-0.35129976845399874,-0.16997361902387764,-0.02967377124282189,-0.0039114200265366605,-1.1663795627995868e-05,-0.00013795782923981857,-0.00014284698641841193,0.41814545278796006,0.37390931176197506,0.4090277999794735,0.3767796235451889
190,1.5833333333333333,0.9329665177016804,0.9977507265098637,0.5,0.9999340875393886,0.0019157951165592107,-0.011320340603554257,1.394493436836434e-05,-0.1500693932409544,-0.01008235198236924,0.0,0.011113922121964576,-0.011108773872441037,1.222240145952409e-06,0.38989364253798897,0.39013981715346396,0.3903122508932806,0.39006567746673143,0.9062916274535081,0.9530914469151585,0.4857218470942747,0.9361815745382663,-0.005469971878784174,-0.0030401681480884666,-0.3514610878608457,-0.16320740536375222,-0.01930466397447317,-0.01595772240091664,-0.00045006643267014553,-7.216631858458502e-05,-0.0002568948565457204,0.4169954022994356,0.37430911444351855,0.4103110477402232,0.3763887203555612
191,1.5916666666666666,0.931700393026999,0.9976648553935001,0.5,0.9999334778179328,0.0019624610669373185,-0.01136611096212272,1.4390665675385336e-05,-0.1519284021726567,-0.01040093785035227,0.0,0.011287077014200255,-0.010861214689070501,1.236510351756745e-06,0.38989289692728596,0.39014218135437656,0.39031489647757545,0.3900652196788243,0.9051562878118093,0.9528560430443428,0.4856111743821675,0.9360508351497671,-0.005906219885154553,-0.0032132729094197145,-0.35180054783826226,-0.17300076960005129,-0.025185774708846864,-0.003694671458742693,-9.06798851012116e-05,-7.022591267768419e-05,-0.0003291815796513177,0.4173924609079922,0.37506200219034586,0.4139694963054263,0.37962927371055377
192,1.6,0.9304187131242723,0.9975762850613068,0.5,0.9999328742170824,0.0020098490200764476,-0.011410843371830686,1.484670009280884e-05,-0.15379473979926847,-0.010727235671298218,0.0,0.011460488271399923,-0.01061056390929108,1.250574243614753e-06,0.3898921817896434,0.3901445551909138,0.39031749237775215,0.390064733269873,0.901776073338181,0.9521097861547989,0.4854144932256386,0.9357939520375734,-0.005674971039970014,-0.0037544066766157292,-0.3524817420294303,-0.1746756052311338,-0.04993783365055959,-0.023414650643471813,-7.937331293757531e-05,-0.00014586617830255683,-0.0003593857672184402,0.4157414122715376,0.3740162223423602,0.411662006898515,0.37665144860499405
193,1.6083333333333334,0.9291214182630142,0.9974849505887061,0.5,0.9999322769185917,0.0020579599189521763,-0.011454524995841483,1.531315480432863e-05,-0.15566823454714104,-0.011061363562116826,0.0,0.0116340959502186,-0.010356842731643784,1.264422415844335e-06,0.3898914975927134,0.39014693856208604,0.3903200375611521,0.3900642177706072,0.9006452444770807,0.9518431281170768,0.48528240712199333,0.9356886754033454,-0.005966920173092177,-0.004025615960012677,-0.35275330331794713,-0.16357162520943547,-0.027880461609564033,-0.0065607328695094225,-0.00016949229917872247,-0.0003818046084268436,-0.00016442929205977088,0.4222199686436736,0.37836640090478196,0.41202338519866927,0.3789951353503675
194,1.6166666666666667,0.9278084501574733,0.9973907860669929,0.5,0.9999316861009248,0.0021067944548151126,-0.01149714308680254,1.5790145196494808e-05,-0.1575487127597075,-0.0114034397637341,0.0,0.011807839178679537,-0.010100072925283308,1.2780455536362724e-06,0.3898908448048956,0.3901493313565322,0.39032253100476266,0.39006367273225445,0.8994863400731539,0.9516700206631499,0.4851650434731387,0.9356317055802853,-0.005737137987871082,-0.00429615917738892,-0.35290500106538175,-0.1802451341534561,-0.03576610160411775,-0.0022049413184288547,8.304150351667727e-05,-0.0003831643824204479,-0.0003551629767979937,0.4163701769093616,0.3738413195621482,0.4122534356688894,0.37787314930616867
195,1.625,0.9264797519838273,0.9972937246025568,0.5,0.9999311019391381,0.0021563530633632922,-0.011538684989244288,1.6277784781117692e-05,-0.15943599871246678,-0.011753582599467505,0.0,0.011981656176514128,-0.009840276841017088,1.2914344423637687e-06,0.3898902238952251,0.3901517334522724,0.39032497169569913,0.3900630977271578,0.8977281662514618,0.9513697041180282,0.48503448100808966,0.9354970170365355,-0.005412688291664855,-0.004670624554387749,-0.35326225270678613,-0.17946920499080088,-0.04387674246254525,0.0014585106803466363,-0.0001439686855191234,-0.0002791130890910831,-0.00015233638361857534,0.4166325861478387,0.37524542769318675,0.4106583375944138,0.3751075273599398
196,1.6333333333333333,0.9251352683972518,0.9971936983164547,0.5,0.9999305246047645,0.0022066359210008227,-0.01157913814202532,1.6776185118506123e-05,-0.1613299146283665,-0.012111910432785405,0.0,0.012155484276232973,-0.009577477422475186,1.3045799768195268e-06,0.3898896353332484,0.3901541447164653,0.3903273586316843,0.39006249234938456,0.8947037459429963,0.950708120153324,0.48482956610695904,0.9352267260827716,-0.006020557997867544,-0.005414754017618382,-0.3539567828716148,-0.1801966933372312,-0.03178431133661341,-0.009456591225120992,-0.00014966697816989167,-0.0002204013897595433,-0.0003440757605150966,0.417113494443735,0.37482513490659347,0.4090723522810143,0.37436784714191323
197,1.6416666666666666,0.9237749455488566,0.9970906383443384,0.5,0.9999299542657,0.002257642941185831,-0.011618490080824441,1.728545574161723e-05,-0.1632302806935911,-0.012478541624465203,0.0,0.012329259944922845,-0.009311698217397102,1.3174731703802928e-06,0.3898890795888964,0.39015656500517326,0.39032969082152874,0.390061856215319,0.892856682558539,0.9504131098430957,0.48470264278959596,0.9350698809822968,-0.006452290600656733,-0.005805448097388848,-0.3543571396178534,-0.17228204130057545,-0.028797757620846465,-0.014854751729270754,-0.0008558925895864129,-0.00016842417972101007,-0.00033301847867992933,0.4167362167128197,0.37700062681303825,0.4132005546732913,0.37577868804788517
198,1.65,0.9223987311024875,0.9969844748367429,0.5,0.9999293910860924,0.0023093737708707028,-0.011656728440679952,1.7805704081193802e-05,-0.1651369150737638,-0.012853594489165216,0.0,0.012502918806765458,-0.00904296338901902,1.3301051640489262e-06,0.3898885571323435,0.3901589941631289,0.3903319672856117,0.39006118896424524,0.8916045807358752,0.9501477066904374,0.48461761304328627,0.9349682311685874,-0.006693018355162401,-0.00606660199785466,-0.35461642171645125,-0.18394880121339607,-0.043792545190590726,-0.012397571392819273,-0.00037606820153445044,-0.0002894217534223096,-0.00032276773342019617,0.41686609501918975,0.3767672401262525,0.4150107205049476,0.37787205843521027
199,1.6583333333333332,0.9210065742513908,0.9968751369597393,0.5,0.999928835226234,0.0023618277870376433,-0.011693840958576665,1.833703539196466e-05,-0.16704963393056965,-0.013237187251425803,0.0,0.012676395666273148,-0.008771297727558108,1.3424672354061422e-06,0.3898880684338625,0.39016143202351034,0.3903341870563612,0.3900604902589148,0.8903686836201506,0.9499401253991817,0.48454144116004266,0.9349197858626168,-0.006662285808632641,-0.0063932417574797265,-0.354738966579982,-0.1900992804645285,-0.030237530747534436,-0.032940422536054115,-0.00013857868356942162,-0.00023967149572452456,-0.00016884755707934898,0.41807293875928203,0.3778458921572801,0.41310850712584546,0.37606871225901595
200,1.6666666666666667,0.9195984257347355,0.9967625528959578,0.5,0.9999282868424558,0.0024150040933325024,-0.011729815476080976,1.887955267998258e-05,-0.16896825143880742,-0.013629438001115598,0.0,0.012849624532234033,-0.008496726661764285,1.3545508074377336e-06,0.38988761396366833,0.39016387840772104,0.3903363491787352,0.390059759786099,0.8891681505810111,0.9497404881464908,0.48451216679241266,0.9348336180236344,-0.006373860755418184,-0.006729258773417318,-0.3549650653068166,-0.17373888422267392,-0.02117605613733975,-0.017698519192782536,-0.0005650711006466496,-0.000258094388471719,-0.0004758856569445089,0.41945934387136224,0.3819405753214474,0.4185026107923118,0.3787690834875418
201,1.675,0.9181742378539908,0.9966466498459846,0.5,0.9999277460870258,0.0024689015167998316,-0.01176463994202424,1.9433356631173217e-05,-0.17089257980387884,-0.01403046464833951,0.0,0.013022538642363973,-0.008219276270541304,1.366347457216441e-06,0.3898871941917553,0.3901663331251751,0.3903384527107004,0.39005899725712884,0.8866642477878287,0.9493539592461805,0.4842651965759019,0.934672094480605,-0.006634280198640784,-0.007297509812487395,-0.35537418093612505,-0.18940194081000783,-0.033528523281323164,-0.02119008004087819,-0.00044438986132836654,-0.00032681708211378346,-5.5096578286881294e-05,0.41598995631446256,0.37719922852412985,0.41698847017226626,0.3784041477477542
202,1.6833333333333333,0.9167339644891541,0.9965273540301373,0.5,0.9999272131080483,0.002523518604722094,-0.01179830241523477,1.9998545541167315e-05,-0.1728224292797222,-0.014440384877825256,0.0,0.013195070488654202,-0.00793897329460875,1.3778489244515115e-06,0.38988680958772104,0.3901687959730917,0.3903404967237134,0.390058202408416,0.8835791022325948,0.9488985971279991,0.4841091300347453,0.9344000137497814,-0.007222282415895594,-0.007808099432368722,-0.356066688310445,-0.17546977053468638,-0.029523515649554355,0.01420419584658994,5.739591604813171e-05,-0.00021747722546739052,-0.00017690337165722286,0.4177040106322919,0.3801687501783714,0.4165740949372502,0.37674196100508056
203,1.6916666666666667,0.9152775611148272,0.9964045906906231,0.5,0.9999266880493692,0.002578853621565908,-0.011830791067318502,2.0575215246487418e-05,-0.17475760818719863,-0.014859316102805924,0.0,0.013367151843411862,-0.007655845148195116,1.3890471198673305e-06,0.38988646062058613,0.390171266736292,0.390342480303198,0.39005737500196175,0.8822600148872938,0.9486873483566619,0.48400682954916857,0.9343041024574958,-0.007718660937286374,-0.008044085068122021,-0.3563026229202434,-0.1821007208984815,-0.028531105044959926,-0.004795098183468793,-0.00028321619043892573,-6.300718620731614e-05,-0.0003768517673518586,0.41091926814282914,0.3726947471638876,0.41177836968551784,0.37245871531813673
204,1.7,0.9138049848161353,0.9962782840940845,0.5,0.9999261710504811,0.0026349045460382107,-0.011862094185488538,2.116345905715885e-05,-0.17669792293293946,-0.015287375418416495,0.0,0.013538713785984648,-0.007369919930752585,1.3999341334240873e-06,0.38988614775860186,0.39017374518700754,0.39034440254902486,0.3900565148258457,0.8809467474920124,0.9485052851411837,0.4838986883444685,0.9342426938778446,-0.008078775587466572,-0.008115122575477975,-0.35645401822179,-0.18269514182326363,-0.023587597729091137,0.004292923520632375,-0.0003416397628067337,-0.0001208398693823971,-0.00011202303442755313,0.41342129354092527,0.37637958670770183,0.41567795862541446,0.37512212620112817
205,1.7083333333333333,0.9123161943044866,0.9961483575345348,0.5,0.9999256622464343,0.0026916690682551596,-0.011892200175443544,2.176336769081341e-05,-0.1786431780286619,-0.015724679554622607,0.0,0.013709686730158785,-0.0070812264386586315,1.410502242346238e-06,0.38988587146904935,0.3901762310846934,0.39034626257598726,0.39005562169469915,0.8763574359782605,0.9479155652296299,0.4835829472579027,0.9339042865901509,-0.00946168859500746,-0.008600209385961526,-0.35729441128569317,-0.19028185163038058,-0.024338265708967466,-0.007744816193949733,-0.0006713729834694886,9.356173644187053e-05,-0.0004881111796873586,0.4109409986652766,0.3745586164325817,0.4151718530017987,0.3739750029237247
206,1.7166666666666666,0.910811149933167,0.9960147333366891,0.5,0.9999251617677497,0.002749144587026569,-0.011921097564294934,2.237502920835259e-05,-0.18059317611096098,-0.01617134482870039,0.0,0.013880000452227315,-0.006789794176915073,1.4207439189748393e-06,0.3898856322180309,0.39017872417584815,0.390348059514278,0.39005469545016175,0.8743398671036939,0.9477309699453649,0.4834438937834805,0.9338092192236783,-0.009271940573594937,-0.008696034797338834,-0.35754545471823224,-0.20587871236291688,-0.019150088970176782,-0.02665208992116419,-0.00012813156898913394,8.020049972992295e-05,-0.00012665452667744105,0.4118919486050486,0.3776697526098699,0.4184849955246571,0.3748930944435245
207,1.7249999999999999,0.9092898137127666,0.9958773328596928,0.5,0.9999246697403356,0.002807328207258663,-0.011948775003542871,2.2998528951235747e-05,-0.18254771796158653,-0.016627487097286713,0.0,0.014049584119715757,-0.006495653370800023,1.43065183839773e-06,0.38988543047024693,0.390181224193845,0.39034979250996427,0.39005373596131643,0.873059494816785,0.9475922583752246,0.4833394169688419,0.933713842240011,-0.00931894175656502,-0.008791374200544586,-0.3577909024466661,-0.18711405465831055,-0.02343564821035704,0.006444859253290636,0.0001661571150197864,-0.00023146766162649107,3.7593635139850037e-06,0.4142206406549279,0.38274655969373117,0.4224373089269995,0.37613390002020103
208,1.7333333333333334,0.9077521493264348,0.9957360765012522,0.5,0.9999241862854076,0.0028662167374778474,-0.011975221272100687,2.363394948045674e-05,-0.18450660252821202,-0.017093221708019492,0.0,0.014218366320756867,-0.006198834977472545,1.4402188858726836e-06,0.38988526668877144,0.3901837308587674,0.39035146072546,0.39005274312510996,0.871729456635221,0.9474662657976495,0.48326151741238865,0.9336613441100711,-0.009513828598634286,-0.00903205899046203,-0.3579167549729463,-0.20616489480645983,-0.01794559043403199,-0.015267825563641813,-0.0006755752439765038,-0.00017492138729731109,-0.00019196065943967357,0.40934036686801195,0.37468928700432735,0.4164604576854382,0.3732910252916844
209,1.7416666666666667,0.9061981221449575,0.99559088370217,0.5,0.9999237115194124,0.002925806687478206,-0.012000425279367715,2.4281370517270867e-05,-0.1864696269457039,-0.01756866345078821,0.0,0.014386275094105526,-0.0058993706975155975,1.449438164048873e-06,0.3898851413348116,0.39018624387725487,0.3903530633399967,0.390051716866752,0.8703243869766795,0.9473084835176361,0.4830982322919622,0.9335513104129005,-0.009718495227897342,-0.009112688287106803,-0.35819612028753745,-0.20938960059099232,-0.02418569175166585,-0.0003237264061317635,-0.00013239642289209513,-4.954453278533036e-05,-0.00025977223813270574,0.41176527187289574,0.38044879175782104,0.4212387354546444,0.37469280728695364
210,1.75,0.904627699241656,0.9954416729512885,0.5,0.9999232455539546,0.00298609426609535,-0.01202437606835004,2.4940868885732144e-05,-0.18843658655789877,-0.01805392650861533,0.0,0.014553237959783192,-0.0055972929863781756,1.4583029999202645e-06,0.389885054867457,0.3901887629423588,0.3903545995500968,0.3900506571400912,0.8689794550490016,0.9471893709849788,0.4829663337590984,0.9334640358180978,-0.009796539559616383,-0.009172678145696892,-0.3584198426740368,-0.20550075107128585,-0.019071735373499266,-0.02440034076023334,2.2046695140583667e-05,0.00022937924644901215,-0.00036364358028410953,0.409854333779907,0.3781457068004653,0.41832042154042515,0.37209232267636455
211,1.7583333333333333,0.903040849407098,0.9952883617908445,0.5,0.9999227884957278,0.0030470753791092416,-0.012047062818828828,2.5612518457098953e-05,-0.1904072749398965,-0.018549124408189534,0.0,0.014719181950340806,-0.0052926350657203,1.4668069515497595e-06,0.389885007743428,0.39019128773340367,0.3903560685700368,0.3900495639279804,0.8633873579822032,0.9467169224653885,0.48263754415059423,0.933151438054906,-0.010322582927987838,-0.009276689020257644,-0.3592155077089205,-0.19969539659731028,-0.022257439223516418,0.0006893996565282556,0.00026050199916826555,-0.000269149683101975,-8.06736170613944e-05,0.4130544611604349,0.3813770937428887,0.4232068280501433,0.37689774954161975
212,1.7666666666666666,0.9014375431636225,0.9951308668222372,0.5,0.9999223404464499,0.0031087456272785277,-0.012068474850575776,2.6296390096163986e-05,-0.19238148392087664,-0.019054369970072305,0.0,0.014884033642730042,-0.0049854309346397795,1.4749438145518284e-06,0.3898850004168051,0.39019381791585944,0.3903574696323142,0.3900484372426104,0.8605477226745953,0.9464362339537218,0.48242809836195116,0.9329387300292208,-0.010218233297835983,-0.009224164772434033,-0.3597719117774298,-0.22471225590998678,-0.01345783604236317,0.0008873871561232427,-0.0002543396378954988,8.313840694369558e-05,-0.00029937864600695777,0.4090284650468281,0.37689774214699356,0.41915398675376875,0.3731771282118838
213,1.775,0.8998177527796691,0.994969103712213,0.5,0.9999219015027992,0.0031711003045089064,-0.012088601626615118,2.6992551609562394e-05,-0.19435900360744585,-0.019569775258599632,0.0,0.015047719190768609,-0.004675715380744312,1.4827076282996493e-06,0.3898850333387533,0.3901963531412276,0.3903588019881122,0.39004727712582793,0.8590289714013298,0.9463821456288053,0.4823405800791473,0.9329020983094756,-0.010158073507289287,-0.009285994213569435,-0.3598670015767822,-0.2101980479151444,-0.02133828659250936,-0.043287913674500134,0.00013842029130034988,0.00017310052157793994,-0.0003702506798515705,0.40771302519847236,0.3798395805272707,0.4204408430405483,0.3700791305564581
214,1.7833333333333332,0.8981814522839102,0.9948029871994687,0.5,0.9999214717563597,0.003234134396157973,-0.012107432756531533,2.7701067696109993e-05,-0.1963396224075237,-0.020095451531501166,0.0,0.015210164358190777,-0.004363523991069127,1.4900926818678915e-06,0.38988510695723677,0.39019889304692623,0.3903600649077565,0.3900460836494343,0.8575420810691305,0.9462626219374122,0.48221458726074884,0.9328037044921415,-0.010253212068824572,-0.009278420117869182,-0.3601194682992377,-0.20880008698286323,-0.014220658912333928,-0.021691568944814943,0.00035020636438496636,-2.922269690871814e-05,-0.00038388087057784556,0.41597349229583896,0.3852279346220419,0.42699465393841113,0.3794785996084625
215,1.7916666666666667,0.8965286174791803,0.994632431101676,0.5,0.9999210512935641,0.0032978425774789657,-0.012124957999823282,2.8421999899220823e-05,-0.19832312705477484,-0.020631509189259475,0.0,0.015371294552271087,-0.004048893162821251,1.4970935196932265e-06,0.3898852217167248,0.3902014372561961,0.3903612576811757,0.39004485691545787,0.8561406482804036,0.9462046505736688,0.48204098137121093,0.9327276211128305,-0.01000746552540896,-0.009266889920918833,-0.36032368808912896,-0.21504657175519526,-0.017944605809983027,-0.01021738992461052,0.0003458542309235952,-0.00024914413868143875,-6.63434610443731e-05,0.4114406540475044,0.38119321703130477,0.4244208798665247,0.37636186169738617
216,1.8,0.8948592259561987,0.9944573483229285,0.5,0.999920640195646,0.003362219212205771,-0.012141167269299797,2.915540656145134e-05,-0.20030930263359342,-0.0211780577242324,0.0,0.015531034858002573,-0.0037318601139105533,1.5037049469437036e-06,0.3898853780578854,0.39020398537801276,0.3903623796183538,0.39004359705640307,0.8546466776587183,0.9461113145610743,0.4819973306904383,0.9326594861483671,-0.009881184711886521,-0.009336791072267798,-0.360501691284003,-0.23136800838897686,-0.02378115481158627,-0.017398413264940737,0.00015154035463573975,-0.00018035265003471594,-7.89523767158102e-05,0.4100870222512356,0.37988660324707346,0.4220559445912689,0.3739536941633052
217,1.8083333333333333,0.8931732571070795,0.9942776508616141,0.5,0.9999202385385917,0.0034272583512814534,-0.012156050634522766,2.9901342781215888e-05,-0.20229793260464835,-0.021735205669561986,0.0,0.015689310072820734,-0.0034124628932706074,1.5099220346126028e-06,0.3898855764172746,0.39020653700700686,0.3903634300497819,0.39004230423548236,0.8531205980777754,0.9460544663790094,0.48191464212558444,0.9325786030197102,-0.009631696730261407,-0.009287203444606398,-0.3607189036633381,-0.2123763275503121,-0.02217086804778834,-0.014956920097120019,0.00042239940271551193,-6.157342236657761e-05,-0.00039893902015281237,0.41182084763063587,0.382996920702338,0.4227280426525986,0.37321085270935295
218,1.8166666666666667,0.891470692138627,0.9940932498187136,0.5,0.9999198463931006,0.0034929537317325973,-0.012169598325289896,3.065986037171592e-05,-0.20428879883099557,-0.02230306054789374,0.0,0.0158460447418601,-0.00309074039094182,1.5157401242914183e-06,0.38988581722701227,0.39020909172339757,0.3903644083269048,0.39004097864682125,0.8516470788450139,0.9459266578550626,0.4817677798805938,0.9324885036941254,-0.009406045089849819,-0.009280546518139388,-0.36095787600547463,-0.22013766643782517,-0.01442939554850975,-0.02226158760883501,0.0005656799439290717,4.455012364644856e-05,-0.0002597267438552051,0.41142289257164033,0.3799732658602403,0.4224355186363741,0.37545727857005173
219,1.825,0.8897515140854078,0.9939040554065266,0.5,0.9999194638245452,0.003559298775691611,-0.0121818007351602,3.1431007822122606e-05,-0.20628168160476373,-0.02288172881993038,0.0,0.016001163193725496,-0.0027667323478920854,1.521154832642219e-06,0.3898861009144504,0.390211649092938,0.39036531382256595,0.39003962051563856,0.8501161878259939,0.9458613382710475,0.4817455709516885,0.9324223841512416,-0.009414288027053554,-0.009313332514526223,-0.3611275820982552,-0.21405545184258745,-0.012358765911424374,-0.026087196226742826,0.00022037978136238862,0.0001516195664501155,-0.0005109600091766779,0.4117267224421682,0.38192469451488903,0.42459733488491885,0.375949705759843
220,1.8333333333333333,0.8880157078225985,0.9937099769578277,0.5,0.9999190908929376,0.0036262865895691277,-0.012192648425019758,3.221483026105023e-05,-0.2082763596744212,-0.02347131583284463,0.0,0.016154589576763658,-0.00244047936556094,1.526162055559251e-06,0.3898864279018349,0.3902142086668708,0.3903661459314461,0.3900382300984049,0.8447232915584562,0.9455648359860074,0.4815286926094938,0.9321480341041243,-0.008716707104837346,-0.008976599166343486,-0.3618611366262916,-0.24693973499689825,-0.007904689149074162,-0.01996792852144158,0.00029830969704232476,6.170052919752075e-05,-0.00013155336390106476,0.41196753287318066,0.3814566723966852,0.4256724380637719,0.37766103181324756
221,1.8416666666666666,0.8862632600786026,0.9935109229354514,0.5,0.9999187276529002,0.0036939099633785583,-0.012202132126686742,3.301136942235491e-05,-0.21027261027262908,-0.02407192576857576,0.0,0.016306247895821177,-0.0021120229151048693,1.5307579720014012e-06,0.38988679860595526,0.39021676998189214,0.3903669040704987,0.3900368076829777,0.8431336685244838,0.9455240798820846,0.4814974075789222,0.9320992523709518,-0.008522137933137091,-0.008847053515899397,-0.3619945946262846,-0.2345955513131326,-0.01307000932901925,0.022360727700804217,0.0006037450254450511,-0.00014859578051064498,3.2666507213295394e-05,0.4106741258776704,0.3848988659458149,0.4249359863019993,0.3720943424529502
222,1.8499999999999999,0.88449415944743,0.9933068009423092,0.5,0.9999183741536394,0.003762161370214781,-0.012210242746554394,3.382066361329057e-05,-0.21227020914468794,-0.024683661592035177,0.0,0.016456062049473467,-0.0017814053463288968,1.5349390475102452e-06,0.3898872134377884,0.39021933256013264,0.3903675876793805,0.39003535358870967,0.8415872351068313,0.9454515444327987,0.4814938628586244,0.9320662243138326,-0.008030205096190526,-0.008707349753434623,-0.3620942575625038,-0.2291625956870491,-0.012153371985357264,-0.01968256704077964,0.0003380360337121204,6.313099899216968e-05,-0.00045793932514260005,0.4043685573248612,0.3760377261912543,0.4172011132969039,0.3669369163238548
223,1.8583333333333334,0.8827083964008384,0.9930975177318374,0.5,0.9999180304389239,0.003831032965888917,-0.01221697136927066,3.464274768505163e-05,-0.21426893057758348,-0.025306624999246533,0.0,0.016603955867705054,-0.0014486698962738404,1.5387020373929384e-06,0.389887672802132,0.3902218959091474,0.3903681962208796,0.39003386816653246,0.8399619131201739,0.945363597286556,0.4813280467358501,0.9319582730181648,-0.007868884480402343,-0.00864651551739789,-0.3623770077963574,-0.25765397684419655,-0.004441739276084267,-0.03738734372405461,0.00036861781498151745,0.0001864503321953801,-0.0001728704947967522,0.4115557534329296,0.3820816665740426,0.4240895232691503,0.37486839366846836
224,1.8666666666666667,0.880905963300227,0.9928829792188771,0.5,0.9999176965470682,0.003900516588721009,-0.01222230926145292,3.5477653005728706e-05,-0.21626854742963667,-0.02594091636544601,0.0,0.01674985315002667,-0.0011138606974472863,1.5420439895652929e-06,0.3898881770972334,0.3902244595219175,0.390368729181334,0.3900323517990171,0.838375853926036,0.9453647105705048,0.48123050971159353,0.9319365532563295,-0.007445087649230198,-0.008460269375531074,-0.3624462101011702,-0.2467874973819173,-0.010722848402067164,0.025171857565225997,0.0005660145656695788,-3.079359249569866e-05,-3.434277535280965e-05,0.41331080449782825,0.38837024991651664,0.4281777254481037,0.3744169636039665
225,1.875,0.8790868544082802,0.992663090490986,0.5,0.9999173725109181,0.003970603759492426,-0.012226247875436401,3.632540743570109e-05,-0.21826883116076462,-0.026586634693169055,0.0,0.01689367770401193,-0.0007770227856805315,1.5449622470696197e-06,0.38988872671440444,0.3902270228768653,0.39036918607104926,0.3900308049004072,0.8351384134085903,0.9452273794160208,0.4810576604277105,0.9317916277323214,-0.006569678362867225,-0.008020146873814245,-0.3628455305750395,-0.2364465959309503,-0.008960353454579018,0.011543039101458152,0.0008307852446039498,-0.00011107952476308234,1.3092206158428507e-05,0.4039970488870841,0.37635761593580036,0.4167644528505931,0.3657118597283735
226,1.8833333333333333,0.8772510659003558,0.992437755820183,0.5,0.999917058357843,0.0040412856815596745,-0.012228778853054572,3.718603530548709e-05,-0.22026955186335673,-0.027243877560349718,0.0,0.017035353384234314,-0.0004382021075782672,1.5474544502340265e-06,0.38988932203763704,0.3902295854378817,0.3903695664247092,0.39002922791662675,0.8310462877672777,0.9451199698117554,0.480839718205765,0.9316548070528018,-0.005449832908187221,-0.0072405593736129,-0.3632315984556365,-0.26666751225734586,-0.002235878788547918,-0.02636570596486476,0.0006897058282194347,0.0003835062286672386,-0.0002190584283074776,0.4068336453543586,0.3772912428228267,0.4186368174095381,0.36941378738098546
227,1.8916666666666666,0.8753985958756125,0.9922068786751234,0.5,0.9999167541097296,0.004112553241131269,-0.012229894029449814,3.805955739607005e-05,-0.22227047829377133,-0.02791274106845947,0.0,0.0171748041315877,-9.744552755994507e-05,1.5495185385067513e-06,0.38988996344320437,0.3902321466543655,0.39036986980177896,0.3900276213252646,0.8286217586272951,0.9450171696749116,0.4806683474423777,0.931603206581596,-0.005066828675593227,-0.006625569972249996,-0.36338119730746,-0.25888324144447417,-0.007028015291499212,-0.03912467594638924,0.00012172792624264502,0.0004175253802558099,-0.00015405810397771933,0.41300276697353927,0.3873332891473587,0.4251178949007463,0.37191155236381396
228,1.9,0.8735294443678695,0.9919703617337063,0.5,0.9999164597829826,0.004184397007709218,-0.012229585436912695,3.8945990921715485e-05,-0.22427137790445756,-0.02859331979071213,0.0,0.017311954012970674,0.0002451991655460913,1.5511527519184267e-06,0.3898906512992576,0.39023470596127613,0.3903700957869048,0.39002598563552854,0.8261344742353975,0.9449275570462009,0.4805118419409218,0.9315027666612541,-0.004695263935065655,-0.006044083516489067,-0.3636537078780511,-0.25822079230080064,-0.0019923759372986183,-0.03967611044758401,0.00011908120874887739,0.0005676638640937225,-0.0002643983748617963,0.41600758693280643,0.3880615356188772,0.4264587708271109,0.3755168449156181
229,1.9083333333333332,0.8716436133561972,0.9917281068961122,0.5,0.9999161753885272,0.004256807234696599,-0.012227845308747778,3.984534951529149e-05,-0.2262720168767066,-0.029285706720362258,0.0,0.017446727261314528,0.0005896832523597477,1.5523556322197328e-06,0.3898913859654185,0.3902372627791992,0.39037024399030534,0.39002432138817694,0.8236206407884465,0.9448512800521531,0.4803642045806187,0.9314028212189465,-0.0043613296593365694,-0.005317158153914796,-0.36392511765218416,-0.262314218199744,-0.01035389312546986,-0.034143780338175,0.00037801180585726816,0.00040584193336040095,-0.000197648559685227,0.41585799620458774,0.3876908619990244,0.4269327421818433,0.376146902589637
230,1.9166666666666667,0.8697411067752298,0.9914800152982701,0.5,0.999915900931818,0.004329773860172622,-0.012224666083164285,4.075764321610178e-05,-0.2282721601540367,-0.029989993219124236,0.0,0.017579048315936954,0.000935957077288136,1.5531260236596376e-06,0.3898921677923593,0.3902398165144268,0.39037031404815964,0.3900226291554214,0.8211171592465553,0.9447898458594922,0.4801272417014707,0.9313501310434009,-0.0035138068943604455,-0.004611573700055001,-0.3640787276875129,-0.2565643753789093,-0.0019908923030498293,-0.03991279611563203,0.0010293201822279643,0.0003424135496101401,1.0914387356641094e-08,0.41636764527877124,0.38684734459504505,0.42472430800684796,0.37523184845043167
231,1.925,0.8678219305251963,0.9912259873257531,0.5,0.9999156364128496,0.00440328650783649,-0.01222004040718925,4.168287846023809e-05,-0.2302715714762152,-0.030706268965739632,0.0,0.017708841863201125,0.001283970043365993,1.5534630733906717e-06,0.3898929971213839,0.3902423665590482,0.3903703056229833,0.3900209095408054,0.8186195072733926,0.9447385840588661,0.47984558144848416,0.9312415757047181,-0.0029139160408086394,-0.0038290609980480643,-0.3643706561513622,-0.25629807866186516,-0.000797770808880216,-0.0542773005605679,0.0005479716167310734,0.000611795268326428,-0.00023548056617909353,0.4170367893274133,0.3867967245921265,0.42609972287881065,0.3773534597372997
232,1.9333333333333333,0.8658860924816649,0.990965922628101,0.5,0.9999153818261737,0.0044773344881213085,-0.012213961140601377,4.2621058073455195e-05,-0.23227001341392145,-0.03143462190472076,0.0,0.017836032877457268,0.0016336706076004067,1.5533662315712232e-06,0.3898938742839988,0.3902449122910554,0.3903702184039999,0.39001916317905494,0.8160512483215793,0.9446208841860125,0.47964412197559736,0.9311587156683983,-0.0024353292195862255,-0.003056722066164259,-0.36459315936613723,-0.2636330680468757,-0.01413391064886138,-0.04886536434985933,-0.000440768953108656,0.0006834049704468223,-0.00026516365159316366,0.4199093454619256,0.3886474398121109,0.4282256510402386,0.380389289990823
233,1.9416666666666667,0.8639336025049941,0.9906997201335686,0.5,0.9999151371609186,0.004551906799479152,-0.012206421359883183,4.357218126656938e-05,-0.23426724740405327,-0.03217513819529818,0.0,0.017960546662248632,0.001985006276865671,1.5528352510601714e-06,0.3898947996014776,0.39024745307446446,0.390370052107508,0.39001739073590114,0.814350813180113,0.9445677021262787,0.4794941967800916,0.9311341573070909,-0.002250950997226768,-0.00267709971319685,-0.36466004367458155,-0.2719336029891939,-0.02168665383283086,-0.03700549812021836,-3.8974203390793936e-05,0.0007179739887253526,-0.0003870066510518007,0.4211417538099889,0.38823462415527366,0.42535598874030583,0.37910424155144035
234,1.95,0.8619644724494868,0.9904272780642966,0.5,0.9999149024008145,0.004626992129838373,-0.012197414362189237,4.4536243633377966e-05,-0.23626303378567975,-0.03292790216060049,0.0,0.018082308891758235,0.0023379236043453424,1.5518701867975099e-06,0.3898957733844255,0.39024998825944684,0.3903698064772349,0.390015592907879,0.8117842122865252,0.9445265270128842,0.4791629642616209,0.9310256322347624,-0.0019596833764972056,-0.0018254978043783362,-0.36494396737128176,-0.27191234247231355,-0.027750728538145086,-0.03690461349414864,8.325933615727756e-05,0.0006099763459285695,-0.0003521237868716986,0.4202140801732959,0.3869717452269052,0.4224396146799089,0.37650187555125847
235,1.9583333333333333,0.8599787161722404,0.9901484939519052,0.5,0.9999146775242209,0.004702578858234094,-0.01218693366932815,4.551323715109474e-05,-0.23825713183664268,-0.03369299623709465,0.0,0.018201245652474357,0.0026923681865505446,1.5504713948330908e-06,0.38989679593233445,0.3902525171824764,0.39036948128468507,0.39001377042209734,0.8091874815828616,0.9443863931304031,0.47887113181504976,0.9309362951694026,-0.0016162022357882916,-0.0010994131470820647,-0.36517638685617687,-0.2627337793738471,-0.021458451846156912,-0.051454201321388116,-0.00020207127267092998,0.0005810198909471246,-0.00034717450164727445,0.4213398807056961,0.3864290278063035,0.42149082723771325,0.3771663979508297
236,1.9666666666666666,0.8579763495416888,0.9898632646535053,0.5,0.9999144625041599,0.004778655056612763,-0.012174973031755831,4.650315018329306e-05,-0.24024929981080845,-0.03447050092431515,0.0,0.01831728348505595,0.0030482846609289076,1.548639530973405e-06,0.38989786753313627,0.3902550391664908,0.3903690763294811,0.39001192403598284,0.8074370408337991,0.94425631133673,0.47856370392869174,0.9308578110857879,-0.0016686625296941106,-0.0005935338426648168,-0.36537733758884827,-0.27814260779702726,-0.030028736199516626,-0.02489058295623847,-1.8228386472994516e-05,0.0003643237377680886,-0.00012929892570057725,0.4234044103233624,0.38718932471220857,0.4244603886253441,0.3814018543005762
237,1.9749999999999999,0.8559573904458301,0.9895714863681274,0.5,0.9999142573083524,0.0048552084918115634,-0.012161526432577584,4.750596748534567e-05,-0.24223929497597205,-0.035260494734910934,0.0,0.018430349426368117,0.003405616704084574,1.5463755491373899e-06,0.3898989884627523,0.3902575535210674,0.39036859143969327,0.39001005453699544,0.8057479744166369,0.9442389420131029,0.47842205947116184,0.9308072774399904,-0.001233174819409604,-0.00019953852038844607,-0.36550821020737195,-0.2533713395406423,-0.0004285833179018539,-0.0051218837025801545,0.0008665861503153569,-0.0001508860467439861,3.209529671516023e-05,0.4200974727133613,0.3842306791727946,0.4191177187721086,0.3757065393793119
238,1.9833333333333334,0.853921858800135,0.9892730546535634,0.5,0.9999140618992586,0.004932226627713311,-0.012146588091556377,4.852167021234729e-05,-0.24422687365241363,-0.03606305414503826,0.0,0.018540371051671795,0.0037643070306295806,1.543680699315716e-06,0.38989969542451525,0.3902605231036493,0.39036756291512703,0.390008626298442,0.803979770768062,0.9441820812303036,0.478283577634688,0.930757106073438,-0.000989600473558506,0.00021345268039288173,-0.36563668391267157,-0.2912711522885969,-0.030474204114305792,-0.03201656247749929,-0.00024539444474043807,0.00039236648867677125,-0.0003113029803975278,0.4134212498568481,0.3773200766089549,0.4192836961767625,0.3761199370523672
239,1.9916666666666667,0.8518697765551306,0.9889678644436194,0.5,0.9999138762341232,0.005009696627577495,-0.01213015246912469,4.95502359295032e-05,-0.2462117912521094,-0.03687825354512892,0.0,0.018647276515101587,0.004124297400664094,1.4380627334971982e-06,0.3899136303587662,0.39024521319330274,0.3903523505016221,0.39002637262154133,0.7960371323941279,0.9437792903521973,0.4774324378078361,0.9305042260591281,0.00018649496575395046,0.001661232696699124,-0.36627734138444684,-0.26626419064054163,-0.016427743500957437,-0.05148291269844729,0.00031167359913989974,0.0002981748351898139,-0.00016072170931203644,0.4217757942591866,0.38609307519125846,0.42001258996895285,0.3763228336263974
240,2.0,0.8498011677036534,0.9886558100657751,0.5,0.9999137002650662,0.005087605366893087,-0.012112214266051755,5.05907845837404e-05,-0.2481938023185956,-0.03770616519106201,0.0,0.018761224335977288,0.0044208778021592714,1.2296948099674797e-06,0.389955598376475,0.39019131096943616,0.3903109641693343,0.39008079154450437,0.7942481433897147,0.9436306775347136,0.4771118482977262,0.9304095726366466,2.906373989775982e-05,0.001989629806078338,-0.36651612198459477,-0.26509142906102623,-0.002104729143570516,-0.00945030127381119,0.0005674288565281674,2.494178155858319e-05,-0.00010045182588175798,0.4246008147980304,0.38648334384661825,0.4241344603390995,0.3827999571978145
241,2.0083333333333333,0.8477160575527558,0.9883367851459969,0.5,0.9999135269834538,0.00516602468309431,-0.012093307142004699,5.164157958800643e-05,-0.25017274874008044,-0.03854687293195867,0.0,0.018893207175027626,0.00458948129439485,1.1273418923060424e-06,0.3899979115849044,0.39013600952139205,0.3902711123384439,0.3901347132110054,0.7924912211190155,0.9435848357070634,0.4769694946911363,0.9303692545145057,0.0006191977049025112,0.0023491054056104478,-0.366615805104088,-0.2765148496004288,-0.028229049354300262,-0.044546845434007,-0.0004487788147660139,0.00042322663461973216,-0.00037960410696689153,0.41582936640861995,0.3788570250111174,0.41916702449924803,0.3766529791796995
242,2.0166666666666666,0.8456144719968544,0.9880106825045921,0.5,0.9999133493701349,0.005245033056452532,-0.0120739638130626,5.2701767708599826e-05,-0.2521485595975261,-0.039400473292469464,0.0,0.019034332908512693,0.0046949617553634524,1.131091777082868e-06,0.3900119302132487,0.3901182696730157,0.3902586099284299,0.39015204547462357,0.7897810510714228,0.9434116266268415,0.47667497996932545,0.9302687563500784,0.0006658247764240849,0.0026697117258080577,-0.3668684645421936,-0.2570909792761311,-0.015318989089740942,-0.05003524667329118,6.760061347334042e-05,0.00040101825908644403,-0.00012274788661167433,0.4253231264220099,0.38574229003162863,0.4214503497264846,0.3814592000778946
243,2.025,0.8434964375268673,0.9876773941592559,0.5,0.9999131673535279,0.005324628203488337,-0.012054177540135207,5.377138016939763e-05,-0.2541211628722252,-0.04026706242798309,0.0,0.019174904690004935,0.004802064861963116,1.1349341532207262e-06,0.3900116793972623,0.39011964643128766,0.39025943182098427,0.390151233757776,0.7879997801337325,0.9432801720337882,0.47650070746630624,0.9302170792807023,0.0005454904945261424,0.002671730802206894,-0.36699965900409315,-0.25149907999224563,-0.008029979323842529,-0.01344012464278288,0.0002696319996906859,-0.00025045818360948927,-3.638792142472944e-05,0.4246914191862688,0.3839876768144101,0.4240518246730743,0.3851774706505147
244,2.033333333333333,0.8413619812394184,0.9873368113281897,0.5,0.9999129808614655,0.00540480778772205,-0.012033941538191602,5.4850448964366144e-05,-0.25609048543824925,-0.04114673611602586,0.0,0.01931490971353453,0.004910801598319026,1.1388705286254509e-06,0.390011436537627,0.39012104204666703,0.3902602597809128,0.3901504170950205,0.786150050545878,0.9431617648618973,0.47631158905855253,0.9301217132968814,0.00045006184066785653,0.002877578880882961,-0.3672398609053729,-0.2813406519337702,-0.022814352022826334,-0.02022630770737166,-0.0003887637476156135,0.0002592151703735124,-0.0002658672599970518,0.41753942499556196,0.3769013855819706,0.4191698286262263,0.3802166755183592
245,2.0416666666666665,0.839211130846101,0.9869888244332913,0.5,0.9999127898211945,0.005485569418867602,-0.012013248976619933,5.5939006870113556e-05,-0.2580564530549543,-0.04203958974752983,0.0,0.019454334979252624,0.005021182861371724,1.1429024233503308e-06,0.3900112018891072,0.3901224566850573,0.3902610937810708,0.3901495955469987,0.7843604419672787,0.9430884320273337,0.4761332092239132,0.9300603679545096,0.0010823754649729696,0.0031112863165449717,-0.3673919709535465,-0.2725497243366015,-0.0057383213139861056,-0.0066752089471766585,0.000382479459372951,-0.0002638481767866032,2.613368465340836e-05,0.4202714436050083,0.3813605220637731,0.4188241921161651,0.3780731280551817
246,2.05,0.837043914682806,0.9866333231034189,0.5,0.9999125941593755,0.005566910652021651,-0.01199209297959542,5.703708745854383e-05,-0.26001899035954684,-0.04294571831796883,0.0,0.019593167292301997,0.005133219458865721,1.1470313695989293e-06,0.3900109757089537,0.3901238905128231,0.3902619337936534,0.39014876917572433,0.7825325243737845,0.9429134372035842,0.47599627473951794,0.9300071680821703,0.0011134215193682206,0.0032065733967181374,-0.3675257072578101,-0.2818774699123394,-0.025592565531440403,-0.007204753890588389,0.0002464737175147657,-0.0002626972014827146,7.383758374234545e-05,0.4161512263886952,0.37782005741607694,0.418538271446559,0.3772336737240898
247,2.058333333333333,0.8348603617191099,0.9862701961777294,0.5,0.9999123938020837,0.005648828986848029,-0.01197046662645688,5.8144725109611546e-05,-0.26197802085970934,-0.04386521641836144,0.0,0.019731393261702222,0.0052469221073099615,1.1512589117309386e-06,0.390010758256908,0.3901253436967701,0.3902627797901913,0.39014793804460474,0.78070498020921,0.9427326339247694,0.4757944834588112,0.9299280768903793,0.0008297718768209925,0.003236022593186444,-0.3677262724464621,-0.2784162713969418,-0.03603085977906817,-0.018807194347464362,-0.00029053093258361504,-7.8763063477458e-06,-0.0003064431778579156,0.418632310058736,0.3787822015623555,0.4162929167596033,0.37646950796531997
248,2.066666666666667,0.8326605015677254,0.9858993317090923,0.5,0.9999121886748082,0.005731321866757572,-0.011948362952091757,5.926195502417778e-05,-0.2639334669262882,-0.04479817822614017,0.0,0.019868999299251684,0.00536230142991607,1.1555866062585478e-06,0.39001054979520755,0.3901268164041193,0.3902636317415445,0.3901471022184665,0.7788989212830676,0.9426582831050717,0.4756123889913053,0.9298884059329243,0.0010330132941163393,0.0032882271558235068,-0.36782560128032304,-0.2848408831455096,-0.013817616264411026,-0.036944803954841454,0.00025702190763756983,2.7709363198459025e-05,-0.0003529993543888712,0.4215345001695791,0.3799543379219001,0.4173824840375067,0.37918339097801906
249,2.075,0.8304443644940123,0.9855206169675805,0.5,0.999911978702453,0.005814386678083412,-0.011925774947329864,6.0388813236967166e-05,-0.26588524978604516,-0.04574469749588627,0.0,0.02000597161845261,0.005479367954493972,1.1600160218507797e-06,0.3900103505885935,0.3901283088024824,0.39026448961789423,0.3901462617635804,0.7659805655964697,0.9415815815367292,0.4744993232898878,0.9294252135942574,0.0006889777510335968,0.00287415626704209,-0.36899869494441334,-0.2798430811928876,-0.020376049608716862,-0.030617576709485173,0.0003377992908875265,-5.270109555460779e-05,-8.014517052098802e-05,0.4217585694753901,0.38354894634664327,0.4233396828942049,0.3817751242805304
250,2.0833333333333335,0.8282119814255475,0.985133938444039,0.5,0.9999117638093352,0.005898020749251836,-0.011902695559345967,6.152533662962583e-05,-0.26783328951447305,-0.04670486754992925,0.0,0.02014229623344883,0.005598132111329004,1.1645487393125114e-06,0.39001016090431356,0.3901298210598408,0.39026535338873974,0.3901454167476815,0.7641354160120617,0.9413566750058645,0.4743504384914326,0.9293321245978696,0.00045357554070460984,0.00270018596599515,-0.3692347565646924,-0.2761295087328808,-0.03393317489530645,-0.02625817260148433,-0.0009093439861732465,5.651643898011912e-05,-0.0001831961400065365,0.4214018346465321,0.3838419663961944,0.42229077382982927,0.3798652851590426
251,2.091666666666667,0.8259633839617564,0.9847391818537318,0.5,0.9999115439191876,0.005982221349948736,-0.011879117692071261,6.267156294388045e-05,-0.2697775050286786,-0.047678781268810484,0.0,0.02027795895798311,0.005718604231026007,1.1691863515962382e-06,0.39000998101213236,0.3901313533445186,0.3902662230228896,0.39014456723999835,0.7622302829709766,0.9412261318838822,0.4741467966777967,0.9292496932259304,0.0004124185145251688,0.002786022490725745,-0.3694415726866215,-0.2780644568266655,-0.03429264419799738,-0.02841960340022598,-0.0004624144191028916,-3.0273980482860046e-06,-0.0002727432498898505,0.42193774563417935,0.3824080448834763,0.4203723183682782,0.37986646998462537
252,2.1,0.8236986043836011,0.9843362321400702,0.5,0.9999113189551562,0.006066985690281767,-0.011855034206613949,6.382753079479825e-05,-0.2717178140803319,-0.04866653108161011,0.0,0.020412945404375663,0.005840794542315428,1.1739304637994712e-06,0.3900098111843327,0.39013290582515797,0.39026709848845653,0.39014371331127634,0.7603318588022333,0.9410374861049381,0.47400708398248764,0.9292115553615693,0.0003058176622898721,0.002463742641928545,-0.36953987853854875,-0.27767083841313545,-0.02959306500802672,-0.036046669383876795,-0.00036217763415865125,2.068151033268233e-05,-0.0002193174683721964,0.4222042321144339,0.3827637830555731,0.4209616747098382,0.3803270780235154
253,2.1083333333333334,0.8214176756633293,0.9839249734784213,0.5,0.9999110888398024,0.006152310919938282,-0.011830437921689028,6.499327968414786e-05,-0.2736541332486859,-0.049668208956136536,0.0,0.020547240982519907,0.005964713169839665,1.1787826931695619e-06,0.39000965169572255,0.39013447867069667,0.39026797975285293,0.39014285503380053,0.758489292330741,0.9408048331682288,0.4738163293042188,0.9291395820229293,2.757365703304724e-05,0.0022771469397141323,-0.3697221266840339,-0.2870961831312413,-0.029079226988959483,-0.02647117545453992,-0.0001441471177871718,1.1505074681572486e-05,-0.0003077585614787033,0.42253049220614225,0.38391163928169125,0.42325900605129324,0.38179768060991315
254,2.1166666666666667,0.819120631474279,0.98350528928,0.5,0.9999108534951011,0.00623819412733912,-0.011805321614057349,6.616885001386144e-05,-0.2755863779336667,-0.05068390638897805,0.0,0.0206808308988985,0.006090370131905378,1.1837446690764891e-06,0.39000950282363983,0.3901360720503406,0.3902688667827849,0.3901419924814238,0.7565595338843661,0.9406319697276702,0.4735893670772869,0.9290597455792784,-3.5981241337294516e-05,0.0021822332607394847,-0.3699232700270591,-0.2865528108407789,-0.02722584533660921,-0.03942836395867677,0.0002457757673913715,-0.00014198564884752694,-0.00022053667116313564,0.4204298683057708,0.3833013997922387,0.4223050122030873,0.3793062925003506
255,2.125,0.8168075062007423,0.9830770621958428,0.5,0.9999106128424425,0.006324632338788337,-0.01177967801897417,6.735428309959718e-05,-0.27751446234903476,-0.05171371439541547,0.0,0.02081370015561912,0.006217775338199349,1.1888180330454391e-06,0.39000936484795834,0.3901376861335393,0.3902697595442454,0.3901411257295916,0.7546899609341515,0.9404360420016249,0.473408803765609,0.9289893740051526,2.6767437424905216e-06,0.001972866197413815,-0.370101135876826,-0.2722891395782967,-0.03647990544971558,-0.007123145650472784,-0.0006626592369784968,-0.0002547068080174977,-0.000146850994567946,0.42209534137996485,0.3851886611435611,0.42508028885585936,0.38183509400650395
256,2.1333333333333333,0.8144783349478838,0.9826401741208683,0.5,0.9999103668026309,0.00641162251761896,-0.011753499830647282,6.85496211844033e-05,-0.27943829951562194,-0.05275772349919555,0.0,0.020945833549472607,0.006346938587484424,1.194004438724442e-06,0.3900092380510908,0.3901393210899611,0.3902706580025117,0.39014025485536696,0.7528101913085155,0.9402029139687698,0.473255579826979,0.9289096520733701,-0.00041320637780269847,0.00173325737110337,-0.37030215144433853,-0.2849560992669198,-0.04072909141890069,-0.035069008983606986,-0.00053008889160929,3.296450649120407e-05,-0.0002024443971997999,0.4176807723320095,0.37790304524195173,0.4188444744835658,0.3784314910702482
257,2.1416666666666666,0.8121331535517173,0.9821945061980225,0.5,0.9999101152958854,0.006499161563334863,-0.011726779702704797,6.97549074524824e-05,-0.2813578012546418,-0.05381602372216431,0.0,0.021077215671010206,0.00647786956525575,1.1993055518842635e-06,0.39000912271799665,0.39014097708946444,0.3902715621221377,0.3901393799374579,0.7508992507127312,0.9399782204191686,0.47301273289769347,0.9288578240602582,-0.0003940657353736249,0.0016804544506714213,-0.3704324006712667,-0.2798871080387566,-0.018547770942989317,-0.03664213146906681,0.0002129578743548436,-2.606542008342982e-05,-0.00012106001735219394,0.4223446430580561,0.38395434046343785,0.42357919096834745,0.3817443827430544
258,2.15,0.8097719985891361,0.9817399388225113,0.5,0.9999098582418395,0.006587246310748831,-0.011699510248672839,7.097018604305705e-05,-0.28327287818107877,-0.05488870457375971,0.0,0.021207830903642564,0.006610577841366921,1.2047230504621522e-06,0.3900090191361829,0.39014265430207556,0.39027247186695013,0.39013850105624315,0.7490093496764,0.9398130808439179,0.4728773799460168,0.9288085461226296,-0.0004239429924225112,0.0014934609052611241,-0.370556708880612,-0.2763189625694995,-0.03256299263442175,-0.009502026019980736,-0.00014182658410192151,-0.0004450988943227022,-5.985271210627544e-05,0.41963537776650467,0.3833594848406266,0.42696123551668463,0.38301279087766243
259,2.158333333333333,0.8073949073879985,0.9812763516461213,0.5,0.9999095955595414,0.006675873529116922,-0.01167168404246314,7.219550206433594e-05,-0.28518343969715404,-0.05597585504036296,0.0,0.02133766342276147,0.006745072867634063,1.2102586244930476e-06,0.39000892759570976,0.39014435289796,0.390273387200046,0.3901376182937977,0.7471057149059321,0.9395527728559864,0.4727166430014944,0.9287257044051771,-0.0007654959456930805,0.0012088322179377548,-0.3707647754543759,-0.2929170171178552,-0.03473732763530357,-0.0414189904150819,-0.00038465652632568126,0.00016829011556679548,-0.0002244174898051607,0.41660401968493305,0.37821252919092135,0.42103774435878494,0.37917171360489443
260,2.1666666666666665,0.8050019180372681,0.98080362358163,0.5,0.9999093271674542,0.006765039921269221,-0.011643293618870756,7.343090160758099e-05,-0.28708939398587296,-0.057077563574507995,0.0,0.02146669719488427,0.006881363975397946,1.2159139761320765e-06,0.3900088483891957,0.39014607304739485,0.3902743080837834,0.390136731733923,0.7423153986735589,0.9390170535999083,0.4722352152649092,0.9285688652796625,-0.0008298452234007039,0.0010607954133925507,-0.3711577137865196,-0.29028480652899535,-0.038727383844472385,-0.010095285929628828,0.0001262424796057158,-0.0003721239766935429,-1.9944531215173257e-05,0.4216580262854837,0.3854591725489811,0.42671756270683575,0.38260038208289926
261,2.175,0.8025930693972064,0.9803216328073067,0.5,0.9999090529834558,0.006854742122737067,-0.011614331474081996,7.46764317612751e-05,-0.28899064800465396,-0.05819391808394851,0.0,0.02159491597681968,0.007019460373058101,1.2216908196799239e-06,0.390008781811822,0.39014781492074324,0.3902752344797817,0.3901358414621716,0.739428449876575,0.9386619441293806,0.4719993768576405,0.9284813335583615,-0.0007989623338453939,0.0009406485712374652,-0.37137701877356544,-0.3013463016415696,-0.047591677124003695,-0.024983970507047593,-0.00029358344971296477,0.0003083305714235156,-0.00020989045274251992,0.4167237256678112,0.38038090581337686,0.42150146572815983,0.3774864889112462
262,2.183333333333333,0.8001684011096193,0.9798302567715053,0.5,0.9999087729248387,0.006944976700876846,-0.011584790066192723,7.593214062539081e-05,-0.2908871074790406,-0.05932500592058178,0.0,0.021722303314857944,0.007159371143578899,1.2275908815609859e-06,0.39000872816133314,0.390149578688428,0.3902761663489156,0.39013494756587397,0.7337064159162521,0.9378438501086402,0.4715334414981424,0.9283044008133099,-0.0009421966409456666,0.000834432163461234,-0.37181898205860336,-0.2909163838446416,-0.055265278295391074,-0.02872085014101189,-0.00030428990939044805,0.00019227035388959403,-0.0003218741317822421,0.4201306617042186,0.38422757260225815,0.42319839333037107,0.3786756406693291
263,2.1916666666666664,0.797727953608154,0.9793293721973496,0.5,0.9999084869083102,0.00703574015399048,-0.011554661815737107,7.719807732575951e-05,-0.2927786768964993,-0.06047091386922898,0.0,0.021848842543984927,0.007301105241965603,1.233615900285911e-06,0.39000868773804276,0.390151364520902,0.3902771036513105,0.3901340501341679,0.7307433956019316,0.9374377454190912,0.471343539302932,0.9282319495526103,-0.00047271820365033716,0.000973420493652083,-0.37200037206944153,-0.2996727072111294,-0.05383852296824143,-0.01823112303704355,0.00021240499717394657,0.00016768744745567656,-0.00014180086587098782,0.42155351229060395,0.3840464251252778,0.42330028649312573,0.3802727005812511
264,2.2,0.7952717681286487,0.9788188550875132,0.5,0.9999081948499929,0.007127028910442669,-0.011523939106227003,7.847429202854145e-05,-0.2946652595003034,-0.06163172813627135,0.0,0.02197451678711921,0.007444671492700284,1.2397676265109053e-06,0.3900086608448382,0.39015317258862153,0.3902780463463404,0.390133149258027,0.7278695703876505,0.9369873314889008,0.4711421940937719,0.9281614146775992,-0.0004454919471783671,0.0007682234466747742,-0.37217683924895,-0.2841550921688363,-0.043559384599689555,-0.04190150398573067,-0.00025913613234448404,-4.129984363186021e-05,-0.00025231388903429203,0.41984569296200536,0.38345159485699154,0.4216232093174292,0.3775015049966037
265,2.2083333333333335,0.7927998867195327,0.9782985807290949,0.5,0.9999078966654237,0.007218839327775017,-0.0114926142847021,7.976083595479639e-05,-0.2965467572835069,-0.06280753433814162,0.0,0.02209930895437516,0.007590078587155265,1.2460478229991902e-06,0.39000864778717975,0.39015500306201834,0.390278994392623,0.3901322450302872,0.7220045189086537,0.936160932027432,0.47077699929615974,0.9279994435420559,-1.464471649875017e-05,0.0009903935560744324,-0.3725802620802275,-0.3070221571354059,-0.037831370901697525,-0.02612784712593963,8.212718521558016e-05,-0.00016319958177817102,-2.671385521895743e-05,0.4222568719010544,0.3853899628294612,0.4272069461218183,0.38349816469996917
266,2.216666666666667,0.790312352252275,0.9777684236985903,0.5,0.9999075922695557,0.007311167691817149,-0.011460679662290904,8.10577613951549e-05,-0.29842307098300724,-0.06399841748967021,0.0,0.02222320174235229,0.0077373350809723275,1.2524582645986122e-06,0.3900086488731069,0.3901568561114708,0.3902799477480171,0.39013133754567664,0.7200000630017603,0.9358685742971622,0.47065519483534796,0.9279906282540912,0.0003116152423286607,0.0010992053697966935,-0.3726017827601916,-0.28557731449561086,-0.06048448421354102,-0.009550500197419431,1.930207828631814e-06,0.00016816971474082563,-0.00018371966587661447,0.41920406888797107,0.38610526286420166,0.4252395709687414,0.3777330223574181
267,2.225,0.7878092084318833,0.9772282578669612,0.5,0.9999072815767555,0.007404010215794894,-0.011428127514782744,8.236512172459009e-05,-0.30029410007370166,-0.06520446199228586,0.0,0.02234617763344627,0.007886449391407417,1.2590007383023053e-06,0.3900086644132405,0.39015873190727607,0.39028090636961976,0.39013042690084354,0.7180531356443648,0.935594482746129,0.4706233478097503,0.9279255051137777,0.0002905577498861153,0.0011950345472604158,-0.37276365760085217,-0.2820093688156389,-0.047415211071133445,-0.020661672163158062,0.0001615326835840437,-3.6617005828492594e-05,-0.00016630307370358216,0.41934145869653294,0.38036316869098924,0.41962273105677017,0.3779367978459426
268,2.2333333333333334,0.7852904998074508,0.9766779564048047,0.5,0.9999069645008063,0.0074973630394356795,-0.011394950083210943,8.368297141729036e-05,-0.30215974276273644,-0.06642575162206991,0.0,0.02246821889519051,0.008037429794649678,1.2656770432004972e-06,0.3900086947207826,0.39016063061962064,0.39028187021376337,0.3901295131943861,0.7160915200564211,0.9352644707990806,0.47048583922590886,0.9278596742195233,0.00043976461140244694,0.0013207746388310688,-0.3729269192733077,-0.287089607871438,-0.050739508062347394,-0.0009780950690707613,0.00010259567355487301,7.310763353295883e-05,-0.00019836499958716892,0.4193958211979717,0.38145966729927494,0.4233274027269836,0.38059040389098486
269,2.2416666666666667,0.7827562717827503,0.9761173917876219,0.5,0.9999066409549051,0.007591222228071224,-0.011361139574447201,8.50113660616322e-05,-0.3040198959838531,-0.06766236951766423,0.0,0.022589307579623755,0.008190284423103942,1.2724889904585008e-06,0.390008740111521,0.39016255241855147,0.3902828392360126,0.3901285965268816,0.7131246810121463,0.9347527972860217,0.4703416201962434,0.9278218461407135,0.0007015048555762486,0.0013773988680756252,-0.37302041832496835,-0.29581331112648046,-0.03942100030623896,-0.021457164693389208,0.0002108703703734772,0.00011196074013581588,-0.00016413133129062084,0.41648626757959945,0.37847539829324467,0.4197902566005553,0.37708738390326635
270,2.25,0.7802065706268754,0.9755464358011879,0.5,0.9999063108516657,0.007685583771737665,-0.011326688161807449,8.635036237525379e-05,-0.3058744553918308,-0.06891439816803178,0.0,0.02270942552268133,0.008345021262644145,1.2794384033532513e-06,0.39000880090383216,0.3901644974739474,0.39028381339116214,0.3901276770009159,0.7111173187463662,0.9344336525436732,0.4702216564451496,0.9277458024395908,0.000715534469136592,0.0014360937256072354,-0.3732092599346305,-0.30676194626718667,-0.04801799229297021,-0.00023628840778999738,0.0004502005920461319,-0.00025826511300829286,-0.00011913740641588143,0.4184382944744911,0.38291314816698035,0.42474265921465626,0.37955650305274297
271,2.2583333333333333,0.777641443484927,0.9749649595470256,0.5,0.9999059741031157,0.0077804435842731825,-0.011291587985669167,8.770001822022895e-05,-0.3077233153570299,-0.0701819194000699,0.0,0.02282855434361804,0.0085016481498339,1.2865271172746075e-06,0.39000887741867984,0.3901664659554865,0.39028479263323484,0.39012675472111324,0.7091359128074008,0.9340905685293397,0.47020008706350047,0.9277257036367399,0.0011437013728658723,0.0013957103481873105,-0.3732583056698264,-0.2852031923100795,-0.035426469069888,-0.014804907665760814,0.00013918755720260535,-0.00010016472743807249,-4.72787941643669e-05,0.41570679068640387,0.38048547443913,0.42047822992834694,0.3749472188558849
272,2.2666666666666666,0.7750609383887455,0.9743728334479816,0.5,0.999905630620699,0.007875797502413314,-0.011255831154100428,8.906039261834179e-05,-0.3095663689600358,-0.07146501436607565,0.0,0.022946675444459035,0.008660172769115399,1.2937569796882178e-06,0.3900089699796183,0.3901684580326209,0.3902857769154805,0.3901258297941675,0.7071659449762876,0.9337402476018696,0.47002094829821667,0.9276549599615013,0.001225343910425901,0.001435939743278209,-0.3734336780047838,-0.3012418014618601,-0.057949751794683646,-0.007495123936179793,6.228651343186119e-05,-3.008231100813295e-05,-0.00017448055590458823,0.4166005951775977,0.37997865847894424,0.4244524776996539,0.38033430362158555
273,2.275,0.7724651042676861,0.97376992725391,0.5,0.9999052803152747,0.00797164128488402,-0.011219409743500707,9.043154576646136e-05,-0.3114035079864066,-0.07276376353106287,0.0,0.023063770009476736,0.008820602649968971,1.3011298501534635e-06,0.39000907891279263,0.39017047387454357,0.3902867661903727,0.3901249023288701,0.7051169164497748,0.9334410784212369,0.46995289410495705,0.9276247724850768,0.001654812073358506,0.0014451109422158046,-0.37350696743618594,-0.3011480892270546,-0.06966594699010509,-0.03203191684532647,-0.0005847228785584324,4.331454393095986e-05,-0.00014744926379481655,0.4181290127148424,0.38054300341545466,0.4205856558592823,0.37735548121577395
274,2.283333333333333,0.7698539909594388,0.9731561100474588,0.5,0.9999049230971173,0.008067970611492632,-0.011182315799253618,9.181353905201714e-05,-0.3132346229215258,-0.07407824665993064,0.0,0.023179819004699263,0.008982945164039954,1.3086476003103405e-06,0.39000920454694016,0.3901725136501581,0.39028776040960933,0.39012397243614394,0.7031556579143986,0.9331120882117567,0.46988417489116624,0.9276060838074887,0.002083290005834914,0.0014640824047998477,-0.3735511606845819,-0.3104413839690401,-0.06473708092961106,-0.020062383744884338,-3.4368335119935213e-05,0.0001402888456364132,-4.175788113728311e-05,0.4236675946956363,0.38451768670410513,0.4232234157385305,0.38155542248389407
275,2.2916666666666665,0.7672276492208893,0.9725312502499683,0.5,0.9999045588759166,0.008164781082216825,-0.011144541336391717,9.320643506857447e-05,-0.3150596029455627,-0.07540854280448274,0.0,0.023294803177449662,0.009147207522230956,1.3163121138806515e-06,0.39000934721339214,0.39017457752804824,0.39028875952410924,0.390123040229072,0.7011129405865147,0.9327079442668037,0.46976589863125195,0.9275602263554048,0.002164369239949728,0.001529074201044349,-0.3736642930778791,-0.32420643497806934,-0.06722060201642677,-0.010797812842555654,0.00025520847043806864,0.0003793958140756129,-0.00021046832009890073,0.42108870746467875,0.38362273866619667,0.4218456870040727,0.3785183287844258
276,2.3,0.7645861307390227,0.9718952156274747,0.5,0.9999041875607785,0.008262068216291744,-0.011106078340273521,9.461029763151074e-05,-0.31687833592854125,-0.0767547302902978,0.0,0.023408703055911362,0.009313396771765571,1.3241252866883347e-06,0.390009507246072,0.3901766656764475,0.39028976348401406,0.39012210582292967,0.691031454839121,0.9307689633516076,0.46935455219842853,0.9273502764551514,0.003271471512853249,0.001805840113887209,-0.3741757624087615,-0.3044857233645226,-0.0544889267970361,0.007919566925668198,0.0011283822513426362,-0.00020278793867589253,-0.00015161049825860313,0.41963630722440565,0.38351315766808797,0.42028615919365825,0.3755644451834284
277,2.3083333333333336,0.7619294881418669,0.9712478732968256,0.5,0.9999038090602244,0.008359827451295357,-0.011066918767272818,9.60251917937914e-05,-0.3186907084255209,-0.07811688670344993,0.0,0.02352149894873055,0.009481519793221304,1.3320890266057964e-06,0.3900096849814956,0.3901787782632074,0.39029077223868563,0.39012116933521584,0.6838744520682535,0.9292001879467265,0.46910149513705807,0.927253532323535,0.004531782056976268,0.0022126891662860404,-0.37440012520239413,-0.3095958714206315,-0.07518734985278996,-0.02379778405127153,-0.00026621923356099134,-0.00010520358402032398,-9.564116425362601e-05,0.4158808203803314,0.3792275393497227,0.41809843056127893,0.3738176079632335
278,2.3166666666666664,0.7592577750094759,0.970589089731907,0.5,0.9999034232821912,0.00845805414223226,-0.01102705454548045,9.745118386184656e-05,-0.32049660567189014,-0.0794950888770793,0.0,0.02363317094464477,0.009651583297528816,1.3402052535834547e-06,0.39000988075877285,0.3901809154557671,0.39029178573670664,0.3901202308856844,0.6818638255794169,0.9287765978123741,0.4689832357727178,0.9271959347277627,0.004887124242759419,0.0023951323104824227,-0.3745371516714483,-0.30815732344772195,-0.06579073507870792,-0.03078109365700077,7.588100762278154e-05,0.00017935484893501748,9.904018749149237e-06,0.4247553933462545,0.38577449868064784,0.41985320176697777,0.377855663705734
279,2.325,0.7565710458849522,0.9699187307699826,0.5,0.9999030301340318,0.008556743560615959,-0.01098647757541869,9.888834141154764e-05,-0.32229591157877546,-0.08088941287781276,0.0,0.02374369891214507,0.009823593822940214,1.348475899656679e-06,0.390010094919605,0.3901830774211198,0.39029280392588117,0.3901192905963772,0.6777489086286718,0.9278207266597516,0.46887230828109305,0.9271765955852658,0.005087807506247428,0.002938347856414025,-0.37457848433348473,-0.2914602216018025,-0.04886482330911379,0.004083947748062533,0.0008625847473409955,-7.987773987783968e-05,-4.513116414198097e-05,0.42477560452060387,0.38656218278554527,0.42219803507057485,0.3794439086699397
280,2.3333333333333335,0.7538693562855059,0.9692366616181461,0.5,0.9999026295225151,0.008655890893549859,-0.010945179730768327,0.00010033673330428426,-0.3240885087285676,-0.08229993399203397,0.0,0.023853062499174238,0.00999755773196603,1.3569029089162453e-06,0.39001032780828504,0.39018526432578093,0.39029382675323415,0.39011834859165634,0.6757250436583283,0.9273302301417713,0.4687269927333599,0.927121711166912,0.005323884556724096,0.003171882042552959,-0.37470912465600803,-0.31465374593058204,-0.07969228933497607,-0.03128344799539495,7.131936436203974e-05,0.00017364597030366036,-6.8701238743192345e-06,0.41705481239547787,0.3784161932197056,0.4184782397198835,0.3761240881730283
281,2.341666666666667,0.7511527627135518,0.9685427468598906,0.5,0.9999022213538257,0.00875549124280704,-0.010903152859108619,0.00010179642970314127,-0.3258742783705673,-0.08372672671200289,0.0,0.02396124113285451,0.010173481208280358,1.3654882374992288e-06,0.3900105797716959,0.3901874763357588,0.3902948541650122,0.3901174049982346,0.6736401138102687,0.9267978378521831,0.4686502812245363,0.9270966215029067,0.005193001341504619,0.003548988405167381,-0.37476965167454973,-0.31189119624014383,-0.07292868677442055,-0.015726335164228944,-0.00023572358184376774,0.0004142410025600767,-8.07392697802116e-05,0.42684330096714,0.38677234241643066,0.42043901329786654,0.37948635377332884
282,2.35,0.7484213226678411,0.9678368504617921,0.5,0.9999018055335641,0.00885553962390899,-0.01086038878267021,0.00010326750208917574,-0.32765310041675255,-0.08516986472182463,0.0,0.024068214019245318,0.01035137025359597,1.374233853631288e-06,0.3900108511593102,0.3901897136165195,0.3902958861066843,0.39011645994521,0.6716055991369406,0.9262931505555608,0.46858025138791976,0.9270959246458312,0.005574390245672165,0.003931633129408231,-0.3747620777765755,-0.31704002817861676,-0.07779391928914858,-0.0037254527450625297,0.00033491807222233295,0.00043100946962038744,-8.811932605531033e-05,0.4230667384638173,0.3833465452028809,0.419103491905076,0.3777898937374273
283,2.3583333333333334,0.7456750946546287,0.967118835780313,0.5,0.9999013819667476,0.008956030965203364,-0.010816879299101185,0.00010475002327779417,-0.32942485343766914,-0.0866294208832671,0.0,0.024173960143145982,0.010531230684507306,1.3831417375771704e-06,0.3900111423231852,0.3901919763329532,0.39029692252294584,0.3901155135641004,0.6685073295877082,0.9255029059280891,0.46843660304051454,0.9270652863113157,0.005737524995881482,0.004342595736029421,-0.374830865305558,-0.2993789651874912,-0.0733496112061971,-0.004680065529699684,0.0006890559844329474,0.00014119566146891777,2.3786466528133242e-05,0.42183984643800215,0.3815696617826831,0.41639494787968306,0.3756280297570447
284,2.3666666666666667,0.7429141381988735,0.966388565568722,0.5,0.9999009505578088,0.009056960106941082,-0.01077261618224633,0.00010624406743522972,-0.3311894146584474,-0.08810546722142772,0.0,0.024278458267926333,0.010713068129300018,1.3922138816448875e-06,0.3900114536179642,0.3901942646493441,0.3902979633577159,0.39011456598887373,0.6623421650342152,0.9239431186625516,0.4681982850524745,0.9270272708198394,0.006797105894500014,0.005321724341293134,-0.37489454218195084,-0.31316699774724954,-0.08677160971005682,-0.04451446120302682,-0.000129015049129804,0.0003001576950510801,-0.00014296750189723693,0.4215124944745011,0.37917703979387346,0.41713398963835374,0.37841543338801376
285,2.375,0.7401385138554717,0.9656459019841368,0.5,0.9999005112105968,0.009158321800352693,-0.010727591182939823,0.00010774971009511917,-0.33294665995494716,-0.08959807491024883,0.0,0.02438168693538984,0.010896888024734389,1.4014522902062597e-06,0.39001178540087256,0.3901965787293353,0.3902990085541423,0.39011361735598293,0.6602492815766963,0.9233644802956977,0.4680718517043612,0.9269630162337602,0.007059479267489139,0.005548760310181858,-0.3750452526646641,-0.31521811588721693,-0.08580416401320345,-0.012484558184922001,-0.00038295104904785917,0.00041545344179462306,-2.2713933515776867e-05,0.43089669057132274,0.3875800006889818,0.42109257242290254,0.38334236316542847
286,2.3833333333333333,0.7373482832205209,0.9648907065946859,0.5,0.9999000638283774,0.009260110706724344,-0.010681796029811374,0.0001092670281751803,-0.33469646385003166,-0.09110731425788182,0.0,0.024483624465682762,0.011082695612791994,1.4108589796453085e-06,0.39001213803171453,0.39019891873589446,0.3903000580546025,0.39011266780440124,0.6581639703452862,0.9227612475464991,0.4679018665550808,0.9269561421936051,0.006828413987536689,0.0058528135016556295,-0.37506189860618827,-0.30452014073947264,-0.06889975088760769,-0.0007951843321807317,0.0006433145083191291,6.520735006808036e-05,-8.768060947713681e-05,0.4253494361148246,0.3822469734444022,0.41603787809887466,0.3780534023586064
287,2.3916666666666666,0.7345435089426164,0.964122840386795,0.5,0.9998996083138325,0.009362321396473392,-0.010635222430106051,0.00011079609999398846,-0.3364386995099753,-0.09263325469189948,0.0,0.024584248957228872,0.01127049593739395,1.420435978420544e-06,0.390012511872871,0.39020128483128347,0.3903011118007074,0.390111717475652,0.6560559585717729,0.9220918329448895,0.4678836623210353,0.9270128616165085,0.005978962184077885,0.006041627402224124,-0.3749332009133174,-0.2989806730179789,-0.07601763007479834,-0.0037665127868125037,0.0005613032421379487,8.272674530884182e-05,-0.0002000522594743472,0.4210072381819508,0.3784394378410212,0.4166896376404129,0.3781446964874885
288,2.4,0.7317242547341747,0.9633421637725954,0.5,0.9998991445690604,0.009464948348223838,-0.01058786207051782,0.0001123370052878537,-0.3381732387410048,-0.09417596474435744,0.0,0.024683538286709206,0.011460293841093058,1.4301853270098333e-06,0.39001290728929455,0.3902036771770211,0.39030216973330395,0.390110766513848,0.6540259369137372,0.9216042484568562,0.4677707580835333,0.9269122235837011,0.006978798138335535,0.00627634225640596,-0.37516081042073646,-0.32680897407026954,-0.1039165942104403,-0.03277129329124495,-3.519906532571136e-05,0.0004011936101727221,-5.598097624822229e-05,0.4216499311621085,0.37746920149753943,0.41704830385230507,0.38011533869212066
289,2.408333333333333,0.7288905853827861,0.9625485365974599,0.5,0.9998986724955757,0.009567985947881788,-0.010539706618037005,0.00011388982522779728,-0.33989995198597805,-0.0957355120367037,0.0,0.024781470109077365,0.011652093961723764,1.4401090779174474e-06,0.39001332464850685,0.3902060959338489,0.39030323179247733,0.39010981506572445,0.6508770405170354,0.9206706441899453,0.46771142505374824,0.9268776232420809,0.0068906612915865416,0.006773852105138251,-0.3752392640006288,-0.3196022584487701,-0.11061288535831881,-0.033525745996604295,-0.0008872114844061556,0.00048300061767984854,1.880257952341298e-05,0.4304853901582981,0.38568113885083205,0.4178280294377804,0.38153110855284994
290,2.4166666666666665,0.7260425667625947,0.961741818147663,0.5,0.9998981919943105,0.009671428487711037,-0.010490747720811792,0.00011545464243662795,-0.34161870832120117,-0.09731196326453667,0.0,0.02487802185761386,0.011845900729031725,1.4502092956685322e-06,0.3900137643205934,0.3902085412616991,0.3903042979175564,0.3901088632806717,0.6446150556230099,0.9187044271217893,0.4673568673366905,0.9268197611865546,0.006717230621388529,0.007106049348050792,-0.3753791591838045,-0.29997886018796605,-0.08463509579913486,0.011075112447783697,-9.235561975831591e-06,-7.945823059340544e-06,-0.00016396617276715083,0.4311531601675527,0.3844229849237005,0.4173463570489663,0.38293695344913914
291,2.425,0.7231802658457042,0.9609218671581706,0.5,0.9998977029656129,0.009775270165408984,-0.010440977009023824,0.00011703154100611816,-0.34332937545338804,-0.09890538418221195,0.0,0.024973170744017597,0.01204171836126995,1.4604880568269436e-06,0.39001422667819946,0.39021101331965724,0.39030536804711713,0.39010791131077216,0.6423092887312293,0.9181670879765119,0.46759752967613055,0.9269065884021619,0.00817653282598705,0.007242568778549948,-0.37513313088168954,-0.31909022033063117,-0.09465292494172939,-0.013358999160067997,-3.238718600762581e-05,0.00014632321352507684,0.00010751309023306425,0.42054494035113027,0.37482743782350936,0.4134842583404611,0.37799494757165486
292,2.4333333333333336,0.7203037507136072,0.9600885418205573,0.5,0.9998972053092476,0.009879505083182987,-0.010390386095778123,0.00011862060651427973,-0.3450318197167628,-0.10051583958729741,0.0,0.025066893758539707,0.012239550861761655,1.4709474499661904e-06,0.3900147120965242,0.3902135122659295,0.39030644211898663,0.39010695931083605,0.6402336448048762,0.9175427262827983,0.4675989522385447,0.9269255088805206,0.00855198879266801,0.007274805751851759,-0.37507738091699266,-0.3032897879309382,-0.09698837951149786,0.004874454007014473,0.00023062484126188822,-0.0001405682211658205,-4.935986157928089e-05,0.42659953543447127,0.381269903577296,0.41538320543329144,0.3796503694959088
293,2.4416666666666664,0.7174130905686398,0.9592416997910549,0.5,0.9998966989243971,0.009984127246827427,-0.010338966578007393,0.00012022192604273929,-0.3467259060703084,-0.1021433933048771,0.0,0.025159167670156725,0.01243940201543766,1.4815895756499736e-06,0.39001522095331653,0.39021603825780615,0.39030752007024916,0.39010600743843515,0.6381507997284556,0.9168370721034179,0.46746446468220637,0.926894889208082,0.008649561451329415,0.007337360039159753,-0.37514958695738004,-0.293744550312125,-0.09461151324565709,0.004517749643584423,0.0001384716205610008,-0.00010855084606670924,-0.00019648135900816107,0.42373577471207485,0.37605835140588245,0.4121110799793679,0.37865253710322344
294,2.45,0.7145083557454568,0.958381198198732,0.5,0.9998961837096602,0.010089130564801513,-0.010286710037390847,0.00012183558819421306,-0.34841149809516403,-0.10378810817170374,0.0,0.0252499690267833,0.012641275385338912,1.492416546481788e-06,0.3900157536288684,0.3902185914516249,0.3903086018372501,0.39010505585394106,0.6339621971300915,0.9154343571305524,0.46725878157653206,0.9268480642230986,0.008183953309359886,0.007491247967224275,-0.37527266081879534,-0.33547775280518,-0.12389431435960718,-0.03217935732868216,-0.000888375823333035,0.000428021805520692,-0.00010714752253436582,0.42339723811687713,0.3745969548613971,0.41266731221605235,0.3802872165483322
295,2.4583333333333335,0.7115896177225289,0.957506893653807,0.5,0.9998956595630528,0.01019450884730813,-0.010233608041287702,0.0001234616831100815,-0.3500884579921732,-0.10545004602020037,0.0,0.02533927415553211,0.012845174309091266,1.5034304870529896e-06,0.3900163105060083,0.390221172002737,0.3903096873556024,0.39010410472055956,0.6318486613971775,0.9146907421220762,0.4671663054714417,0.9268439311675132,0.007804333576130331,0.007536227888700858,-0.37529005436407736,-0.31511029798387824,-0.0935792048688433,-0.04535192624157691,0.0014121324636897376,-0.0005654938213458281,-0.0002698970269085914,0.432681222591043,0.3857978847355461,0.41550395715628535,0.38129140560698926
296,2.466666666666667,0.7086569491336595,0.956618642256094,0.5,0.9998951263820081,0.010300255805373831,-0.010179652143685453,0.00012510030248806306,-0.35175664657958455,-0.10712926766231061,0.0,0.025427059163008647,0.013051101895351051,1.5146335339552086e-06,0.3900168919700954,0.3902237800654723,0.39031077656019214,0.3901031542043662,0.6296991522760287,0.913883383996153,0.46698336105619204,0.9268541241853608,0.007469783023891826,0.007471492163783664,-0.3752729828098611,-0.3247287070200833,-0.11238410023415302,-0.019741268940953738,-0.000679404098205136,0.00012087122084185445,-2.3681512831270114e-05,0.4305671020058081,0.38518312293410056,0.4222726451104809,0.3864477448672826
297,2.475,0.7057104237795195,0.9557162996035853,0.5,0.9998945840633764,0.010406365049930167,-0.010124833886163042,0.0001267515395999876,-0.35341592329090915,-0.10882583287319852,0.0,0.025513299935651837,0.013259061020221978,1.5260278357771525e-06,0.39001749840901145,0.3902264157931,0.39031186938518675,0.3901022044743443,0.627619972662174,0.9132256018495675,0.4669236551747116,0.9268151579774533,0.007735971276774142,0.007664571394059205,-0.37535992332290696,-0.3244237966051666,-0.10612041411777184,-0.02753395960041205,-0.0005290191461477114,0.00033915768603926953,-4.5063398299854706e-05,0.428134532343499,0.38166976295933347,0.4162327831896497,0.3815578862202152
298,2.4833333333333334,0.7027501166391994,0.954799720801169,0.5,0.9998940325034257,0.010512830090896529,-0.010069144798869046,0.00012841548930966911,-0.35506614617293475,-0.11053980037479774,0.0,0.025597972140124256,0.013469054323639222,1.5376155530810232e-06,0.390018130213153,0.3902290793377941,0.39031296576403973,0.3901012557024225,0.6255483183438594,0.9124538903494114,0.4667982737125677,0.9267739032612556,0.007802432691827948,0.007461832920076042,-0.3754644794484015,-0.32468358531544395,-0.11100931241320167,-0.028162329665043506,-0.00023103917052788944,0.00028400360591864,3.843637174575122e-05,0.4285795182952242,0.38261019979158906,0.41847142504819,0.3832737123075879
299,2.4916666666666667,0.6997761038817774,0.9538687604694865,0.5,0.9998934715978409,0.010619644336264744,-0.010012576401515035,0.00013009224809087768,-0.3567071718839017,-0.11227122781921034,0.0,0.025681051223736887,0.013681084205726302,1.5493988584294066e-06,0.39001878777542587,0.39023177085059774,0.3903140656294981,0.39010030806350776,0.6233929965149465,0.9116366843820284,0.46663027604922325,0.9267763885672708,0.007348664340237464,0.0072986778049513226,-0.37547070728476406,-0.33024560631021993,-0.12936784296546655,-0.027740670043641114,-0.0009197935629404084,0.0002305204592428382,9.652866800263745e-05,0.42903193676502294,0.38263651714228314,0.41828021130006576,0.3834970069572958
300,2.5,0.6967884628779021,0.9529232727539267,0.5,0.9998929012417247,0.010726801091185489,-0.009955120204384183,0.0001317819140454108,-0.3583388556918412,-0.11402017177195557,0.0,0.02576251241492273,0.013895152823124993,1.561379936362232e-06,0.3900194714912343,0.3902344904813834,0.3903151689136126,0.3900993617355275,0.6213220821589113,0.9109259133178929,0.4665006249600938,0.9267916666587475,0.007188232538494697,0.007260942045516471,-0.3754368317646601,-0.3305960518927398,-0.12765396459510914,-0.029652102407429215,-0.0009510442468024765,0.0001352117204950392,-2.3557315170930117e-05,0.4305387944052665,0.38297586042861576,0.416605877930103,0.38300616505309937
301,2.5083333333333333,0.6937872722113874,0.9519631113337623,0.5,0.9998923213295978,0.010834293557056854,-0.009896767709355275,0.00013348458692126393,-0.3599610514730789,-0.11578668769506913,0.0,0.025842330723762772,0.014111262085291688,1.5735609833697766e-06,0.39002018175847186,0.390237238378818,0.39031627554774334,0.3900984168994644,0.6181327666681113,0.9097575263854872,0.4663285982311446,0.9267462659578705,0.007360410783538201,0.007122808738268203,-0.37554819728221267,-0.31626982010489746,-0.13875841376772557,0.003997030905672494,-0.0012047580667161055,0.0004192234700630728,5.219488325411089e-05,0.4301953172953902,0.3830950240379703,0.4176865725455076,0.38360863245007565
302,2.5166666666666666,0.6907726116908204,0.9509881294314266,0.5,0.9998917317553978,0.010942114830615145,-0.009837510410942225,0.00013520036813089998,-0.36157361171090696,-0.11757082993005263,0.0,0.025920480942545586,0.014329413650768933,1.58594420793484e-06,0.3900209189775155,0.390240014690326,0.39031738546256906,0.39009747373939296,0.6128870381907583,0.9077027407709178,0.46597827483553733,0.926678511939724,0.006761068902645766,0.006719730839269038,-0.37573403981263226,-0.3101773517316664,-0.11634957242420141,-0.011399052920429975,-5.655173841455597e-05,-0.000241863121388889,1.595676806920884e-05,0.4258441495762888,0.3757140470532553,0.4108893606783557,0.37980181856511525
303,2.525,0.6877445623611784,0.9499981798219341,0.5,0.9998911324124811,0.011050257903028155,-0.009777339797349233,0.0001369293607696182,-0.3631763874944269,-0.11937265168067449,0.0,0.02599693764638364,0.014549608923428305,1.5985318305036344e-06,0.3900216835512101,0.3902428195620511,0.390318498588098,0.3900965324425196,0.606505829096135,0.9052134573245114,0.4655527752288676,0.926651182932895,0.00602296738631115,0.006194228934045304,-0.37582301760382175,-0.3375034557441703,-0.1279656859531353,-0.037039708173358665,-0.0006720335207807433,0.0002518149462808236,-0.0001821114796465916,0.42509854223285115,0.3780266434709228,0.4170767481475026,0.38289734596039277
304,2.533333333333333,0.6847032065154554,0.9489931148424442,0.5,0.9998905231936212,0.011158715658991115,-0.009716247351541665,0.00013867166963402178,-0.3647692285175645,-0.12119220499562186,0.0,0.02607167519387551,0.014771849048686397,1.611326083439217e-06,0.39002247588486466,0.3902456531388181,0.3903196148536752,0.390095593199219,0.6043584358797135,0.9043243575201049,0.46535022876698734,0.9266340939151142,0.005588419214355338,0.006012218581636714,-0.3758748179813681,-0.30274297880272805,-0.12810524409154755,-0.003433355176912789,0.00014928080082453918,-0.00037701820308205195,1.2549061369638627e-05,0.4302035946839802,0.3863449086622294,0.4207415724900954,0.38336833605884924
305,2.5416666666666665,0.6816486277062955,0.94797278640197,0.5,0.99988990399101,0.0112674808758255,-0.009654224552332799,0.00014042740124058475,-0.36635198307826133,-0.12302954075100454,0.0,0.026144667727810565,0.014996134909687146,1.624329211120045e-06,0.390023296386237,0.39024851556409473,0.3903207341879937,0.39009465620307443,0.6001418756767538,0.9026232556267074,0.46518279198548523,0.9265924215302932,0.005498826966396995,0.005585237640537916,-0.37598544171964915,-0.31904021766272495,-0.12860102570254606,0.0035769890983528008,-0.00013252627261602012,-0.00039897872462197476,4.9072493979953365e-05,0.42392409015871835,0.37616360627521084,0.4159537363061165,0.38241535841794194
306,2.55,0.6785809107576333,0.9469370459912356,0.5,0.9998892746962574,0.011376546222580901,-0.0095912628754866,0.00014219666384431766,-0.36792449807784466,-0.12488470863271121,0.0,0.026215889175934384,0.015222467123462844,1.63754346983047e-06,0.390024145465523,0.3902514069799545,0.39032185651910534,0.3900937216509145,0.5980326951586467,0.9017536232595565,0.4650288931059547,0.9265604048693082,0.005244081482615695,0.005430484457885489,-0.37607024021634555,-0.32393092423008696,-0.13930080897727182,-0.03155079367890279,-0.0009510589930371235,0.0002817667383414736,-8.769998996768906e-05,0.4225315648447315,0.37745028033588734,0.415140261973701,0.3789750783089679
307,2.5583333333333336,0.6755001417763372,0.9458857446926784,0.5,0.9998886352003917,0.011485904259140214,-0.009527353794836506,0.00014397956745753197,-0.3694866190205775,-0.12675775711861828,0.0,0.026285313251751506,0.0154508460370678,1.6509711277717986e-06,0.39002502353534785,0.3902543275270394,0.39032298177443153,0.3900927897428509,0.5894444490662073,0.8982089459978699,0.46460076136945844,0.9264955173781565,0.0040555076015196985,0.004772984609679999,-0.3762536747384566,-0.3211044688691933,-0.1211301797102049,0.0012413237202968386,-3.794136818352849e-06,-0.00014505409280837913,-6.235052757432317e-05,0.42914987641779817,0.38357404429373354,0.42026926767098294,0.38454963292967104
308,2.5666666666666664,0.6724064081638566,0.9448187331906022,0.5,0.9998879853938596,0.011595547435328242,-0.009462488783420497,0.00014577622386870346,-0.3710381900133927,-0.1286487334606522,0.0,0.026352913455383955,0.015681271723680227,1.6646144651262583e-06,0.39002593101075106,0.39025727734451876,0.39032410988077404,0.39009186068231955,0.5862473201821045,0.8968477394740453,0.46448090770185435,0.926460939379017,0.003493671840293661,0.00465076759952077,-0.37634597436767814,-0.305629669445584,-0.14069342572046173,-0.016998931002321083,-8.975232586923667e-05,-4.766099085017761e-05,4.3622000995063485e-05,0.42056083133439365,0.3789068699594588,0.41828955178669747,0.3786268898751992
309,2.575,0.6692997986278698,0.94373586178148,0.5,0.9998873251665261,0.011705468090024061,-0.009396659314632422,0.00014758674666143435,-0.3725790537658134,-0.13055768366670556,0.0,0.026418663074484212,0.015913743978682185,1.6784757739784486e-06,0.39002686830917455,0.39026025657005176,0.39032524076432856,0.3900909346761183,0.5841675848552165,0.8959521494399045,0.46434366963857365,0.92646404255374,0.0036221165517763753,0.0043849784744758044,-0.37634031154055964,-0.3373830023406521,-0.1454809000165258,-0.0275624321068646,-0.0011262647795657556,0.000363997412487926,-0.00016910067669145132,0.42542260059180403,0.3796670196475012,0.4195186159879366,0.38393472693332015
310,2.5833333333333335,0.6661804031939333,0.9426369803844081,0.5,0.9998866544076749,0.011815658450277258,-0.009329856863389803,0.00014941125123351387,-0.37410905159006197,-0.1324846524824077,0.0,0.02648253518519376,0.01614826231571119,1.692557358358058e-06,0.39002783585044887,0.3902632653397491,0.39032637435069645,0.3900900119344468,0.5820199952796398,0.8950047861858476,0.464181417027343,0.9264366712977571,0.0032917140983549703,0.004244634013391207,-0.3764123294674586,-0.33743719872210143,-0.13600557306137073,-0.03959062353496856,-0.0005325582740105582,8.213922400325386e-05,-7.106796230965448e-05,0.42746024079461015,0.38546682980925284,0.4210888497566392,0.38177277285744
311,2.591666666666667,0.6630483132171265,0.9415219385517134,0.5,0.9998859730060081,0.011926110630428319,-0.009262072907318135,0.00015124985481607795,-0.37562802340136064,-0.13442968337275057,0.0,0.0265445026531601,0.01638482596268603,1.7068615341678728e-06,0.3900288340567813,0.3902663037881337,0.3903275105648973,0.39008909267094516,0.5798574740149103,0.8941207410010655,0.4639921882858357,0.9264233895526774,0.0030901097202710504,0.004052639810693902,-0.376448841972199,-0.3076467737930355,-0.12900684915735372,-0.0014105873131053936,-0.00011288335474752412,-0.0002502264908873577,4.01563129467309e-05,0.42759131503653564,0.38723997738588667,0.4250809939805423,0.3840972587017788
312,2.6,0.6599036213936956,0.940390585479713,0.5,0.9998852808496472,0.012036816631233375,-0.009193298927951874,0.0001531026764928666,-0.3771358077184266,-0.13639281850357,0.0,0.02660453813459865,0.016623433857807776,1.7213906292573946e-06,0.39002986335274,0.3902693720481002,0.3903286493313835,0.3900881771027337,0.5778002362931517,0.8932073781222022,0.4638885459774068,0.9264109200267358,0.0029764191051772334,0.003811180536238666,-0.37648296520220886,-0.31407467459926286,-0.13910608430331983,0.007717003418383772,-1.3332059200093424e-05,-0.0003501869929377139,-1.168102663169689e-05,0.4198997279792405,0.3769339116149338,0.4202110157027009,0.38181200344059113
313,2.6083333333333334,0.6567464217726913,0.9392427700196306,0.5,0.9998845778261319,0.012147768338993465,-0.009123526411952127,0.00015496983721958074,-0.3786322416641636,-0.13837409872288384,0.0,0.026662614077421567,0.016864084645532816,1.7361469833751357e-06,0.39003092416523844,0.39027247025087614,0.3903297905740543,0.3900872654504543,0.5734422686397613,0.8912954995218001,0.46353630273983,0.9263532950800923,0.0022852872947206177,0.003404443248788999,-0.37663345566001194,-0.3160489524716148,-0.1402236849350924,-0.02513010949470873,-8.872158733267833e-06,-0.00014342983124971287,-1.1051356458559298e-05,0.41924435362989737,0.3760569139018113,0.4178811722884677,0.37971204927593005
314,2.6166666666666667,0.6535768097675995,0.9380783406886687,0.5,0.9998838638224217,0.012258957524688727,-0.00905274685234127,0.00015685145984333678,-0.3801171609665543,-0.1403735635420873,0.0,0.02671870272240875,0.01710677667252625,1.751132948135442e-06,0.3900320169235226,0.39027559852598503,0.3903309342162701,0.39008635793830604,0.5691610659438348,0.8893641711973498,0.46320218133439317,0.926301957469413,0.0019736207951404883,0.0030274147624799823,-0.3767646787706443,-0.33343900617719413,-0.15103378063667794,-0.03339880397682515,-0.0009360242124830746,9.457757496948097e-05,-0.00011945196577800258,0.42413400944924096,0.3820281609767153,0.42411717172155894,0.3848385643414962
315,2.625,0.6503948821679646,0.9368971456812367,0.5,0.9998831387248943,0.012370375843117454,-0.008980951749754424,0.00015874766912221973,-0.3815903999597537,-0.1423912511170061,0.0,0.026772776104436572,0.017351507983586287,1.766350887088587e-06,0.39003314205915285,0.39027875700120196,0.39033208018086685,0.39008545479409046,0.5669956079152163,0.888407581169764,0.4630893654228959,0.9262636854567609,0.0013568201138112804,0.002802572402062986,-0.37686322403647865,-0.3129027108526805,-0.12778673841674637,-0.0006387815148167775,-0.00012958280381926746,-0.0002936674288211261,-7.395927873871038e-05,0.4263590987733516,0.3859021026746229,0.4248280995374289,0.3838811485605276
316,2.6333333333333333,0.6472007371510018,0.93569903288034,0.5,0.9998824024193477,0.012482014832040556,-0.008908132613708115,0.0001606585917449347,-0.38305179158538916,-0.14442719822880862,0.0,0.02682480605377306,0.017598276317544223,1.7818031756379384e-06,0.39003430000598843,0.3902819458025158,0.3903332283901743,0.3900845562492498,0.5637874187211495,0.8870086256902071,0.4627888652883093,0.9262362718690004,0.001392237914317725,0.0026196543417004257,-0.37693178130655847,-0.31680287259144846,-0.12830129394952872,-0.012877092182528305,0.0003745540783512036,-0.00033680056874844466,4.020674046862403e-05,0.41708858937764065,0.3776134932509465,0.4233399362241116,0.3813711473687222
317,2.6416666666666666,0.6439944742931987,0.9344838498691264,0.5,0.9998816547909987,0.012593865911331454,-0.008834280963885981,0.0001625843563505565,-0.3845011673940676,-0.14648144026477763,0.0,0.026874764197416728,0.01784707910314354,1.7974922010684192e-06,0.3900354912001711,0.3902851650540897,0.3903343787660302,0.39008366253890603,0.5572947470671884,0.8840352975474254,0.46238749243869365,0.9261723095891751,0.0011478201599237122,0.0019751269630636685,-0.3770936678500628,-0.32036181220929105,-0.15284968496122042,-0.01386976857601363,8.370573734468684e-05,-0.0005335929228618742,-0.00010037627177835293,0.4190510545144641,0.3801680357999313,0.42563462063978774,0.38308817795516903
318,2.65,0.6407761945819015,0.9332514439425958,0.5,0.9998808957244835,0.012705920382131723,-0.008759388331441836,0.00016452509354837716,-0.3859383575470943,-0.14855401119894282,0.0,0.02692262196049909,0.018097913454894667,1.8134203625270995e-06,0.39003671608010554,0.3902884148782208,0.39033553122979764,0.39008277390190194,0.5551769961347442,0.8830820868051112,0.46221232660704653,0.9261414193415686,0.0013831560650315977,0.0018108982737657247,-0.37716956254014833,-0.32304552874312664,-0.1563182734274693,-0.024407753148703026,-6.320041677601369e-05,-0.00022671945978638533,-6.087435407303271e-05,0.4219458887234552,0.38172129418111395,0.42323096878824645,0.3819848822199566
319,2.658333333333333,0.637546000426888,0.9320016621194699,0.5,0.9998801251038587,0.012818169426012731,-0.008683446260320013,0.00016648093593785203,-0.38736319081840465,-0.15064494357257463,0.0,0.0269683505677453,0.01835077616890665,1.8295900710392434e-06,0.39003797508644306,0.39029169539529845,0.39033668570238317,0.3900818905808435,0.5529620887792712,0.8820792192174163,0.46201189972542633,0.9261126691873123,0.0012551582157594489,0.0017109503830932131,-0.37724106509948224,-0.3465086128608963,-0.16504804520629524,-0.034109177252777956,-0.0005805663588968834,0.0002525785736282642,-6.388520155480459e-05,0.4238773633300933,0.3838141602909598,0.42489609565787684,0.38348431513566544
320,2.6666666666666665,0.634303995671923,0.9307343511542265,0.5,0.9998793428125999,0.012930604104143479,-0.008606446308593217,0.00016845201812864337,-0.3887754945967134,-0.15275426847454052,0.0,0.02701192104499313,0.01860566371869425,1.8460037494951354e-06,0.39003926866206207,0.3902950067237644,0.3903378421042545,0.3900810128221397,0.550763531208422,0.8810708350001127,0.46183903107633334,0.9260710124212538,0.0011182625593492352,0.0015624883701139875,-0.3773443892149658,-0.30517361287420997,-0.1298246233527478,-0.011646456240577141,0.000839484104477047,-0.00023248691758614583,-4.892900286681287e-05,0.42607914053489604,0.38819019990187015,0.42599923046891525,0.38241796858344956
321,2.675,0.6310502856062924,0.9294493575492974,0.5,0.9998785487336032,0.01304321535646494,-0.008528380049817891,0.00017043847676076205,-0.3901750948878821,-0.15488201552152517,0.0,0.027053304220773684,0.018862572250967748,1.8626638326172838e-06,0.39004059725204826,0.39029834898007215,0.3903390003554601,0.39008014087604276,0.5475510533622259,0.8795488282391949,0.4616137505776838,0.9260575087953177,0.0014803322867085655,0.0014835715286515164,-0.37737659974573207,-0.33597213522641445,-0.15749904244046764,-0.04612433665342475,-0.0001838497460417888,-0.0001470730353329828,-1.2416466898623196e-05,0.417444125471038,0.3790816691498511,0.4273418096491285,0.3841760689632999
322,2.6833333333333336,0.6277849769763207,0.9281465275674321,0.5,0.999877742749184,0.013155994000871123,-0.008449239074407228,0.00017244045052480726,-0.3915618163175104,-0.1570282128381147,0.0,0.027092470727948306,0.01912149758139765,1.8795727669632936e-06,0.39004196130367613,0.39030172227864707,0.39034016037564584,0.39007927499668954,0.5453803604379158,0.8785602573532884,0.4614808010384796,0.9260390773531582,0.0014890294500165013,0.001306139291691894,-0.3774224476715179,-0.3386218370047711,-0.1565957546964314,-0.04090413894752287,-0.0008014417188703493,0.0005397206789568813,-0.00021983839806505003,0.4267666480246845,0.388696539257922,0.4295564270330398,0.3861203529855133
323,2.6916666666666664,0.6245081779968622,0.9268257072442283,0.5,0.9998769247410789,0.013268930732397101,-0.008369014991021904,0.0001744580801823036,-0.39293548213375096,-0.15919288703674694,0.0,0.0271293910054097,0.019382435190358083,1.896733010923969e-06,0.39004336126638756,0.390305126731843,0.39034132208407835,0.39007841544214394,0.5431505432189623,0.8774945461286673,0.4612612791398494,0.9259706815104224,0.0010902146417469173,0.0013829440749592874,-0.3775913080048914,-0.31582553847654404,-0.13969476771020783,-0.0037362306781751897,0.00048145173052828856,-0.00032372106953231265,7.027859263410552e-05,0.42523198459840805,0.38807188572100965,0.429448436570138,0.38506286919871024
324,2.7,0.6212199983627698,0.9254867424008298,0.5,0.9998760945904439,0.013382016122414277,-0.008287699427978636,0.00017649150858613593,-0.39429591421035354,-0.16137606319752829,0.0,0.027164035299845662,0.01964538021865072,1.9141470347477626e-06,0.3900447975917698,0.39030856244990264,0.39034248539966376,0.3900775624744369,0.5409687535367389,0.8765047020296431,0.46114016135912667,0.925985465249739,0.0011293079578962829,0.001363776149060849,-0.3775550064882942,-0.33462860441464404,-0.15898591010712337,-0.026961071316267127,-0.00018979499833155072,5.17580880590002e-06,-8.291970878906274e-05,0.41633766887593004,0.3786727879574076,0.4261466870602335,0.3822612148029152
325,2.7083333333333335,0.6179205492603363,0.9241294786567935,0.5,0.999875252177856,0.013495240617833163,-0.008205284034676625,0.00017854088070108236,-0.3956429330499397,-0.16357776484791853,0.0,0.027196373667564853,0.019910327463210694,1.9318173204736083e-06,0.39004627073353376,0.390312029540918,0.39034365024096884,0.39007671635960833,0.5376681848181615,0.8749554851536552,0.46100584991698706,0.9259629419778187,0.0011905115618791983,0.0013227895572768163,-0.3776101998010527,-0.3419665552421458,-0.1605168905975729,-0.01041356779542535,-0.00019073439483377545,0.00013971723749381783,-1.8485396362030057e-05,0.422353657155776,0.3845762857700716,0.4278916057672786,0.3841108395138717
326,2.716666666666667,0.6146099433787078,0.9227537614431258,0.5,0.9998743973833123,0.013608594540313925,-0.008121760483041975,0.00018060634362444393,-0.3969763577875114,-0.16579801394228508,0.0,0.027226375976383336,0.020177271372789445,1.9497463619471854e-06,0.3900477811474944,0.3903155281107856,0.390344816526243,0.39007587736774824,0.5354550075854653,0.8739068083352064,0.46092973700154294,0.9258930789670464,0.001472475338549397,0.001235750264402526,-0.37778077116044995,-0.3443780177868616,-0.15947292988276462,-0.014304809181370226,0.00015019323179228677,-8.446598189094637e-05,7.76384911784489e-05,0.41943276901642346,0.3828158578911618,0.42538486503416434,0.3804494266409793
327,2.725,0.6112882949212669,0.9213594360154912,0.5,0.9998735300862315,0.01372206808548492,-0.008037120468990196,0.0001826880466067724,-0.39829600619419675,-0.16803683084132734,0.0,0.027254011907579572,0.020446206043619557,1.9679366648402705e-06,0.39004932929154446,0.39031905826316726,0.39034598417344046,0.39007504577303953,0.533242608045665,0.8728373451415229,0.46075466897237033,0.9258960963162783,0.0013736096893535144,0.0011964560634700786,-0.3777738748452394,-0.34542295405873835,-0.16611448096149894,-0.02074011327642955,0.0005300539808554827,-0.00020448997995957976,3.3291199278067664e-05,0.4197050570489681,0.3836711414770946,0.4264622972096536,0.3809206808037488
328,2.7333333333333334,0.6079557196169831,0.9199463474675914,0.5,0.999872650165452,0.013835651322169571,-0.007951355713906814,0.00018478614107269496,-0.399601694681235,-0.17029423429137297,0.0,0.027279250957911665,0.020717125215061253,1.986390746623796e-06,0.390050915625631,0.39032262009944846,0.39034715310024365,0.3900742218537983,0.5243543773929712,0.8686381263115999,0.4605652734850627,0.9257904755653953,0.0022061880887656775,0.0010122748654679062,-0.37802923615259293,-0.33470506473112227,-0.16541477244423897,-0.02052610455801629,-0.0005325682898112716,0.0001493494947515674,-0.00014157482987584905,0.4211685986926252,0.3846559755714581,0.42721234210362924,0.3821443235790082
329,2.7416666666666667,0.604612334731729,0.9185143407447189,0.5,0.9998717574992341,0.013949334191621782,-0.007864457966146238,0.00018690078064183645,-0.4008932383042055,-0.17257024140354743,0.0,0.02730206244170043,0.02099002226523374,2.005111136517217e-06,0.3900525406117323,0.3903262137186959,0.39034832322408863,0.39007340589251666,0.5198724568350346,0.8664806594975796,0.46043409484059733,0.9257426863772888,0.002471164420533486,0.0009556005144943185,-0.37814475904476585,-0.3198261371668676,-0.15455942182414084,0.007040397761398642,-0.00012387208512058852,-0.00015514454075695453,-9.191649803846381e-05,0.4217347533421565,0.38448128164631223,0.42671894980333913,0.3823158718116015
330,2.75,0.6012582590795608,0.9170632606574844,0.5,0.9998708519652593,0.014063106506770237,-0.007776419002548866,0.00018903212114983873,-0.40217045076750096,-0.1748648676328176,0.0,0.027322415492983365,0.02126489020662434,2.0241003755503122e-06,0.39005420471383206,0.3903298392176164,0.39034949446218586,0.390072598175904,0.5176692996529516,0.8654079186898791,0.4604537486707898,0.9257292764958559,0.002715390764335587,0.0009922496292209158,-0.37817581722279564,-0.3430492616019132,-0.1604162176793711,-0.013861444810703283,0.00026538152905037233,-0.00018829930518451685,-7.093767410958457e-05,0.4157408861265438,0.37831015217182495,0.423638755849821,0.37939691181420987
331,2.7583333333333333,0.597893613033959,0.9155929518957191,0.5,0.9998699334406294,0.01417695795147178,-0.0076872306299765976,0.00019118032066947702,-0.4034331444290512,-0.1771781267569118,0.0,0.027340279067725234,0.02154172168168455,2.043361016526102e-06,0.3900559083978954,0.3903334966905156,0.39035066673154767,0.3900717989949292,0.5153761269388115,0.8643518852625656,0.46040561090374726,0.9256694743182375,0.002941196582751369,0.0010188860087348012,-0.3783204138681401,-0.3547925298745147,-0.1639893355877553,-0.03563083885774754,-0.00011291644881375664,0.0002674276748925026,-0.0001325328159469969,0.4197432253426978,0.384483713271178,0.4265524634181566,0.3801437482038051
332,2.7666666666666666,0.5945185185390298,0.9141032590425531,0.5,0.999869001801869,0.014290878079774234,-0.007596884686866744,0.0001933455395318736,-0.4046811303052969,-0.17951003085511696,0.0,0.0273556219461089,0.02182050895840706,2.062895624005347e-06,0.39005765213183896,0.39033718622925406,0.3903518399490147,0.39007100864486327,0.5130931587824935,0.8632402526010697,0.4603137203412098,0.9256804898536195,0.0031275282131928,0.001129115620144609,-0.37829165252428604,-0.3390919757485067,-0.17669770104948856,-0.002666834468273427,-0.00020510593180651302,5.3081362909492593e-05,1.7344375645701586e-06,0.42349057303072474,0.389368293989012,0.430070675840617,0.3824913778115448
333,2.775,0.5911330991206638,0.9125940265886727,0.5,0.9998680569249233,0.014404856315188907,-0.007505373044804468,0.0001955279403478078,-0.40591421807642003,-0.18186059028695475,0.0,0.02736841273488842,0.022101243925891533,2.0827067742916917e-06,0.3900594363855066,0.3903409079232082,0.39035301403128014,0.39007022742531955,0.5108854677375588,0.8621074996236581,0.460343276954857,0.9256225345097473,0.0030845540399837114,0.0010784536416756862,-0.378433938847811,-0.34619419229221515,-0.14750977347369743,0.021190815649402284,0.000799129845252591,-0.00022592298622038288,-6.19654808865401e-05,0.419284172190043,0.3816629194739719,0.4233117345454262,0.3792497032566391
334,2.783333333333333,0.5877374798976485,0.9110650989467537,0.5,0.9998670986851598,0.014518881949973075,-0.007412687610113727,0.00019772768802912364,-0.40713221609183053,-0.18422981367073835,0.0,0.02737861986980928,0.022383918089891243,2.1027970554390396e-06,0.3900612616306416,0.39034466185922595,0.39035418889491813,0.3900694556402977,0.5085578407830933,0.8610289285915546,0.4603207293951124,0.9255977465812469,0.0035349203033429545,0.0011361910040551062,-0.37849045553642324,-0.3427564481678469,-0.16598564410591488,0.00011928314161413489,-8.904598126289738e-05,-0.00012246340487932262,-3.3157536263703976e-05,0.41120998981653006,0.37843773110835616,0.42358002806753847,0.37463184557009976
335,2.7916666666666665,0.5843317875927359,0.9095163204660758,0.5,0.9998661269573675,0.01463294414442274,-0.007318820325466914,0.00019994494981023336,-0.4083349313759153,-0.18661770786201132,0.0,0.027386211618105765,0.022668522568346058,2.123169067247215e-06,0.3900631283408566,0.39034844812158637,0.39035536445641195,0.3900686935982257,0.5063134283010546,0.8598778914298041,0.4601791045145061,0.9255856247975928,0.003663097005873797,0.001219267926942735,-0.3785186207759108,-0.34320805508334384,-0.1727764726036085,-0.013563788975523572,0.0007680381561887783,3.823444007261042e-05,-4.952806868044262e-05,0.41692089543686267,0.38115684049989573,0.42483133213575824,0.37886217586716103
336,2.8,0.5809161505436593,0.907947535447316,0.5,0.9998651416157581,0.014747031926175967,-0.007223763171513102,0.00020217989526971836,-0.4095221696340498,-0.18902427793187035,0.0,0.02739115608106248,0.022955048086905013,2.143825421241038e-06,0.3900650369916059,0.3903522667919559,0.3903565406321826,0.3900679416120004,0.5040412774243473,0.8588215046592268,0.4602125203734666,0.925554739782158,0.004032937718331072,0.0012743913604513696,-0.37859019401828475,-0.34145839333261097,-0.1715553626552513,-0.012156952789310616,-0.0004897494915930959,0.0003053922559830929,3.254780417760703e-05,0.419847744772925,0.3833669855196659,0.42652383327248017,0.38126401926159126
337,2.8083333333333336,0.5774906987141004,0.9063585881575245,0.5,0.999864142533965,0.014861134189527059,-0.007127508168525084,0.00020443269635202611,-0.41069373525887826,-0.19144952714517322,0.0,0.027393421196654305,0.02324348497443358,2.1647687406686983e-06,0.39006698806015294,0.3903561179493475,0.39035771733861796,0.39006719999903267,0.49600340009222765,0.8548880380624901,0.4598869308049211,0.9254399035926054,0.004152294633040456,0.0017325959211499239,-0.378867709628524,-0.33954497627354807,-0.16555818363739316,0.00457788828488459,6.319534252731486e-05,4.3198917663190494e-05,-0.00024047739684775646,0.4192308468048591,0.3826779120652871,0.42667842428494085,0.3814859209530775
338,2.8166666666666664,0.5740555637046006,0.904749322845281,0.5,0.9998631295850441,0.014975239694751955,-0.0070300473780651376,0.0002067035273892641,-0.41184943133686225,-0.1938934569386349,0.0,0.02739297474225353,0.023533823158507973,2.186001660453617e-06,0.390068982025545,0.3903600016700779,0.39035889449210087,0.39006646908128667,0.49373664624697744,0.8537486305672363,0.4598239332380844,0.925431979961176,0.004101918239060629,0.0018209245202756737,-0.3788871982078428,-0.3522465231326488,-0.16785784941599768,-0.021287310018097694,0.0005909744968132437,0.00018692808922487206,-0.00010849316711483421,0.41602000163911773,0.3801713970305003,0.4245635092343108,0.37856901771926593
339,2.825,0.5706108787634186,0.9031195837560364,0.5,0.9998621026414739,0.015089337067445044,-0.0069313729046697045,0.0002089925651230893,-0.41298905965510413,-0.1963560668988117,0.0,0.027389784337408775,0.02382605216089685,2.2075268272840013e-06,0.3900710193685776,0.39036391802772674,0.39036007200904255,0.3900657491853225,0.4914012171845376,0.852640239387037,0.45974430845988173,0.925379584194232,0.0041819505138657965,0.0020108835217402896,-0.37901331479760936,-0.341381455720996,-0.1858693922813459,-0.03537444903294329,0.0003547028746328545,9.856909954660311e-05,-8.529227585631453e-05,0.4202077437113171,0.3857830407260678,0.42900213032673734,0.3816094967281817
340,2.8333333333333335,0.5671567787973286,0.9014692151476362,0.5,0.9998610615751555,0.015203414797867777,-0.006831476897552886,0.00021129998872669494,-0.4141124207084454,-0.19883735473997718,0.0,0.027383817446703995,0.024120161093041034,2.229346899489137e-06,0.390073100571761,0.39036786709309323,0.3903612498059137,0.3900650406423397,0.4891692409697156,0.851501910118296,0.459584008846971,0.9253977086811279,0.0042171673105472155,0.002239370960783491,-0.3789673884192323,-0.3391150173762625,-0.17520234992502992,-0.028871199803998104,0.001056137545714637,5.9954833127991314e-05,-7.718203983503773e-05,0.42447220848217915,0.3863866000482489,0.4294115127874748,0.3856520011121401
341,2.841666666666667,0.5636934003823584,0.8997980613060305,0.5,0.9998600062574133,0.015317461240309386,-0.006730351552328881,0.00021362597982689258,-0.4152193137068453,-0.20133731628189086,0.0,0.027375041382689695,0.02441613865151092,2.251464547082106e-06,0.3900752261192925,0.3903718489341523,0.3903624277992757,0.39006434378821997,0.48683846254333674,0.8503688899672356,0.459475399913732,0.925341491201535,0.004583434129555245,0.0024754867485700244,-0.3790989168513375,-0.34678035075386693,-0.16424262376815157,-0.029626746301714135,-4.690485923797083e-05,0.00018937636903165788,4.452073958815073e-05,0.4217946825202067,0.38478118567569614,0.43008370892885517,0.3852596909321043
342,2.85,0.5602208817744649,0.8981059665611686,0.5,0.9998589365589942,0.01543146461245999,-0.006627989112753424,0.00021597072252629076,-0.4163095365830417,-0.20385594542746155,0.0,0.027363423308886314,0.02471397311346023,2.273882451768461e-06,0.39007739649702017,0.39037586361601573,0.39036360590581326,0.3900636589635671,0.48453817685117734,0.849237469011284,0.459350396439592,0.9253331940983244,0.0047068013770865235,0.0026484202127142423,-0.3791164884187528,-0.3581280344498228,-0.17145967425564734,-0.0200122523323798,-0.00020440613739878448,0.0003350592691214016,-7.788620448393484e-05,0.4204078155843087,0.3855199657320988,0.4318583927587203,0.3848930829794913
343,2.8583333333333334,0.5567393629201445,0.8963927753030814,0.5,0.9998578523500687,0.015545412994796419,-0.0065243818724841935,0.00021833440342556917,-0.4173828860004973,-0.20639323414030775,0.0,0.027348930242867386,0.025013652332074157,2.296603306911637e-06,0.390079612192407,0.3903799112008889,0.39036478404237107,0.3900629865137503,0.48227189523847247,0.8480709684955987,0.4591267934191615,0.9252943100823566,0.004837388932390071,0.002969138793429729,-0.3792073622865967,-0.34566161165680565,-0.17822355317137495,-0.040292650476564384,-0.00018949730114837848,0.00019686095239101903,0.00010871978613383025,0.4193459078434285,0.3850010957963547,0.4297757575574434,0.3822474729521038
344,2.8666666666666667,0.5532489854669747,0.8946583319981504,0.5,0.9998567535002304,0.01565929432998109,-0.00641952217686027,0.0002207172116458493,-0.4184391573616349,-0.20894917242221706,0.0,0.027331529059419248,0.025315163732006533,2.319629817533063e-06,0.39008187369449776,0.3903839917480268,0.3903659621259852,0.3900623267889473,0.4799518283335918,0.8469802343114201,0.4590399934104104,0.9253175214933677,0.004882500815257995,0.00313406034955329,-0.3791488141467487,-0.3557024606733239,-0.1705745989986962,-0.004183695910625618,-0.0004101944066415665,0.00031387485473115403,-0.00018038093128710514,0.42335486578326936,0.38642026902463245,0.43260266247298,0.3876790232979778
345,2.875,0.5497498927740878,0.8929024812055651,0.5,0.9998556398784966,0.015773096422274233,-0.006313402424700659,0.00022311933885116032,-0.4194781448163645,-0.21152374829050666,0.0,0.027311186493779407,0.02561849430480831,2.3429647002639123e-06,0.3900841814938831,0.39038810531369383,0.3903671400739191,0.390061680144185,0.47762850568274484,0.8457855476483009,0.458897939046894,0.9252636206721984,0.00461402817670363,0.0033174138097744137,-0.3792821347890958,-0.33132420147939934,-0.19104319169284123,-0.032775382048544355,-0.0003435183246440116,0.00024084823257881948,3.7098155470792466e-05,0.4159691324525007,0.3814116866180259,0.4281243357797788,0.38077617145878623
346,2.8833333333333333,0.5462422299225708,0.8911250675939707,0.5,0.9998545113533086,0.015886806936959864,-0.006206015070121938,0.00022554097927100078,-0.4204996412709049,-0.21411694775528692,0.0,0.027287869144946523,0.025923630604353515,2.3666106834000725e-06,0.3900865360826642,0.39039225195112226,0.3903683178037004,0.39006104693938093,0.4753537874121329,0.8445900089461885,0.45870826610642396,0.9252361339117045,0.004491980476254698,0.0037080477581379256,-0.3793470297726699,-0.34218016102858795,-0.16592497681872098,-0.01712413698205517,-7.23511648325949e-05,3.720904645448223e-05,-0.00011634468453016101,0.4227601303734889,0.3825689256149501,0.43079711921634267,0.3891001747456955
347,2.8916666666666666,0.54272614372579,0.8893259359583038,0.5,0.9998533677925314,0.016000413399785637,-0.0060973526243749765,0.00022798232972299576,-0.4215034383969044,-0.2167287547966308,0.0,0.02726154347907795,0.026230558742259297,2.3905705068588863e-06,0.3900889379544106,0.3903964317104677,0.3903694952331592,0.3900604275393878,0.4695684634012395,0.8416914715046699,0.4583721130437696,0.9251908462274873,0.004088950288687299,0.004106150951731769,-0.37945792660947836,-0.3539829732874977,-0.17827462926586213,-0.02712858386849648,-0.0006574779322586641,-7.81424045889537e-06,-0.0001411208872695007,0.4166804463427225,0.38097726632553147,0.43198250305325053,0.38571582874973187
348,2.9,0.5392017827396397,0.8875049312368207,0.5,0.9998522090634541,0.01611390319641722,-0.005987407657700842,0.0002304435896356497,-0.42248932664086153,-0.21935915134165068,0.0,0.027232175832967855,0.026539264383299812,2.4148469221569246e-06,0.3900913876041267,0.39040064463876906,0.39037067228046324,0.390059822314033,0.45568483891249495,0.8345367957966106,0.45745496270761954,0.9250729439629791,0.004504416067342282,0.004876584838363487,-0.3797314544567957,-0.3349849716483,-0.18235719174767295,-0.03505545461567894,0.00036388417600669785,6.313994204360358e-06,8.287534349549409e-05,0.4195364545507457,0.38402475970114874,0.4325708513563892,0.3861123708724674
349,2.908333333333333,0.53566929727271,0.885661898528316,0.5,0.9998510350327896,0.016227263571907246,-0.005876172801205832,0.0002329249610711943,-0.42345709523385106,-0.2220081172414855,0.0,0.0271997324175935,0.026849732740819005,2.4394426924072765e-06,0.3900938855282126,0.3904048907799075,0.3903718488641558,0.39005923163816014,0.4522042188375795,0.8326588166343365,0.457215428987076,0.9250325326919925,0.0044964937216401026,0.004772950442861773,-0.37983129669593974,-0.3516152792497007,-0.17118658385405494,0.0012175295711291945,0.00039922112110899984,-7.880244746125726e-05,-2.4668153355458217e-05,0.42266230790473097,0.3845397529573267,0.4325447213789646,0.3887065351228602
350,2.9166666666666665,0.5321288393963718,0.883796683109534,0.5,0.9998498455666761,0.01634048163017931,-0.005763640748755703,0.0002354266487485318,-0.4244065322015575,-0.22467563024820064,0.0,0.027164179321755418,0.027161948572137405,2.4643605923228016e-06,0.3900964322244215,0.3904091701745615,0.39037302490319886,0.3900586558916733,0.4498889019955956,0.8314818668832591,0.4570408125626706,0.9249930466263873,0.004785940483452321,0.004874110613334967,-0.3799226256914058,-0.3574042898574159,-0.18611056037007856,-0.0236376719737752,0.00014565656904018902,-5.188941925371279e-05,-0.00029115467148560774,0.41480612027033364,0.3808325714983612,0.4286008190602571,0.38055873182200894
351,2.925,0.5285805629547776,0.8819091304527726,0.5,0.999848640530676,0.01645354433352734,-0.005649804258889062,0.00023794886006627304,-0.42533742437461847,-0.22736166599160204,0.0,0.02712548251579774,0.027475896173960308,2.489603408205505e-06,0.39009902819181924,0.390413482860167,0.3903742003170108,0.390058095459577,0.4475066772841823,0.8301980808016411,0.45687096861592014,0.924959781516509,0.0049964583595210575,0.0046743820243214775,-0.3800034054235359,-0.35359784442163256,-0.17474518192227562,-0.026201207758341782,-9.951022707080167e-05,-1.4999412879545233e-05,-7.669300587577635e-05,0.42055900547882186,0.3854142933845312,0.4311572094694339,0.3842409378897225
352,2.9333333333333336,0.5250246235747744,0.879999086243682,0.5,0.9998474197897763,0.016566438502130708,-0.0055346561567499505,0.000240491805125871,-0.42624955739928344,-0.23006619795596867,0.0,0.02708360785540779,0.027791559377785307,2.5151739379172637e-06,0.3901016739307457,0.3904178288708775,0.39037537502550856,0.39005755073201626,0.44524632434046735,0.828940703251887,0.45670717906064245,0.9249547899051069,0.005266721460275385,0.004724956582695316,-0.3800112801772482,-0.3555892515871517,-0.1970668943596099,-0.010284299352042447,0.00044167798059862326,-0.000390241293550988,-0.00013653279235630432,0.4191670826960016,0.3854820572491201,0.43356709249014175,0.3852119743696993
353,2.9416666666666664,0.5214611786757257,0.8780663963992554,0.5,0.9998461832083897,0.01667915081358535,-0.005418189336039615,0.00024305569675484896,-0.4271427157483878,-0.23278919745670426,0.0,0.027038521085497216,0.02810892154530886,2.5410749908535892e-06,0.39010436994277203,0.3904222082375198,0.3903765489491457,0.39005702210431986,0.4428251182532838,0.8276888765951895,0.45661507897226083,0.924917801470767,0.005517895531396964,0.004576497612605481,-0.3800995514611793,-0.33781540197693194,-0.19147566958896967,-0.01983503096025241,0.0006386484244235242,-0.00015824516315482746,9.423682067207984e-05,0.41900651382920845,0.3829072313198241,0.4284020980243681,0.38244864001402845
354,2.95,0.5178903874792414,0.8761109070860172,0.5,0.9998449306503534,0.0167916678024513,-0.005300396760987448,0.0002456407505301231,-0.428016682732648,-0.23553063361691226,0.0,0.026990187844173626,0.028427965563830697,2.567309387987212e-06,0.39010711673065446,0.390426620987552,0.390377722008961,0.39005650997704144,0.4334368376235223,0.8224328163281515,0.45614328200580767,0.9248265789071394,0.007117568510952819,0.004332953895992461,-0.3802977316208237,-0.38052337870674857,-0.20145628788732495,-0.008379987922679799,0.00011404369846183704,1.5684345591282782e-05,-5.291948336563548e-05,0.41958678998930377,0.38232186194525536,0.43108384964113666,0.3863088442334693
355,2.9583333333333335,0.5143124110188115,0.8741324647384058,0.5,0.9998436619789302,0.01690397585981703,-0.005181271468341152,0.0002482471848014202,-0.4288712405122803,-0.23829047334389558,0.0,0.0269385736667942,0.028748673841666086,2.593879961831219e-06,0.3901099147982936,0.3904310671450265,0.3903788941266178,0.39005601475599955,0.4310653994903479,0.8210989947847348,0.4559792667776442,0.9247993848707455,0.007552752468597171,0.004381316334066929,-0.38035491023519025,-0.3425460845348338,-0.21581804837085272,0.003677521750555801,0.001034866196722731,-0.0004949391492582695,-6.0549746490222575e-05,0.42024816487864086,0.3875699687495959,0.4268732015531562,0.3774477763923726
356,2.966666666666667,0.510727412149342,0.8721309160773514,0.5,0.9998423770568089,0.01701606123288088,-0.005060806569376014,0.0002508752207147898,-0.42970617010894496,-0.2410686813055846,0.0,0.026883643990102322,0.029071028303560557,2.6207895563766037e-06,0.3901127646506872,0.3904355467305445,0.39038006522445057,0.3900555368523187,0.4275237624376648,0.8191060265279244,0.4558997319147374,0.9247448041284724,0.008681480167869826,0.004478925779860054,-0.3804623744384543,-0.3752566412105418,-0.21649468281959017,-0.010276844047468758,7.466918175879284e-05,0.0001283013628995255,-5.019440344622368e-05,0.4196449130630316,0.3807260011255563,0.42337765614485356,0.38019342678896534
357,2.975,0.5071355555565886,0.8701061081290531,0.5,0.9998410757461033,0.01712791002454992,-0.004938995251923365,0.00025352508223620997,-0.43052125141802106,-0.24386521990689627,0.0,0.026825364156456567,0.029395010386102434,2.6480410271861573e-06,0.39011566679388754,0.3904400597612165,0.39038123522550866,0.3900550766824712,0.4228346908114397,0.8163039349036638,0.45566288032976,0.9247271592898706,0.009657095829314025,0.004471240512278503,-0.38048183843662126,-0.34715444287020114,-0.2016299005011435,-0.0007887752654700542,0.000948879229961899,-0.0004042064109872495,2.9904700658774784e-05,0.42263532260949593,0.3875125075290163,0.42513332822318034,0.3781490085478975
358,2.9833333333333334,0.5035370077664885,0.8680578882439512,0.5,0.9998397579083539,0.017239508193056773,-0.004815830782418183,0.00025619699617528916,-0.4313162632212133,-0.24668004926602607,0.0,0.02676369941813981,0.02972060103314827,2.675637241265341e-06,0.39011862173495304,0.39044460625062344,0.3903824040536025,0.39005463466831514,0.420509350473584,0.8145270992565882,0.4582523270582545,0.9246953198601222,0.020641262955390663,0.002445314679548396,-0.3801401374868361,-0.3518003952610038,-0.21349625004648543,-0.038387262593658766,0.00042814723454482543,-0.00010730402213783664,-0.0002676043255432011,0.4195525143969205,0.38301315411044046,0.4252408652855972,0.37967546892912457
359,2.9916666666666667,0.499931937154383,0.8659861041158986,0.5,0.999838423404527,0.017350841551594495,-0.004691306507965772,0.0002588911922090595,-0.43209098319949524,-0.24951312719067764,0.0,0.026698614941757685,0.0300477806912498,2.7035810771396974e-06,0.39012162998190014,0.3904491862087726,0.39038357163335213,0.3900542112371369,0.41776916836197897,0.8131241903239701,0.4577167455257156,0.9247402798763619,0.019647762383573453,0.002499458765492497,-0.3800830605451742,-0.3621503184679131,-0.21287276762429475,-0.018254186327087973,0.0007922745827195431,-6.192210533401039e-05,0.00013158085269829927,0.4336506545866201,0.393677549594382,0.42221764963817937,0.3801084541221164
360,3.0,0.49632051395413357,0.8638906038015299,0.5,0.9998370720950155,0.017461895767970134,-0.004565415858427565,0.00026160790290586695,-0.4328451879463915,-0.252364409154231,0.0,0.026630075812733203,0.030376529305089692,2.731875424819832e-06,0.39012469204365624,0.3904537996420585,0.39038473789023526,0.3900538068216917,0.4142469621574303,0.8109164849028356,0.45754727911509957,0.9247046651745047,0.020052067800760267,0.0026869234186320196,-0.3801473098996799,-0.3672236223457803,-0.21940552717970574,-0.017179527603844447,0.00025387117298296126,0.00019770331386708255,-4.29123812863099e-05,0.4286385977395103,0.391432512200091,0.4202895446768221,0.37550280694917243
361,3.0083333333333333,0.4927029102671233,0.8617712357398299,0.5,0.9998357038396386,0.017572656364277208,-0.0044381523485259354,0.000264347363749353,-0.433578652981602,-0.2552338482718536,0.0,0.02655804703988068,0.030706826312925276,2.760523185741672e-06,0.39012780843001116,0.39045844655322387,0.3903859027506337,0.3900534218602406,0.4118697658418514,0.8095175494538338,0.4575018334005226,0.9246699907204736,0.020946022208795004,0.0029773794741533187,-0.38018128258252637,-0.367549674251455,-0.2176875205328277,-0.019220745656611804,0.0007147672751903685,-5.124777304785961e-05,-4.714401833507882e-05,0.4292125706424621,0.39182025315304825,0.4194686189960712,0.37479981785009586
362,3.0166666666666666,0.489079300071144,0.8596278487719019,0.5,0.9998343184976425,0.01768310871658748,-0.00430950957996807,0.00026710981316253174,-0.4342911527649713,-0.2581213952765575,0.0,0.026482493560070486,0.031038650642041567,2.78952727283835e-06,0.39013097965156723,0.39046312694131946,0.3903870661418834,0.39005305679659197,0.40593505271966696,0.805898753774083,0.4572770408108888,0.9245948379582826,0.02191633488150748,0.003408673619303448,-0.38030572021784775,-0.3605991923509799,-0.22072843003226872,-0.022719920087088674,0.00018429268814439874,0.00044863447832096297,-7.378135316639949e-05,0.42954943334261964,0.39216810589583867,0.4198917774431127,0.37520612872382797
363,3.025,0.4854498592291656,0.8574602921609341,0.5,0.9998329159277003,0.017793238054662437,-0.004179481243588764,0.00026989549253195953,-0.4349824607108072,-0.26102699849520455,0.0,0.026403380242989292,0.03137198070421589,2.8188906104315665e-06,0.39013420621968636,0.39046784080166264,0.39038822799232864,0.39005271208014103,0.403494676603402,0.8043830670738669,0.45718441726660125,0.9246028001125167,0.02232915517184617,0.0037283946765275257,-0.38025934561367614,-0.3419253369211894,-0.21636274992891114,0.0008799627065514404,0.00041791619996452297,-0.0001717528363422665,-0.0001554939260379295,0.4312323857168331,0.39224486382925566,0.4194596027802343,0.37633518931526866
364,3.033333333333333,0.48181476549798463,0.8552684156123687,0.5,0.9998314959879122,0.017903029461684847,-0.00404806112151219,0.00027270464623199844,-0.4356523492025503,-0.2639506038244641,0.0,0.026320671895988385,0.03170679439119297,2.8486161342987024e-06,0.3901374886464399,0.3904725881257984,0.3903893882313697,0.3900523881659076,0.40112267130303864,0.8029060243184762,0.4571185810871787,0.9245977521116971,0.02279290686398927,0.004171950006644561,-0.38023949692243736,-0.3567353789748484,-0.22477844449403372,-0.002581379342814216,0.0007377319353682674,3.557005685252957e-06,-2.64089750286755e-05,0.4266185931538756,0.38582728872007793,0.41643046315560595,0.37508725242698543
365,3.041666666666667,0.4781741985367479,0.8530520692942692,0.5,0.9998300585358061,0.018012467874010778,-0.003915243089332495,0.00027553752164917363,-0.43630058960779816,-0.26689215470672584,0.0,0.02623433326902329,0.032043069070174277,2.8787067916260893e-06,0.39014082744455675,0.39047736890145995,0.39039054678951673,0.3900520855145771,0.3987775030199597,0.8014064451804509,0.4570775025902196,0.9245336782916296,0.023328532351565682,0.004434757354238408,-0.38035981676575736,-0.34712268694662707,-0.2234017669124011,0.012381076988210449,0.00045997523480426213,-3.974396724299396e-05,-0.00017253630037045127,0.4282251237528284,0.38790561264603524,0.415914527740561,0.37414865169179934
366,3.05,0.47452833991535015,0.8508111038578906,0.5,0.999828603428337,0.01812153808094243,-0.003781021118313258,0.0002783943692066229,-0.43692695229368755,-0.2698515921059712,0.0,0.026144329059687915,0.032380781579317085,2.9091655409904703e-06,0.39014422312736846,0.39048218311253075,0.39039170359844266,0.39005180459253685,0.3963697244682601,0.799882041271085,0.4568830049843912,0.9245401096758358,0.023172077729850284,0.004906721467418789,-0.3803479518792189,-0.36116182059554025,-0.2306005654810206,-0.03302924640349869,0.0002956661521158959,0.00042666685746818795,-5.205617998692621e-06,0.4254152573901949,0.3840345307787401,0.41389575153284,0.37311366462411893
367,3.0583333333333336,0.47087737312270184,0.8485453704584496,0.5,0.9998271305218885,0.01823022472452225,-0.003645389277605696,0.0002812754423886401,-0.43753120664263806,-0.2728288544836069,0.0,0.026050623918336558,0.03271990822325664,2.9399953523618185e-06,0.39014767620875584,0.39048703073900515,0.3903928585910391,0.39005154587191454,0.394043662398606,0.7983263196429681,0.45685608995439775,0.9245653463391446,0.02309465366583325,0.005224068363785746,-0.38028708422790714,-0.3585468319722507,-0.2430585618617198,-0.017664721629834235,-9.959906728853559e-05,0.0006550520631783908,0.00015431808145126885,0.4336002293039969,0.39282081736185703,0.42080373911355956,0.3794742538756754
368,3.0666666666666664,0.46722148357486315,0.8462547207760972,0.5,0.9998256396722717,0.01833851229934858,-0.0035083417364855287,0.0002841809977653111,-0.4381131210684586,-0.27582387777426354,0.0,0.025953182453306762,0.03306042476863791,2.9711992070869655e-06,0.390151187203092,0.39049191175694875,0.39039401170146965,0.3900513098306171,0.39167569802797003,0.7968024713891155,0.4567726370496769,0.9245092247297538,0.023409761315115213,0.0056827508538770865,-0.38039766404052977,-0.35123288293655297,-0.22117075718960377,-0.01277968418745834,0.000172465186972055,0.0004111699123517341,-0.00017892180340345036,0.4319673663072296,0.38947504028621693,0.4172339830538002,0.37763303775075424
369,3.075,0.46356085862304375,0.8439390070370927,0.5,0.9998241307347259,0.018446385152413404,-0.0033698727666085226,0.0002871112950172428,-0.43867246303282215,-0.2788365953615637,0.0,0.025851969236229285,0.033402306439667365,3.002780097872146e-06,0.39015475662518867,0.3904968261384625,0.39039516286522613,0.39005109695236767,0.38925162651160283,0.7952333288928961,0.4566479096417399,0.9245195804551437,0.023204852432574252,0.006192211849039089,-0.38037709801070335,-0.35627271358949497,-0.2454775853636293,-0.012538361928082775,-0.0006964327516661237,0.0006823356772548273,-8.039393193145224e-06,0.42840373866965326,0.3875617055582492,0.41967467569390476,0.37834051125114965
370,3.083333333333333,0.4598956875614614,0.8415980820351799,0.5,0.9998226035639188,0.01855382748296242,-0.0032299767442845236,0.0002900665969603844,-0.43920899906210953,-0.2818669380538623,0.0,0.02574694880743792,0.03374552791368545,3.0347410287363775e-06,0.3901583849902367,0.39050177385164114,0.3903963120191877,0.3900509077267431,0.3869295543590566,0.7936682798688226,0.4565992202281888,0.9245136564531705,0.023213265723671432,0.006619463425317706,-0.38038378781172066,-0.36487414974277765,-0.24667148289936325,-0.023937346006980276,0.00034818165223219754,0.0004963207137813252,-8.81991059608307e-05,0.4307911914786708,0.38736040962741974,0.41699012202092633,0.37827473226406644
371,3.091666666666667,0.4562261616350599,0.839231799153166,0.5,0.9998210580139475,0.018660823342378004,-0.0030886481527699966,0.0002930471695709417,-0.4397224947646276,-0.2849148340599634,0.0,0.025638085681474135,0.034090063316753585,3.067085015080631e-06,0.39016207281374926,0.3905067548605396,0.3903974591016766,0.39005074264921014,0.3845269974749441,0.7920849975255233,0.4565031510031821,0.9244840553082075,0.023218533613160546,0.007003475708656357,-0.38044852806357937,-0.3261474454199109,-0.25143930027763384,0.049945688771663166,0.0008313199901029788,-0.00040826554708825745,-5.9630333754051736e-05,0.43249612694261674,0.39004250762720843,0.41913394313279145,0.3794404622876476
372,3.1,0.45255247404708243,0.8368400123847028,0.5,0.9998194939383374,0.018767356634085287,-0.0029458815845789304,0.0002960532820103833,-0.440212714848203,-0.28798020896481596,0.0,0.025525344352682555,0.03443588621927177,3.0998150836086856e-06,0.39016582061150196,0.3905117691251347,0.39039860405251814,0.39005060222116134,0.38212989899058186,0.7904613409102492,0.45638179933823736,0.9245113110124011,0.023078879902699412,0.007344184742897598,-0.3803843635890286,-0.3710349568388893,-0.2559442236636289,-0.0095095050330396,-0.0002984827636212368,0.0004744171619506749,0.0001491580350878753,0.4200836679045987,0.372508744738935,0.40714860228627386,0.3724889098787237
373,3.1083333333333334,0.4488748199664938,0.83442257635627,0.5,0.9998179111900428,0.01887341111348189,-0.0028016717438119954,0.00029908520665053917,-0.44067942313815506,-0.29106298570519545,0.0,0.02540868930090989,0.03478296963161153,3.1329342722721592e-06,0.390169628899474,0.39051681660128584,0.39039974681310174,0.3900504869499536,0.3797826121404178,0.788897641659671,0.4563254188057322,0.9244948237205548,0.02286004865121118,0.007683598134123811,-0.3804309417085812,-0.3790675669367638,-0.2718974164858001,-0.03922742619173469,-0.0005867673241804279,0.000698630742933806,-4.127502317763707e-05,0.43025977045115077,0.38762485874749025,0.41666533702859004,0.3772227716701154
374,3.1166666666666667,0.44519339653525425,0.8319793463493624,0.5,0.9998163096214484,0.018978970387891668,-0.002656013448503945,0.0003021432190987912,-0.4411223825956515,-0.2941630845453704,0.0,0.025288084997298198,0.03513128599977373,3.166445630388144e-06,0.3901734981937859,0.3905218972407002,0.39040088732644107,0.39005039734894165,0.37738882092938075,0.7872322597390243,0.4563031530353921,0.9244756650288538,0.022900204613520995,0.008018272744207473,-0.3804681756734941,-0.4152454523548621,-0.2769680323195467,-0.07467198505758388,-0.001088644752057038,0.0010729989747670788,0.00010604464911438205,0.4365448984733342,0.39300103695371774,0.42016338761361655,0.38154724930740136
375,3.125,0.44150840287543647,0.8295101783228789,0.5,0.9998146890843675,0.01908401791654286,-0.002508901632989053,0.00030522759822335603,-0.441541355336449,-0.2972804230527624,0.0,0.025163495910177247,0.03548080720107689,3.2003522185145234e-06,0.39017742901063973,0.39052701099089837,0.39040202553723474,0.3900503339375128,0.3750047367689701,0.7855967733524425,0.4561624680126732,0.9244757609489633,0.022782687736382742,0.008583477753915162,-0.38046266632481796,-0.35153452495176873,-0.26693319448083397,-0.01946239527809146,-0.00042885049084721296,0.0005343702855157841,4.0090702698973754e-05,0.4427108015027332,0.4031432575793551,0.4257222531258564,0.38321346347684776
376,3.1333333333333333,0.43782004009618547,0.8270149289357148,0.5,0.9998130494300433,0.019188537010571077,-0.0023603313502845447,0.0003083386261786589,-0.44193610265002264,-0.30041491607360093,0.0,0.025034886511045736,0.03583150453986568,3.2346571084787036e-06,0.39018142186625443,0.39053215779517697,0.39040316139192954,0.3900502972411225,0.3533359566421246,0.7700670055123249,0.4555061796988224,0.9244778588854295,0.0191947239352958,0.011374517378328005,-0.38058227935371575,-0.35319898708024433,-0.25362455569385434,0.008580040898531482,0.0002807984491324534,-1.8469664013074298e-05,-5.519445046521208e-05,0.43164683185156366,0.38547064018280003,0.41878505441510483,0.38271184471775843
377,3.1416666666666666,0.434128511300517,0.8244934555695581,0.5,0.9998113905091498,0.019292510833047505,-0.002210297774491902,0.00031147658843080005,-0.44230638501908587,-0.30356647570857687,0.0,0.02490222128066757,0.03618334874325412,3.2693633833479063e-06,0.3901854772768013,0.39053733759257175,0.39040429483878814,0.3900502877913306,0.35097125793245987,0.7682462571575266,0.45549716609373,0.9244919290238144,0.01904202298087252,0.011577506584256067,-0.38054964968045146,-0.36085535344664854,-0.27775521938474546,-0.015377438326075188,-0.0004847908166799199,0.00028657949542095607,-6.234914613376286e-05,0.42550468850011286,0.38119372738106877,0.4159847234930299,0.3781020599197992
378,3.15,0.43043402159195143,0.8219456163518863,0.5,0.9998097121717904,0.019395922399032813,-0.0020587962032158616,0.0003146417737831115,-0.4426519621395055,-0.30673501128850117,0.0,0.024765464715258576,0.036536309956893796,3.3044741373849332e-06,0.39018959575834267,0.3905425503178256,0.39040542582794807,0.3900503061258315,0.3486969580455124,0.7664573983800516,0.4556895797712518,0.9244475570911054,0.019805417487795598,0.011507725645694638,-0.3806205878258362,-0.35313957157429576,-0.2742882104151634,-0.014504885215760321,-0.00034444030100889316,0.00045203381839273315,0.0001603160746937667,0.4319844086698011,0.3856747221083226,0.4173819482136483,0.38151706043197237
379,3.158333333333333,0.42673677808098,0.8193712701791688,0.5,0.9998080142674995,0.019498754575657095,-0.0019058220600010859,0.00031783447440180573,-0.44297259294061314,-0.3099204293499702,0.0,0.024624581332765426,0.036890357740774204,3.3399924761029183e-06,0.39019377782676457,0.3905477959013525,0.390406554311491,0.3900503527884895,0.345137750737703,0.7637237926369537,0.4556420105299606,0.9244304539008619,0.019133566313093233,0.011752820970506986,-0.38068899871157885,-0.3118242692226325,-0.2596629189753119,0.07277899137596022,0.0013064396266242095,-0.00085104779868661,-8.417812082467025e-05,0.4313269724080283,0.38475222575516077,0.4177218800460581,0.38212248525406717
380,3.166666666666667,0.4230369898913595,0.8167702767402698,0.5,0.9998062966452425,0.019600990082226287,-0.0017513708967862587,0.0003210549858417157,-0.44326803560591727,-0.3131226336110434,0.0,0.024479535679262508,0.03724546106505682,3.3759215162294407e-06,0.390198023997708,0.3905530742692033,0.39040768024351097,0.3900504283293726,0.34273505461113873,0.761807312071758,0.4555583988715749,0.9244859409594018,0.018460977305005222,0.011744957269830563,-0.38058769457785074,-0.3613949036285813,-0.2747435239981333,-0.014858616640311961,-0.0005564260011539954,0.00016306399735651679,-8.904542262890033e-05,0.413909213229112,0.36493414806496227,0.40639381139494063,0.3730641605409198
381,3.175,0.41933486816623367,0.8141424965400558,0.5,0.9998045591534147,0.019702611490355557,-0.0015954383963755689,0.000324303607072125,-0.4435380475942179,-0.3163415249469373,0.0,0.024330292335435873,0.03760158830594314,3.4122643856644578e-06,0.39020233478650396,0.3905583853430352,0.39040880358017865,0.3900505333047823,0.3403698881405205,0.7599211491771205,0.45550918919837696,0.9244896229306847,0.01797429184263477,0.011838523075415382,-0.3805991477888897,-0.3607762157591454,-0.2824045588699531,-0.015775994934258408,-0.000970401219513583,0.0004070247041601747,0.0001646598579550521,0.42974012197432937,0.38527987318069457,0.4196166299550399,0.38191445784977623
382,3.1833333333333336,0.4156306260740744,0.8114877909232041,0.5,0.9998028016398439,0.019803601224129972,-0.0014380203749273404,0.00032758064050268995,-0.44378238566112727,-0.3195770013657406,0.0,0.024176815923169642,0.037958707241578515,3.4490242234309736e-06,0.39020671070810553,0.3905637290400742,0.390409924279811,0.39005066827728674,0.33801471839816055,0.7580507202037621,0.4554869023681546,0.9244866984315739,0.018068427423388447,0.0118709396483792,-0.3806007844781699,-0.34564924013449905,-0.2757303937443223,0.0016249818011682127,-7.251921439271398e-05,0.00017914693849195747,-0.00010507966020118204,0.42980855053919,0.38499333322806084,0.41988818607611783,0.38253616703969445
383,3.1916666666666664,0.4119244788144445,0.8088060220982144,0.5,0.9998010239517884,0.019903941560292935,-0.0012791127844597485,0.00033088639200945074,-0.44400080588099894,-0.3228289579841539,0.0,0.024019071112241754,0.038316785047987766,3.486204179739441e-06,0.390211152277016,0.3905691052730851,0.39041104230294427,0.39005083381575306,0.3329308545665015,0.7542664853396917,0.4549457849120736,0.9244692573482582,0.016376890143651353,0.01245366705425001,-0.3807010583963283,-0.36606484993995103,-0.2860623815442054,-0.009963916169641873,-0.00033874080359785495,0.00015641731928806805,1.630590461063093e-05,0.425614210831328,0.38018452578111295,0.4184816235516357,0.3816712602977843
384,3.2,0.4082166436235738,0.8060970531616225,0.5,0.999799225935939,0.02000361462846284,-0.0011187117153734166,0.00033422117096093464,-0.44419306366926903,-0.32609728700325985,0.0,0.023857022627115823,0.03867578829505861,3.523807415979738e-06,0.39021566000721813,0.39057451395034004,0.3904121576124026,0.390051030495376,0.3306647281826616,0.7523064915962231,0.4550929414019428,0.9244725610110012,0.017122236301992902,0.012034646189863558,-0.3806737188891088,-0.36273691630028804,-0.2779308216914078,-0.0206354782420759,3.7331527262101573e-06,0.00038404937013437315,-1.8156908327175902e-05,0.42769675662054896,0.3841955834935306,0.42046680191906216,0.38176581743971816
385,3.208333333333333,0.40450733977974784,0.8033607481224155,0.5,0.9997974074384177,0.020102602411378297,-0.0009568133989907041,0.0003375852902443488,-0.4443589138052111,-0.329381877684327,0.0,0.023690635253838483,0.03903568294255964,3.561837104560598e-06,0.3902202344121071,0.39057995497558706,0.3904132701733672,0.3900512588977081,0.32840536008054183,0.7503135692856989,0.45519476145970883,0.9244590007630642,0.017354376974879987,0.011552820909469031,-0.38071106345495775,-0.3447863261539452,-0.2727057197264071,-8.066511753557215e-05,0.00044130051524089194,-0.00012365365527207737,6.149620977083893e-07,0.4283445171536816,0.38599100828924526,0.42351814983360236,0.3836551516898349
386,3.216666666666667,0.4007967886085049,0.8005969719266487,0.5,0.9997955683047791,0.020200886745172442,-0.0007934142101115822,0.0003409790662918622,-0.44449811045510806,-0.332682616324653,0.0,0.0235198738470312,0.039396434336196634,3.600296429073866e-06,0.39022487600441413,0.3905854282480174,0.3904143799534539,0.3900515196106905,0.3260017871614376,0.7484155062764196,0.4551165548701172,0.9244719186978283,0.017322130435732924,0.01159922224232799,-0.3806797517332606,-0.3325710775002988,-0.30675759471606723,0.04801405792042579,0.00042018085891355197,-0.0011623215770216711,-1.173618622866956e-05,0.423622161446523,0.3806259575618483,0.4214330413917268,0.3821848613023187
387,3.225,0.39708521348763837,0.7978055904822636,0.5,0.9997937083800102,0.02029844931967666,-0.0006285106695858847,0.00034440281910697983,-0.4446104071958448,-0.3359993862334515,0.0,0.023344703337002944,0.039758007203720296,3.639188584180224e-06,0.3902295852961316,0.390590933662236,0.39041548692278666,0.39005181322868226,0.3163890825638615,0.740482589204448,0.45449282208268366,0.9244678583141914,0.01477713731582814,0.010949014129299888,-0.3808161423132135,-0.3531764429981932,-0.3020872210839687,-0.022865054821152864,-0.0007985315068396797,0.00019912605969414748,3.39737485431343e-05,0.4188977729459754,0.37082172598999164,0.40976801986626005,0.37562348998595335
388,3.2333333333333334,0.3933728398519998,0.794986470684107,0.5,0.9997918275085305,0.020395271678754334,-0.00046209944690171555,0.0003478568722910039,-0.44469555703892233,-0.3393320677077876,0.0,0.023165088736952198,0.04012036565107336,3.678516775572978e-06,0.3902343627984438,0.3905964711082343,0.39041659105406856,0.39005214035248464,0.31397880153727475,0.7384462770604399,0.4543693052820089,0.9244385505469113,0.014292549920850396,0.010833254359606751,-0.38090908348248426,-0.3419657803017506,-0.29047336483459807,-0.010549359549882897,0.00010071451767455645,-0.00014418490692755717,-5.381571272540681e-05,0.4289656881036424,0.386194479133959,0.42364243932384466,0.38420136981714087
389,3.2416666666666667,0.3896598951981004,0.7921394804391498,0.5,0.9997899255341928,0.02049133522066481,-0.0002941773627899036,0.0003513415530695873,-0.44475331245489763,-0.3426805380085665,0.0,0.02298099515027182,0.04048347315858569,3.7182842200659877e-06,0.39023920902164866,0.3906020404713586,0.3904176923226608,0.39005250158937294,0.3116619243834694,0.736441971802978,0.45417352133403155,0.9244321432509216,0.014069201593496922,0.010689239236408542,-0.38093701612678166,-0.3449718253021372,-0.28847811261365486,-0.07549755947612868,-0.0023525419378275098,0.00023621543079975084,-7.948842926000997e-05,0.4245385948892923,0.382699368876333,0.4243472155889541,0.38390459594317894
390,3.25,0.3859466090885064,0.7892644886919065,0.5,0.9997880023002824,0.02058662119845821,-0.000124741391844213,0.00035485719231937395,-0.4447834253982514,-0.34604467133658123,0.0,0.022792387777973544,0.04084729257721675,3.758494145414339e-06,0.39024412447508067,0.39060764163228034,0.39041879070665925,0.3900528975531222,0.30927165180187777,0.7343316787550082,0.4541484970174146,0.924465533934984,0.014900133421582345,0.010701537907731764,-0.3808240271788713,-0.29962961335462945,-0.29129925304928195,0.04143491739226901,0.0015663739415133042,-0.0012831148230941416,-6.609339081643357e-05,0.43459868008569263,0.39364402045799834,0.4360860097108111,0.39475565126721257
391,3.2583333333333333,0.3822332131560261,0.7863613654500532,0.5,0.9997860576495184,0.02068111072040149,4.621133484279418e-05,0.00035840412459473003,-0.4447856473326864,-0.3494243388086228,0.0,0.022599231926201835,0.041211786124846224,3.7991497904683e-06,0.3902491096670354,0.3906132744669714,0.3904198861869734,0.3900533288640321,0.3012616001853999,0.7272161548068676,0.45347301176018057,0.9244132300040486,0.014021427922297425,0.009674104401235189,-0.38101179962900905,-0.3627201726356666,-0.32539767446265744,-0.03737020450006456,-0.0005008507423169686,-0.00018956372639045523,-6.747550979304448e-05,0.41512760857344233,0.3689319060719452,0.4166043453445216,0.38052015147888907
392,3.2666666666666666,0.3785199411076826,0.7834299818102455,0.5,0.9997840914240542,0.020774784750436117,0.0002186835270285409,0.0003619826881545642,-0.44475972925685814,-0.3528194084336594,0.0,0.022401493013862808,0.04157691538262358,3.84025440508431e-06,0.39025416510468874,0.39061893884667676,0.3904209787474028,0.39005379614895147,0.29660401407729564,0.7229950115239585,0.4530182535172682,0.9243774513912695,0.013778317614802282,0.009561812511994106,-0.38111029514377104,-0.3495393755697296,-0.3017344970450586,-0.03627293234977347,-0.0003271133184726825,0.00034630716244287313,8.112851170063763e-05,0.4322146397215755,0.3912932035331969,0.42569856778236553,0.3843930888662526
393,3.275,0.3748070287284715,0.7804702099841337,0.5,0.9997821034654757,0.020867624108667847,0.0003926777326540585,0.0003655932249892355,-0.4447054217305429,-0.3562297450890897,0.0,0.02219913658034923,0.041942641291362534,3.881811250021762e-06,0.39025929129402176,0.3906246346378871,0.39042206837471843,0.39005430004130626,0.29312225870460895,0.7198727032294322,0.4526565589663194,0.9243555386745624,0.013461106869676609,0.009533895386929628,-0.3811754734531772,-0.29148232755973336,-0.2926374630045303,0.024401216736941178,0.0016418979555541178,-0.0011775386862221489,-4.051121034390639e-05,0.42857426970815116,0.3900393739482727,0.4295654449499492,0.3858300595148751
394,3.283333333333333,0.3710947138848978,0.7774819233245758,0.5,0.9997800936148045,0.020959609471889074,0.0005681963351626318,0.00036923608084755115,-0.4446224749012418,-0.3596552104970741,0.0,0.0219921282933821,0.042308924147991867,3.923823597053156e-06,0.3902644887397358,0.3906303617023101,0.3904231550587464,0.3900548411811226,0.29082915132892034,0.7177671294789748,0.4522932883901224,0.9243479079191943,0.01326428995781259,0.009644436721367283,-0.3811980962408544,-0.3562536400359251,-0.317280050013824,-0.03681246031206342,-0.00019198995123148949,-0.00015454750961963512,1.6425937173320227e-05,0.4166414621802736,0.3728271774181103,0.4215879656622386,0.3830605009975545
395,3.291666666666667,0.36738323652828886,0.7744649963520476,0.5,0.9997780617124954,0.02105072137413416,0.0007452415508037517,0.00037291160526385186,-0.4445106385312273,-0.3630956632009509,0.0,0.02178043395695642,0.042675723602066715,3.966294728944804e-06,0.3902697579451736,0.39063611989685115,0.3904242387924456,0.390055420215047,0.2885192687871335,0.7156134934846553,0.4520147519027409,0.9243395934041744,0.013236168133190361,0.009387163578030579,-0.381225656374955,-0.32745250927804226,-0.307201214329611,-0.042408020986872685,0.00029019439901147454,-0.0001741111848572094,0.00010833056224528695,0.42962102233324234,0.3908963614215853,0.4290082747790478,0.3854413635387319
396,3.3,0.3636728386978805,0.7714193047812495,0.5,0.9997760075984385,0.021140940207268206,0.0009238154259225976,0.0003766201515851865,-0.4443696620250323,-0.3665509585417418,0.0,0.02156401951938005,0.04304299865233532,4.009227939304823e-06,0.3902750994122383,0.39064190907358687,0.390425319571992,0.3900560377963713,0.2861667008514164,0.713432262046723,0.4516793846387861,0.9243093744495348,0.012905970000046637,0.009299882235902644,-0.3813123764493698,-0.3589262448494668,-0.32676923686014714,-0.043671026990088624,2.947492146573672e-06,-0.00020121652890750654,-0.00019664758939648874,0.428510405935272,0.38843515915933097,0.43227939344300687,0.3900451905697917
397,3.3083333333333336,0.3599637645236714,0.7683447255479077,0.5,0.9997739311119589,0.021230246221609666,0.001103919834235289,0.0003803620769985733,-0.4441992944573841,-0.3700209486347525,0.0,0.021342851081437707,0.04341070764336724,4.052626532674098e-06,0.3902805136413071,0.39064772907973966,0.39042639739686585,0.3900566945850537,0.2838904129083638,0.711337261386792,0.45132783188555675,0.9243249417745668,0.013109635569476839,0.00952860406260236,-0.3812620426600284,-0.35573531433461536,-0.3378201440658035,-0.04285721390803188,-0.0006494479109919341,-0.0002019022000322384,-0.0002330580812314766,0.4304457375692949,0.39255893793446633,0.4308821010601025,0.38641029195565124
398,3.3166666666666664,0.35625626022904255,0.7652411368357701,0.5,0.9997718320918164,0.021318619526587344,0.00128555647409018,0.00038413774255835064,-0.44399928460158744,-0.3735054823462743,0.0,0.021116894904649172,0.04377880826224179,4.096493824515984e-06,0.390286001131149,0.3906535797576561,0.39042747226993424,0.39005739124773964,0.281577943882433,0.7091501825726403,0.45102175632177577,0.9242607098800455,0.012815384975548424,0.00934584475602628,-0.3814322499025998,-0.3393936859339419,-0.3255344361535628,-0.05098873724891928,-0.0004548346717591629,0.0002549818386589877,8.895344465418546e-05,0.4311817004626454,0.39191991415409466,0.42999336627108836,0.38690555727272524
399,3.325,0.35255057413313917,0.7621084181037973,0.5,0.9997697103762071,0.021406040091432103,0.0014687268657154271,0.0003879475132136144,-0.44376938095835694,-0.3770044052703908,0.0,0.020886117419643347,0.04414725753530299,4.140833141133581e-06,0.39029156237883883,0.3906594609447861,0.3904285441975376,0.3900581284577815,0.27926568645534006,0.7069400100857441,0.45071868908507273,0.9242627641860707,0.012621242770785638,0.009248516434550828,-0.38143611773638414,-0.33453564140202285,-0.3110363305990349,-0.04964426139044131,0.0005345160482755463,-0.00011602616599872,-9.744366520151977e-05,0.4303021677124281,0.39133186228805666,0.43387920745256353,0.39049257208018207
400,3.333333333333333,0.34884695665300824,0.7589464501135443,0.5,0.9997675658027618,0.02149248774590388,0.0016534323484531522,0.0003917917578357429,-0.44350933178510243,-0.3805175597058983,0.0,0.020650485234629035,0.04451601182497737,4.1856478197037795e-06,0.3902971978796723,0.3906653724736613,0.39042961318957653,0.3900589068952558,0.27470674471513173,0.7025964173515999,0.4500349839341278,0.9241998709401003,0.013190484280302766,0.009188438328200398,-0.3815706779612951,-0.33789671575537583,-0.3333126086420224,-0.0686232711410606,0.0006764365464092689,-0.00024650437882794784,7.263940306609142e-05,0.42772295947319744,0.3906299582641747,0.4364137795002975,0.39110260686628606
401,3.341666666666667,0.3451456603054921,0.7557551149567365,0.5,0.9997653982085482,0.021577942181054258,0.001839674077980408,0.00039567084924600976,-0.4432188851256694,-0.3840447846333416,0.0,0.020409965143981895,0.04488502682666118,4.2309412082159985e-06,0.3903029081270773,0.3906713141718742,0.39043067925960273,0.3900597272469852,0.2689470230872546,0.6969978605705412,0.44910279572265616,0.9241519889806191,0.01350743337198487,0.008735994869784186,-0.3816861706959031,-0.3582674400228414,-0.3417598184281778,-0.03487463437588101,-5.538309152210552e-05,-0.0004968523424523354,-7.78024731542955e-05,0.43400298431481343,0.394785335642968,0.43657307725760525,0.3934123450944968
402,3.35,0.3414469397088703,0.7525342960830341,0.5,0.9997632074300697,0.0216623829500253,0.0020274530235173172,0.0003995851642432831,-0.44289778884053566,-0.38758591569217526,0.0,0.02016452413693728,0.045254257565677906,4.2767166654861764e-06,0.39030869361252607,0.39067728586205863,0.390431742424905,0.390060590206551,0.26668584538945456,0.6947979585684567,0.44869406949902474,0.9241446989561061,0.013686065732540276,0.008805676500403441,-0.38169585674652384,-0.33319674501344765,-0.32140705947583115,-0.06766868713367069,0.0006459100123820372,-0.00014901329449638155,-3.0875798610014224e-05,0.42944897696336237,0.39307611262231046,0.4303801751317243,0.38434083230327193
403,3.3583333333333334,0.3377510515842487,0.7492838783279883,0.5,0.9997609933032662,0.02174578946888479,0.002216769965022596,0.0004035350836318118,-0.442545790637468,-0.3911407851580531,0.0,0.019914129406385015,0.045623658394303664,4.322977561123701e-06,0.3903145548254467,0.39068328736187247,0.39043280270660163,0.390061496474313,0.26441729140308534,0.6925914089413866,0.4483131217769951,0.9241028664686917,0.01428775201928522,0.008766244124130056,-0.3817759883629915,-0.34724269252806583,-0.3391544426618154,-0.04583349902103073,-0.0005110867495028764,-0.000388123388795521,-8.851365300634859e-05,0.43209936861825976,0.39546781397887054,0.4390462416830862,0.3932594403675958
404,3.3666666666666667,0.33405825475669004,0.7460037479411846,0.5,0.9997587556635147,0.021828141017498696,0.0024076254903768286,0.00040752099224909916,-0.4421626381026396,-0.3947092219202535,0.0,0.019658748357780382,0.04599318298886886,4.369727275492703e-06,0.39032049225313314,0.39068931848397914,0.3904338601297305,0.3900624467574232,0.2553182244643703,0.6834925102138001,0.4466571621164025,0.9240333372556901,0.013737885247730541,0.008459989173410667,-0.3819713218714436,-0.333990373768811,-0.3455299886350405,-0.07706350795901318,-0.0006093485789877049,0.00035141732602482283,-2.8086610970686524e-05,0.43049735478056805,0.39378915502546274,0.43350938275560374,0.38776695094331887
405,3.375,0.33036881015608444,0.7426937926145754,0.5,0.999756494345629,0.0219094167404409,0.002600019992553754,0.0004115432789938615,-0.44174807873221095,-0.3982910514592456,0.0,0.019398348618153507,0.04636278434693391,4.416969199713791e-06,0.3903265063806535,0.39069537903603047,0.39043491472334313,0.39006344176983954,0.2519287517931788,0.6800501218069136,0.4460028375198029,0.924006908398526,0.014314068636945194,0.008555837498447738,-0.3820119609587578,-0.3259693233581773,-0.3347947032150911,-0.07228162637199498,0.0005918136128142607,-5.025320344240074e-05,-0.00019466489871829972,0.4369629571494508,0.3988069522936308,0.438138727469077,0.39383306092964515
406,3.3833333333333333,0.3266829808177528,0.7393539015109972,0.5,0.9997542091838602,0.021989595647941014,0.0027939536667799247,0.00041560233685407436,-0.4413018599643765,-0.4018860958244038,0.0,0.01913289804523582,0.0467324147845417,4.46470673567598e-06,0.390332597690757,0.3907014688206513,0.39043596652059726,0.39006448223234064,0.249696903003995,0.6777063448895049,0.44550033944032713,0.9239302888544212,0.014536152526816512,0.008774305961214573,-0.3821838996635023,-0.34338942101188596,-0.3339127453121815,-0.05384833409168843,-0.0003140914179479025,-0.00023119872440031375,5.6882600877869585e-05,0.43509234383584394,0.39762925091458795,0.43894510890394445,0.3939056596100915
407,3.3916666666666666,0.3230010318827824,0.7359839652928742,0.5,0.999751900011897,0.02206865661687048,0.002989426507683024,0.0004196985629351044,-0.44082372921187785,-0.4054941736118752,0.0,0.018862364736687967,0.04710202593355155,4.512943295958841e-06,0.39033876666378287,0.3907075876354267,0.39043701555885096,0.3900655688725359,0.2474352265839688,0.6754363768416126,0.4451803152235564,0.9239607049122377,0.01503822218818863,0.008759073607090329,-0.382091280037958,-0.33894388058230973,-0.356180632308678,-0.060748898988916,0.0003194910583695162,0.000152174214463466,-9.448185875247033e-06,0.4315487262899539,0.39680210836657226,0.4367299881984999,0.38897437788558614
408,3.4,0.3193232305980884,0.7325838761511045,0.5,0.9997495666628662,0.022146578391767566,0.0031864383064292294,0.00042383235848792664,-0.44031343389498684,-0.4091150999426073,0.0,0.01858671703943582,0.04747156873905221,4.5616823037941245e-06,0.39034501377756614,0.3907137352728843,0.3904380618797576,0.390066702424879,0.24516247226824825,0.6730181578636547,0.44478652940014063,0.9239074870165186,0.015073044456548713,0.008690691410466205,-0.38222013375598174,-0.32379691069018,-0.33040042422604055,-0.052356167332484604,0.0005104981080373796,-6.512978806944318e-05,0.00016150838717674893,0.435204332825592,0.3974976553633314,0.435306312201778,0.3905313177514154
409,3.408333333333333,0.3156498463161985,0.7291535278341299,0.5,0.9997472089693321,0.022223339585901548,0.0033849886478498964,0.0004280041289374276,-0.4397707214749596,-0.4127486864405428,0.0,0.01830592355911669,0.04784099345685415,4.610927193125823e-06,0.39035133950734086,0.3907199115204828,0.3904391055293649,0.39006788363067807,0.2429315666416608,0.67065645056496,0.44432673055333666,0.9239004919616775,0.015332932698395859,0.008955494378971474,-0.38222059239170386,-0.3321786599778387,-0.3617544603077616,-0.060779483850176286,0.0002386243755119154,6.343935938259671e-05,-5.22220636305918e-05,0.430120736215294,0.39460131237616153,0.4381492369512697,0.39116352111434993
410,3.416666666666667,0.3119811504947576,0.7256928156771862,0.5,0.9997448267632978,0.022298918682376736,0.0035850769075579545,0.0004322142839107935,-0.43919533948796374,-0.41639474121098524,0.0,0.018019953169636376,0.04821024965107589,4.660681408565504e-06,0.39035774432564496,0.39072611616060254,0.39044014655821024,0.3900691132381017,0.24069459477986602,0.668355531199266,0.4439282498879523,0.9238548736884761,0.015672109031780276,0.00919056328599503,-0.3823115102989084,-0.3384373703908622,-0.35078189257361503,-0.06566170624011103,0.0005498088072814238,0.0003131739391705654,-7.276617900385097e-05,0.43518993410073137,0.3967911565259795,0.435833302337166,0.39170341213195264
411,3.425,0.3083174166957455,0.7222016366317325,0.5,0.9997424198762052,0.022373294035276634,0.0037867022490544098,0.00043646323726598496,-0.43858703557947926,-0.4200530688191462,0.0,0.017728775022821965,0.04857928619181178,4.710948405282911e-06,0.39036422870222603,0.3907323489705333,0.39044118502141817,0.39007039200218946,0.2385295263280122,0.6659950370210254,0.44348634441916596,0.9238422460852211,0.015592406159443942,0.009306232681086109,-0.3823424842358727,-0.33499274208839136,-0.3777612312081069,-0.05445025463379771,-0.0001605808629569431,0.0003461755989217371,-7.21503962283056e-05,0.4344551779101434,0.3986436868454365,0.43863599950777277,0.391886718777333
412,3.4333333333333336,0.3046589205844076,0.7186798892950593,0.5,0.9997399881389346,0.022446443870848674,0.003989863620825232,0.0004407514071202937,-0.4379455575391768,-0.42372347026887663,0.0,0.01743235855819368,0.048948051252886864,4.761731649137587e-06,0.39037079310393885,0.39073860972246294,0.3904422209788031,0.3900717206848581,0.23523290120051446,0.662438201096466,0.4429777038953457,0.9238121472083778,0.015425081409348146,0.009732133831866904,-0.3824113872583296,-0.33629126090258255,-0.3485487206176918,-0.06324230119463814,-0.00011951547191383995,0.0006446993007061432,-9.796067738728254e-05,0.4351959242567091,0.3961400981035252,0.4341164512267475,0.3906139228312853
413,3.4416666666666664,0.3010059399278915,0.7151274739400729,0.5,0.9997375313818059,0.022518346288730142,0.004194559753429084,0.00044507921587898767,-0.43727065333627374,-0.42740574298159134,0.0,0.017130673512841678,0.04931649230971168,4.813034616519066e-06,0.3903774379946499,0.3907448981834715,0.3904432544949683,0.3900731000549075,0.22642550305023343,0.6527709926564502,0.44165245422387855,0.923706987344436,0.015065965570658665,0.011181114168641718,-0.38264004089801856,-0.3207999210997736,-0.3386991859179789,-0.04234276971278872,0.00035548665346508827,0.00025685641564183434,9.857192188342967e-06,0.4328666485681409,0.3979788935567356,0.4400765248023198,0.39236695477695904
414,3.45,0.2973587545935872,0.7115442925452534,0.5,0.9997350494345782,0.02258897926321556,0.004400789156576273,0.0004494470902640372,-0.436562071155369,-0.43109968077539285,0.0,0.016823689931403915,0.04968455613721959,4.864860794357058e-06,0.3903841638351369,0.3907512141155206,0.39044428563940514,0.3900745308880245,0.22427312461095122,0.6503700917525607,0.44131130455039097,0.9236806647654461,0.015502356997217475,0.01169581551450978,-0.38267076497355457,-0.3306279964957609,-0.361002633555374,-0.054481590892269116,0.00013362182152088387,0.0005383027461482675,0.00017841030229375954,0.4291843554212978,0.3928018177553962,0.43758473899790845,0.3913417787445059
415,3.458333333333333,0.2937176465471666,0.7079302488247885,0.5,0.9997325421264502,0.02265832064456606,0.0046085501161992224,0.00045385546134292737,-0.4358195594327604,-0.43480507384440054,0.0,0.016511378176161096,0.05005218880790737,4.917213680210794e-06,0.3903909710829868,0.39075755727545086,0.39044531448660036,0.39007601396678676,0.22206150115349751,0.647930330916868,0.4410002688443053,0.9236181103631125,0.01595605143270676,0.011939953833969986,-0.38279554351428036,-0.3386248293613503,-0.3735789510511123,-0.038211755752182164,0.0002161688809881685,-3.97139422709883e-05,-0.0001536656421719644,0.43395391027767616,0.3958010937761502,0.43683877204745514,0.3923957692026355
416,3.466666666666667,0.2900828998503173,0.7042852482588752,0.5,0.999730009286061,0.02272634816036126,0.004817840691515043,0.00045830476455755435,-0.4350428668932427,-0.43852170873829355,0.0,0.01619370893722747,0.050419335689973144,4.970096782026595e-06,0.39039786019249667,0.3907639274149743,0.390446341116135,0.39007755008066425,0.21982865866362863,0.6454354470867254,0.44078488223670914,0.9236214548200022,0.01594543327140159,0.01221318529559765,-0.3827792960165234,-0.33234123667670035,-0.3769253697554542,-0.05361406180015571,0.0002966598999801401,0.0005153202493233764,-3.593264951140847e-05,0.432480379254329,0.39428294757696625,0.4330493347927758,0.3885717393059777
417,3.475,0.28645480065816853,0.7006091981241939,0.5,0.99972745074149,0.022793039416893895,0.00502865871208043,0.0004627954397532039,-0.43423174258739095,-0.4422493683420726,0.0,0.015870653242856796,0.05078594144554769,5.0235136183588314e-06,0.39040483161456874,0.39077032428066955,0.3904473656127916,0.39007914002601995,0.21219135515674997,0.636697881400455,0.44010155140782226,0.923517089741683,0.017176034298788955,0.013727299758849036,-0.3829265334788779,-0.3179936371917047,-0.37640384138296623,-0.04169003603729515,0.00039894048934827834,0.0002303444400772294,-0.00016977613746745044,0.4349712462248377,0.3959216389152887,0.43577281233462134,0.3921708491594137
418,3.4833333333333334,0.2828336372164034,0.6969020075245491,0.5,0.9997248663202564,0.02285837190060788,0.005241001774839436,0.00046732793120761516,-0.43338593592932895,-0.44598783185604907,0.0,0.01554218246985029,0.05115195002903808,5.077467718194719e-06,0.39041188579660707,0.3907767476139826,0.3904483880666601,0.39008078460611023,0.20886268781120346,0.6328753917646558,0.4394998748897078,0.9235075907078264,0.016426196609626856,0.013550974452190874,-0.38298861740443907,-0.3433156305382462,-0.3741727221285851,-0.021816969265509023,4.435652626144854e-05,8.366422128652699e-06,4.747789683504068e-05,0.4347861704560255,0.39251620800905745,0.4323136525776297,0.39187839678756675
419,3.4916666666666667,0.27921969985805406,0.6931635874216752,0.5,0.9997222558493206,0.022922322979580072,0.005454867241164521,0.0004719026876601268,-0.4325051967349827,-0.44973687477606833,0.0,0.015208268354071911,0.05151730468556722,5.131962620939139e-06,0.3904190231824161,0.39078319715122056,0.3904494085732405,0.3900824846310824,0.2067134148895041,0.6302688832922191,0.43930274908313244,0.9234855388607196,0.0159692314936085,0.01365620361210307,-0.383057373331378,-0.31605750181609715,-0.38280846159480797,-0.04189513629836994,-0.00010944035835471814,0.0005399236138464153,-0.00022089782593879407,0.43025316675572844,0.39291123281460955,0.4307162698238543,0.38538038427851934
420,3.5,0.27561328099997595,0.6893938506662067,0.5,0.9997196191550846,0.02298486990504633,0.005670252233891274,0.0004765201623409067,-0.43158927526082314,-0.4534962688739733,0.0,0.014868883001067453,0.051881947949518975,5.187001876489662e-06,0.3904262442120939,0.3907896726235564,0.3904504272335526,0.3900842409179709,0.20351583893491884,0.6264549980141139,0.43907347070022396,0.9234222893395008,0.016291854084768142,0.01401042691496281,-0.38318345342555765,-0.333723811953332,-0.37128812959768,-0.01066072329294343,0.0028910500501851833,0.0002874005895225576,0.00020692814634830543,0.43372822886599377,0.39243047978394635,0.43389672218704994,0.39245112705178453
421,3.5083333333333333,0.27201467513899746,0.6855927120288113,0.5,0.9997169560633906,0.02304598981297209,0.005887153634347288,0.00048118081300026287,-0.43063792224309716,-0.45726578217831726,0.0,0.014523998896785534,0.05224582164320124,5.242589045055708e-06,0.3904335493219226,0.39079617375702613,0.3904514441542462,0.39008605429069504,0.19923661254635633,0.6212772455285025,0.4386636448865621,0.9233727767580248,0.016513610823849962,0.014500221009557172,-0.3832750440485361,-0.3211614204574803,-0.3831668887238515,-0.013788496184130583,-0.00038011788732825646,2.869875510865426e-05,-0.00010578036868258887,0.4272117449268124,0.3900308976917135,0.43045721515401586,0.38492244329135883
422,3.5166666666666666,0.2684241788477394,0.6817600882314802,0.5,0.9997142663995234,0.02310565972566815,0.006105568079375704,0.0004858851019380394,-0.42965088893754744,-0.4610451789553309,0.0,0.014173588918421378,0.05260886687561151,5.298727697274552e-06,0.39044093894426446,0.3908027002725299,0.3904524594477099,0.3900879255800523,0.19600476568513397,0.617413437570342,0.43840118797241645,0.9233186771125746,0.017063650749482972,0.01484672481256017,-0.3833680047689493,-0.3256627128656653,-0.40368875005010185,-0.025307161382159826,-0.00033358498982008234,0.00038539939587240975,-2.782410729865274e-05,0.4290963950557542,0.38887359666754373,0.42966880302563537,0.3871206384464099
423,3.525,0.26484209077010157,0.6778958979789775,0.5,0.9997115499882097,0.02316385655345203,0.006325491958353765,0.0004906334960330925,-0.42862792715962433,-0.46483421969015454,0.0,0.013817626345339866,0.052971024041318496,5.3554214141547304e-06,0.39044841350745557,0.390809251885842,0.3904534732321768,0.3900898556237081,0.19388395243816073,0.6147892722231841,0.4382980114466844,0.9232511572448862,0.017005303110697353,0.014844286808900408,-0.38353326773726804,-0.3239296942688541,-0.3724626406158893,-0.03342925522226703,0.0011903272632386621,0.00011701962462954924,-7.94348112724848e-05,0.43372531103381423,0.3915131441486317,0.4287881706507428,0.38823829659078674
424,3.533333333333333,0.2612687116164121,0.6740000619904454,0.5,0.9997088066536173,0.0232205570963551,0.006546921410206991,0.0004954264667728496,-0.4275687893251888,-0.4686326610683386,0.0,0.013456084870115665,0.05333223281945942,5.41267378697456e-06,0.3904559734356947,0.390815828307609,0.3904544856318398,0.39009184526619245,0.19072413645024003,0.6108534025931593,0.43807175987665997,0.9232331761513185,0.01705357501922987,0.015204369373826725,-0.38356030188818585,-0.31109538472229303,-0.3758377388570433,-0.021895287976925193,-9.754584160899876e-05,2.404087313602992e-05,-0.00011861039690614614,0.43072153921737194,0.39310505442062965,0.435086279110952,0.3898605872299613
425,3.541666666666667,0.25770434415823507,0.6700725030311602,0.5,0.9997060362193574,0.02327573804587636,0.006769852320419356,0.0005002644902829498,-0.42647322849170716,-0.47244025595762335,0.0,0.013088938609679912,0.053692432172851814,5.470488417382534e-06,0.39046361914893346,0.3908224292433589,0.3904554967769625,0.3900938953588868,0.18655403306752122,0.6054984373869664,0.43770920949775866,0.9231754995000799,0.017065778134651426,0.015773599527396768,-0.38367557896924637,-0.3312283053704207,-0.3970071157641808,-0.023013569003721424,-0.00010340239334074542,0.00022512050668347628,-0.00018396836245220628,0.4288399855224865,0.3894283474146073,0.4332244349139171,0.3897899918055917
426,3.55,0.25414929322283253,0.6661131459444407,0.5,0.9997032385084837,0.02332937598678288,0.006994280318040039,0.0005051480473569665,-0.4253409983999398,-0.47625675339000384,0.0,0.012716162116559944,0.05405156034723043,5.5288689172435825e-06,0.39047135106276604,0.39082905439351023,0.39045650680399274,0.3900960067600123,0.18341547659174928,0.6014642048026835,0.43755166518703575,0.9231482135156958,0.016997712966824004,0.016182888491729382,-0.3837272048692164,-0.31676534958798575,-0.39501623414102127,-0.028685440286146946,0.0001129243929835614,0.0003137306957640618,-2.5614641197400933e-05,0.43172300728481094,0.3921992230779847,0.43074374229121676,0.38739510856315157
427,3.5583333333333336,0.2506038656872769,0.662121917683705,0.5,0.9997004133434924,0.023381447398957592,0.007220200772687202,0.0005100776234862091,-0.4241718535161235,-0.4800818985440882,0.0,0.012337730390230905,0.054409554870604275,5.587818908693717e-06,0.39047916958831774,0.3908357034533778,0.3904575158556772,0.39009818033461807,0.1813705980074605,0.5987682499026598,0.43746138508158405,0.923146986351222,0.016980447794984505,0.016373997717121815,-0.3837228142580243,-0.3139594138085178,-0.36920519809593433,-0.03399980574727568,0.000510549586560072,-7.483940734029719e-05,0.00012530168086244056,0.4320168974641372,0.39135909204240127,0.43243153757402136,0.3902310176333117
428,3.5666666666666664,0.24706837047220898,0.6580987473446711,0.5,0.9996975605463237,0.023431928659294794,0.007447608791549378,0.0005150537088896099,-0.422965549074648,-0.48391543272775733,0.0,0.011953618888564123,0.054766352552737624,5.647342024159112e-06,0.39048707513213415,0.39084237611318595,0.3904585240811725,0.3901004169545666,0.17931059382773296,0.5960337554197419,0.43736667582387156,0.9230970325826013,0.01668749021628473,0.016472611909164627,-0.3838515978400602,-0.31921696251219767,-0.4316534843600506,-0.013901499630597502,0.00012783767133128093,0.000414117452535874,-0.00019716298320770202,0.42929991195870154,0.3920927851180427,0.4374303638745681,0.39176583694769146
429,3.575,0.2435431185352389,0.6540435661977025,0.5,0.9996946799383607,0.02348079604364371,0.007676499216384897,0.0005200767985436865,-0.42172184112122696,-0.4877570933611324,0.0,0.01156380353937356,0.05512188948475645,5.707441906169187e-06,0.39049506809606643,0.3908490720580794,0.390459531636164,0.39010271749851694,0.17722321681264527,0.5933075441350787,0.4372573962648432,0.9230768135002291,0.016845991793301266,0.016885843696930934,-0.3838753407310846,-0.30988629595774253,-0.3994868822718156,-0.046531653668357986,0.0005006158082314269,0.0002531277315096403,2.586326404878496e-05,0.432532427993783,0.3888519060363328,0.4267371441284808,0.38752502788167686
430,3.583333333333333,0.2400284228639843,0.6499563077202936,0.5,0.9996917713404302,0.02352802572880064,0.007906866620519981,0.0005251473922125886,-0.4204404865565649,-0.49160661395986016,0.0,0.011168260752071143,0.05547610103888823,5.7681222074684995e-06,0.39050314887715865,0.3908557909681363,0.3904605386829825,0.3901050828519083,0.17217838968113103,0.5864393842368268,0.43699481950607233,0.9230385830103731,0.017244881820290076,0.01719349418688462,-0.3839358957988329,-0.28540822379818365,-0.4085643505551628,-0.003648317834437087,-0.00013553459080356965,-0.00012268055922511905,4.32903768231865e-05,0.43381467470866986,0.39337969118464644,0.4368891158785979,0.39440652718284347
431,3.591666666666667,0.23652459846874208,0.6458369076296929,0.5,0.9996888345728031,0.02357359379455012,0.008138705305846008,0.0005302659944782228,-0.41912124318051946,-0.4954637241187226,0.0,0.010766967429415603,0.05582892186832922,5.8293865910219456e-06,0.39051131786753046,0.3908625325183849,0.3904615453907198,0.39010751390693993,0.16908842168115135,0.5822470241672749,0.4368806843059504,0.9229948952959748,0.017216530899052552,0.017301056904985918,-0.38403735202626454,-0.3204492614355514,-0.42663133174530854,-0.01014104674514904,-0.00041000644557342747,0.00018423961829521675,-0.0001377487621793575,0.4279457224104896,0.38355905073358587,0.42839263922222576,0.3898778690985286
432,3.6,0.23303196237479096,0.6416853039156623,0.5,0.999685869455195,0.02361747622575539,0.008372009299816486,0.000535433114770459,-0.4177638697367593,-0.4993281494955788,0.0,0.01035990097936019,0.05618028590725085,5.891238729778406e-06,0.39051957545426647,0.39086929637881956,0.39046255193534674,0.3901100115625504,0.16707734789380757,0.5794507225680491,0.4368651014668507,0.9229761865860263,0.017273415159472005,0.017314951529170383,-0.38407913322307397,-0.3092221817412477,-0.414759149349031,-0.021448718648658938,0.0007863309665533624,3.8647475157950344e-05,4.5537644896498116e-05,0.43098496307390344,0.38933673199864777,0.42757335581654077,0.3862793978434149
433,3.6083333333333334,0.22955083361431772,0.6375014368733668,0.5,0.999682875806766,0.02365964891449871,0.008606772352444374,0.0005406492673974138,-0.41636812595791767,-0.5031996117956488,0.0,0.009947039327001243,0.05653012637093649,5.953682306881515e-06,0.39052792201929515,0.3908760822144163,0.3904635584998355,0.390112576724396,0.16501428779069724,0.576569666135068,0.4367438958077189,0.9228971493029738,0.017391753304586692,0.017485351665196953,-0.3842559579272406,-0.290598819387769,-0.41446972425667195,-0.007904796212049314,9.66716731903319e-05,-0.00018889664673646156,0.00010545359672355057,0.43075822021104615,0.39010155849833456,0.4317868214953246,0.3895023710282596
434,3.6166666666666667,0.22608153321796687,0.633285249136396,0.5,0.99967985344612,0.023700087662271843,0.008842987933300196,0.0005459149715758163,-0.4149337726112427,-0.5070778287561446,0.0,0.009528360926625793,0.05687837575606169,6.016721015580321e-06,0.3905363579392735,0.3908828896851561,0.3904645652742758,0.39011521030482643,0.16200884707030414,0.5722924839444974,0.43671989603048594,0.9228880462278709,0.016922071207064935,0.017447058495822853,-0.38430053055598257,-0.3226699291779933,-0.4389804276826115,-0.006936261015139111,-0.0001128681010474531,8.421374708516054e-05,-0.0002873973587212785,0.4278684204745073,0.38549882950413333,0.43024050386556795,0.3896313020020615
435,3.625,0.2226243842060055,0.6290366857099098,0.5,0.9996768021913074,0.02373876818221727,0.00908064922851172,0.0005512307514614508,-0.41346057154474275,-0.5109625141312609,0.0,0.00910384477385073,0.0572249658411156,6.080358559069259e-06,0.3905448835854717,0.3908897184460458,0.39046557245599495,0.39011791322285816,0.15605999080132982,0.5636584814695187,0.43660737080689316,0.922815343927692,0.016739531746373226,0.0174221529087647,-0.38448419691393193,-0.3026658982439673,-0.4248109578191439,-0.024649242844410058,0.00027283293388017407,0.0003367070977305881,5.380231957176741e-05,0.43001224644853203,0.38951817895345786,0.4276963449714739,0.385158434889806
436,3.6333333333333333,0.21917971157910288,0.6247556940039098,0.5,0.9996737218598231,0.023775666101420255,0.009319749137765593,0.0005565971361796788,-0.4119482857338281,-0.514853377677529,0.0,0.008673470417855971,0.057569827686960354,6.144598650596571e-06,0.39055349932365174,0.3908965681471387,0.39046658024968284,0.3901206864041488,0.15415221061762205,0.5607860037825794,0.4364849936501943,0.9228045409710547,0.016904092202498968,0.01752548485428034,-0.38449822913848763,-0.29465463891318877,-0.4271726145835597,-0.012536714914707092,0.00018879234153164275,-0.0001419112064036154,-3.302341115255993e-05,0.4313272418602419,0.39078014396316385,0.43242106226959304,0.3899512657207091
437,3.6416666666666666,0.21574784230871802,0.6204422238666294,0.5,0.9996706122686077,0.023810756963252473,0.009560280271311698,0.0005620146598560394,-0.4103966793284476,-0.5187501251395459,0.0,0.008237217973724719,0.05791289163754438,6.2094450134205035e-06,0.39056220551394655,0.3909034384335598,0.39046758886751426,0.3901235307809669,0.152128721965924,0.5578652252304097,0.4364371848658236,0.9228025522486552,0.016641465486896816,0.017351491166182967,-0.3845223490827636,-0.2958230663143213,-0.44505398749559166,0.006101875942171597,-0.000316923459484433,-4.922002940437367e-05,-0.00018527269835920214,0.42906231029881226,0.38790047305183273,0.4307475643527339,0.3888709213495354
438,3.65,0.2123291053270927,0.6160962276180416,0.5,0.9996674732340479,0.023844016229767416,0.009802234946970773,0.0005674838616469287,-0.4088055177007214,-0.5226524582360854,0.0,0.0077950681348675135,0.05825408732076335,6.2749013807568334e-06,0.39057100251074367,0.3909103289455338,0.39046859852926796,0.39012644729216084,0.15021028372329237,0.554962319586207,0.4363913935473049,0.9227346044563217,0.01678954049050553,0.01740048597709062,-0.38467672681969506,-0.2700824145306535,-0.43862653357362724,-0.019560993438527685,0.000670321311647291,9.760017831297857e-05,-0.0001518809159534727,0.4270999206505449,0.38509466024776434,0.4263794373233786,0.38532542994044633
439,3.658333333333333,0.20892383151684435,0.6117176600834816,0.5,0.9996643045719761,0.023875419284147995,0.010045605187145956,0.0005730052857703558,-0.40717456749306746,-0.5265600746466005,0.0,0.007347002185535458,0.05859334364946312,6.3409714957315955e-06,0.3905798906625672,0.39091723931841343,0.39046960946244974,0.3901294368831262,0.14831722581149095,0.5520610407492255,0.43626376455131277,0.9227337422635011,0.016898773202831528,0.017563177135500138,-0.3846666182053512,-0.3008801243375103,-0.4355154803801331,-0.009701384963101134,-1.3614974632874522e-05,0.00015702345409953386,0.0001499092854125673,0.4301551536510403,0.38626526751688034,0.43191730746486373,0.39269922013852965
440,3.666666666666667,0.205532353700157,0.6073064786273794,0.5,0.9996611060976716,0.023904941433206754,0.010290382715838818,0.0005785794815367769,-0.4055035966668231,-0.5304726679981243,0.0,0.006893002013430586,0.058930588822605684,6.407659111404935e-06,0.3905888703119468,0.3909241691827064,0.39047062190242326,0.3901325005057721,0.14634101889583664,0.5491077181784996,0.4362418043339717,0.9227488638166111,0.016436800513566788,0.017452737934348792,-0.3846553884357079,-0.29357763785331226,-0.459245423819743,0.034206166870731636,-0.00030461491697113014,-0.00017018388235283906,-3.067270485549599e-05,0.42772659678006636,0.38878979803147856,0.43145263887619717,0.3873064026952428
441,3.675,0.20215500662756314,0.6028626431870996,0.5,0.9996578776258597,0.023932557909939037,0.010536558955670659,0.0005842070033800073,-0.4037923745513594,-0.5343899278525801,0.0,0.006433050122416132,0.05926575032659183,6.474967990647076e-06,0.3905979417953027,0.39093111816410814,0.39047163609253155,0.39013563911848564,0.13962295062191607,0.5387615456817504,0.4360357918748522,0.9226279233912297,0.01643643859257882,0.017661190061225296,-0.3849358918453837,-0.28246717057604787,-0.43867772884088607,-0.013330195019561897,0.0008397232058073435,3.135084137604456e-05,-0.00016095561722145353,0.42179352212136645,0.38062517708878874,0.422519728783138,0.38061482483796055
442,3.6833333333333336,0.19879212696631454,0.5983861163068858,0.5,0.9996546189707132,0.02395824387612962,0.01078412502490961,0.0005898884108882091,-0.40204067189368886,-0.5383115396945074,0.0,0.005967129645298704,0.05959875493673278,6.542901906264522e-06,0.3906071054428245,0.39093808588353607,0.39047265228422123,0.3901388536860907,0.13773884581895973,0.5356887460787744,0.4359847559891538,0.9226376965207449,0.01629025474873814,0.01762140348151922,-0.38492050438818726,-0.2780049988361011,-0.44360356304647963,-0.015314545124145429,9.662305979456509e-05,0.00010837988921203269,-0.0002236154277109954,0.42818295535815254,0.38805524581274736,0.4322892722339975,0.389243215865886
443,3.6916666666666664,0.19544405328833803,0.5938768631719047,0.5,0.9996513299458516,0.023981974425012927,0.011033071734504256,0.000595624268834957,-0.4002482609085649,-0.5422371849192138,0.0,0.005495224356709634,0.059929528718893704,6.611464640883394e-06,0.3906163615783423,0.39094507195716643,0.3904736707371695,0.3901421451798102,0.13307514295317924,0.5281562642466417,0.43594582372049034,0.9225512658760265,0.016198376768469618,0.017744223769651634,-0.38512584559260676,-0.2963736374063969,-0.4565613157170634,-0.017712589203555673,4.462512990570559e-05,3.703948046932919e-05,8.232458177174805e-05,0.42833649619273906,0.3878878196112599,0.4328051867711471,0.3900853672998959
444,3.7,0.19211112605776992,0.589334851642388,0.5,0.9996480103643417,0.024003724583987494,0.011283389585124488,0.0006014151472103793,-0.3984149153290727,-0.5461665408213617,0.0,0.005017318686066638,0.060257997031293434,6.68065998679114e-06,0.39062571051920775,0.39095207599646775,0.3904746917194133,0.3901455145772242,0.1312009683546113,0.5250644439756703,0.43592132669806194,0.922535939250694,0.01595378023215655,0.017723825217255258,-0.3851737058871128,-0.2639992607815195,-0.45945937734330755,0.008220716477197465,0.00020804882974506049,-0.0001615321259095943,0.0001381595129824394,0.43038842337542077,0.39115108357836664,0.4315165214407612,0.3875983545768318
445,3.708333333333333,0.18879368761806803,0.5847600522878657,0.5,0.9996446600386986,0.024023469317384773,0.011535068764210208,0.0006072616212523758,-0.3965404104577089,-0.5500992805839976,0.0,0.004533397730631548,0.0605840845264721,6.7504917461707215e-06,0.39063515257616493,0.39095909760823816,0.3904757155074775,0.3901489628622269,0.12939518382406623,0.5220321327466634,0.43589040348339925,0.9225749569445418,0.015876566740868122,0.017796453194554345,-0.38508008219199497,-0.26741180666923214,-0.4579412001903149,0.01116517250489557,-0.0002892796220226884,0.00015914895775684672,-2.074023609895862e-05,0.42521589607859717,0.382911837254185,0.4279117028665612,0.3870695524373216
446,3.716666666666667,0.18549208217869484,0.5801524384214911,0.5,0.9996412787808839,0.024041183529292895,0.011788099143028629,0.0006131642714779108,-0.3946245232179518,-0.5540350732680336,0.0,0.004043447268648054,0.06090771515342878,6.8209637308915775e-06,0.39064468805322916,0.3909661363946524,0.39047674238650054,0.3901524910249789,0.12754917191244186,0.5189358082542003,0.43590925523334273,0.9225170282451415,0.015956080469848512,0.017805420023232082,-0.38521513873625113,-0.2856772043788425,-0.47503404994634346,0.01605821596951662,-0.0008319655507878042,-6.873194410742316e-06,-0.0002856794885829395,0.42393734126008226,0.38299840175588756,0.42838333949052493,0.3861390760655909
447,3.7249999999999996,0.18220665580136886,0.5755119861344499,0.5,0.9996378664023092,0.024056842066435536,0.012042470273740903,0.0006191236837143821,-0.3926670322063173,-0.557973583802191,0.0,0.00354745377255257,0.061228812159927724,6.892079762482522e-06,0.3906543172475598,0.3909731919533018,0.39047777265036365,0.3901561000618591,0.12569669878861875,0.5159041396562423,0.4358335818805263,0.9224730092875078,0.016015380835795817,0.018013233890106263,-0.3853084194740031,-0.25993691759307325,-0.4718206650140999,-0.008648365101926458,-0.00015174427124758883,0.00012757142493233668,-1.9283733028971918e-05,0.42455459826726427,0.38467387814817033,0.42613954863693787,0.38277374231569306
448,3.7333333333333334,0.17893775638587972,0.5708386743304513,0.5,0.9996344227138327,0.0240704197211063,0.012298171386478715,0.000625140449131064,-0.3906677177449026,-0.5619144729734136,0.0,0.003045404422281165,0.061547298094983355,6.963843672184002e-06,0.39066404044933334,0.3909802638772366,0.3904788066018244,0.390159790975417,0.12387529614630033,0.5127739918877582,0.4357850957238287,0.922464005481456,0.015688557412322737,0.01805292739798839,-0.38534156221434457,-0.2767703602700927,-0.457327179129019,0.007162626784767978,-7.757340616398555e-05,-6.1958159853328135e-06,-0.0003217691939111455,0.42770123923652403,0.38558996220705055,0.4311921881901551,0.39008637152534686
449,3.7416666666666667,0.17568573365546314,0.566132484760297,0.5,0.999630947525762,0.02408189123415901,0.012555191386431712,0.0006312151642706273,-0.3886263619344122,-0.5658573974177602,0.0,0.0025372871186519655,0.061863094811512746,7.036259300898656e-06,0.39067385794161597,0.3909873517550137,0.3904798445526438,0.3901635647743215,0.12211462593516083,0.5096282133165199,0.43582352726565016,0.9224679099124417,0.015472524414024087,0.01791815913591187,-0.3853472404769617,-0.25549606656649626,-0.48116023297947175,-0.001549735886618997,-0.0005354666170909346,0.00028108892335098517,5.851735870040387e-05,0.4225370031032585,0.38544134974753846,0.43161207308375404,0.38537118634259027
450,3.75,0.1724509391417316,0.561393402056524,0.5,0.9996274406478534,0.02409123129805424,0.012813518850946327,0.0006373484310807318,-0.3865427487076691,-0.5698020096117868,0.0,0.0020230904968271423,0.062176123469176406,7.109330499085499e-06,0.39068377000024035,0.3909944551707481,0.3904808868237147,0.3901674224733041,0.1202944004768043,0.5065554407004472,0.43581991490272526,0.9224152478476103,0.015585140774603492,0.01808925040233198,-0.3854607540919688,-0.2636749902456298,-0.4732006910953268,-0.00281142802182055,-0.0001804279979928012,0.00018513062266517933,-0.00012480944236381523,0.42581701544041384,0.384088963312426,0.43072236811590053,0.38925213781218065
451,3.7583333333333333,0.16923372616915722,0.5566214137681169,0.5,0.9996239018893123,0.024098414559962304,0.013073142026636975,0.0006435408569456931,-0.3844166638836058,-0.5737479578644258,0.0,0.0015028039398416932,0.06248630453739036,7.183061126767075e-06,0.3906937768936757,0.39100157370416083,0.3904819337451959,0.39017136509310385,0.11854886211708712,0.5034080148192659,0.4357843443284238,0.9224178466456597,0.015510553868118018,0.01831081558444641,-0.3854470818944166,-0.2626398689616505,-0.4801180768012836,0.006601498987590659,-5.4731953743270715e-05,0.000181877319631112,9.883644631194767e-05,0.4246547645944702,0.3857008392542516,0.4326472577715744,0.3882753670572253
452,3.7666666666666666,0.16603444983910187,0.5518165103952858,0.5,0.9996203310587928,0.02410341562492311,0.013334048826510101,0.0006497930547182237,-0.38224789522173447,-0.5776948863093722,0.0,0.0009764175922244093,0.06279355779852941,7.257455053584537e-06,0.3907038788828946,0.39100870693063106,0.39048298565664735,0.39017539366041215,0.11679235445605214,0.5002275167896815,0.4358247050299056,0.9223926003970938,0.015261758252278516,0.018278092241496565,-0.38551897594249235,-0.25494233874406025,-0.4749444257091118,0.0105718477318828,0.00011614843348591691,-1.7362547803247175e-05,-3.2911562957296316e-05,0.42315243155853055,0.3840558815672486,0.4310057036499332,0.3868366134860015
453,3.775,0.1628534670133912,0.5469786854243048,0.5,0.9996167279643995,0.024106209059063282,0.013596226827102214,0.0006561056427512492,-0.38003623247709517,-0.5816424348979876,0.0,0.0004439223736903084,0.06309780235131934,7.33251615859902e-06,0.39071407622125004,0.39101585442125203,0.39048404290715816,0.3901795092078104,0.11502610641894245,0.49707035642247405,0.43580868116332405,0.9223687742205658,0.015384954272146487,0.01835201844639125,-0.3855675698808681,-0.26520389659300536,-0.47751341300328876,-0.008644547772923561,0.00024514738895948526,0.00021406136086550993,-0.00018443202773195887,0.4209410152665618,0.38268643253899987,0.4320223215048442,0.3869534542087158
454,3.783333333333333,0.1596911362974286,0.5421079353624084,0.5,0.999613092413686,0.024106769392870684,0.013859663265632332,0.0006624792449297935,-0.37778146745567837,-0.5855902393927295,0.0,-9.469000710554155e-05,0.0633989566144057,7.408248330481159e-06,0.39072436915434805,0.3910230157428892,0.3904851058554753,0.3901837127737062,0.11327631386920155,0.4939030078624872,0.435737000932863,0.9223626837530264,0.015397647028716323,0.018593412925554467,-0.3855700676682171,-0.2527314209969836,-0.49005600269331206,0.005627074918490571,0.00039964306662003385,0.00015822486890652884,0.000303595305775666,0.4240770989618977,0.38738496293379937,0.43543286261868963,0.3887473171346025
455,3.791666666666667,0.15654781802284523,0.5372042597727392,0.5,0.999609424213656,0.024105071124526745,0.014124345037169887,0.0006689144907029417,-0.3754833940703209,-0.5895379313611154,0.0,-0.0006394270387405774,0.06369693833012478,7.4846554672337515e-06,0.39073475791991386,0.39103019045823834,0.3904861748701433,0.3901880054022729,0.11153739537721376,0.4907000237058816,0.4357865997880367,0.9223352887074303,0.015319289444156116,0.018655875452961265,-0.38563569970503364,-0.248910550932617,-0.49480991618740533,-0.006189771867509686,-6.274432096882396e-05,0.00024796043303022976,0.0001818905110438542,0.4224024941682232,0.38350922977812235,0.4321738906357152,0.3878077376321367
456,3.8,0.15342387422968184,0.5322676613093439,0.5,0.9996057231707629,0.02410108872329685,0.014390258691818775,0.0006754120151158711,-0.3731418083970713,-0.5934851381702335,0.0,-0.001190295393116614,0.06399166456846295,7.561741476277192e-06,0.39074524274766026,0.39103737812588396,0.3904872503296371,0.39019238814338053,0.10981720751311463,0.48751470930654883,0.43579632422775294,0.9223226245097572,0.015438126526981169,0.018798325885418975,-0.3856543316373822,-0.24509562348990765,-0.4986194293522761,0.005628120245215751,0.000261973865810881,4.117479620486498e-05,7.471642420525295e-05,0.42429054287073964,0.38513730925400924,0.43421144036033665,0.3900448518265735
457,3.8083333333333336,0.15031966864809765,0.5272981457522125,0.5,0.9996019890909116,0.024094796632979188,0.014657390431918424,0.0006819724588419582,-0.37075650873202437,-0.5974314829818064,0.0,-0.001747300911493411,0.0642830517312199,7.63951027445641e-06,0.3907558238591631,0.3910445783003666,0.3904883326224943,0.3901968620525263,0.09647379150846683,0.4615572156026467,0.43561370803188953,0.9221894588906743,0.016136851528916148,0.019872523350411165,-0.38589025220824963,-0.2471305464662607,-0.48871185133264605,-0.01665517504868541,0.0002565996821555001,0.00014977048077044721,-0.00013334580762099424,0.42214009711229145,0.38294955844702694,0.4324606856296132,0.38830262643352575
458,3.8166666666666664,0.14723556667960547,0.5222957220423564,0.5,0.9995982217794566,0.02408616927541213,0.014925726109262688,0.0006885964682149541,-0.3683272956486201,-0.6013765847478199,0.0,-0.0023104485904593135,0.06457101555636079,7.717965788030245e-06,0.3907665014677287,0.3910517905322469,0.390489422147447,0.3902014281907645,0.09475568408601688,0.45824143096555303,0.4356755165034713,0.922164737794605,0.016362296943672097,0.01989632511712805,-0.38593860632718274,-0.26563356686462175,-0.5011142884932374,0.01956791162321947,0.0002051910579867848,-0.00018772033013769886,-0.00023505321754205692,0.4286614140292375,0.3884982596261002,0.43334811650260197,0.3901146557859127
459,3.825,0.14417193537782513,0.5172604023169206,0.5,0.9995944210412029,0.024075181054040613,0.015195251222337364,0.0006952846952612338,-0.3658539720554053,-0.6053200582067257,0.0,-0.0028797425678361663,0.0648554711225772,7.797111952487137e-06,0.3907772757782596,0.3910590143681747,0.3904905193135592,0.390206087624635,0.09234453967024056,0.4532077612297064,0.43570115584250346,0.9221343043244651,0.016493677482508864,0.019935759286423604,-0.3860036902580234,-0.22554309626635904,-0.508122640092229,-0.006718368729108359,6.856056393428486e-05,0.00012604682235412636,-6.934562745266322e-06,0.42340752644934737,0.3853937308393007,0.4266432228773292,0.38123557912626926
460,3.833333333333333,0.14112914342875427,0.5121922019443235,0.5,0.9995905866804077,0.024061806357541668,0.015465950913577333,0.000702037797732116,-0.36333634325425446,-0.6092615138802274,0.0,-0.0034551861085174826,0.06513633285405065,7.876952712525384e-06,0.39078814698712777,0.3910662493509535,0.3904916245403633,0.39021084142608575,0.09075648313608073,0.4498580974404296,0.4356996427133507,0.9221137560984479,0.01707289369546596,0.01994731597023569,-0.38602699607729424,-0.23380886587762162,-0.5019621871120539,-0.00783719871794708,0.000569231545360762,-8.529827136849672e-05,0.00011201962214053465,0.4281823362284549,0.3848192323032314,0.4301750741237411,0.39018814285835524
461,3.841666666666667,0.13810756113055134,0.5070911395594225,0.5,0.9995867185007781,0.024046019563509418,0.015737809966643933,0.0007088564391362518,-0.3607742169990475,-0.6132005580706598,0.0,-0.004036781590249814,0.06541351452541899,7.957492022317696e-06,0.3907991152820416,0.39107349501962024,0.3904927382579906,0.39021569067239403,0.08915744005804929,0.446513921778428,0.4357137606571845,0.922111306661387,0.017254541800858225,0.020231286814274663,-0.3860099920316967,-0.25480881405311046,-0.5029138566572555,0.010193214521880822,0.0007138160778250031,-3.7539780170110285e-05,-9.426716868067759e-05,0.4275867720674203,0.3867209726956785,0.4314268587693625,0.3888964536924918
462,3.8499999999999996,0.13510756037282845,0.501957237098699,0.5,0.9995828163054734,0.02402779504219977,0.016010812803723715,0.0007157412887720873,-0.3581674035548008,-0.6171367928589714,0.0,-0.004624530489367907,0.06568692926696108,8.038733845051925e-06,0.39081018084191244,0.3910807509095175,0.3904938609073095,0.3902206364460874,0.08437308505599539,0.4363061473578427,0.4358249990419689,0.9220185003880285,0.018700447486405886,0.020468866286426694,-0.3861517884446059,-0.23467361466163877,-0.516866405098465,0.01027559118368937,0.0008742206494486131,-0.00035387949311417263,1.827116528592111e-05,0.42420412318537887,0.38671044341944366,0.42912677068829297,0.38317562642848296
463,3.8583333333333334,0.1321295146154473,0.4967905198354543,0.5,0.9995788798971038,0.02400710716033495,0.016284943482849253,0.0007226930217603923,-0.35551571575724694,-0.6210698161033205,0.0,-0.005218433366454716,0.0659564895699839,8.120682153168286e-06,0.39082134383672545,0.3910880165523671,0.3904949929400611,0.3902256798348624,0.08279101970242479,0.43285900999641375,0.43588799792707106,0.921990361998417,0.01906846386169024,0.020545567679021826,-0.38619690019047354,-0.24431050077523692,-0.5101850073899683,0.011959610457118464,0.0005618940881238452,-9.859025217776304e-05,-6.892387997075554e-05,0.42716583859565327,0.3850320916974737,0.42565468465306033,0.3843974101721401
464,3.8666666666666667,0.12917379886681857,0.49159101641501934,0.5,0.9995749090777319,0.02398393028496837,0.016560185695243024,0.0007297123190768624,-0.3528189690728628,-0.6249992214382937,0.0,-0.005818489851963151,0.06622210729243022,8.203340928211907e-06,0.3908326044274073,0.3910952914763531,0.3904961348189937,0.39023082193149755,0.08126747653339993,0.42936652259170477,0.4359649010692686,0.9219633083336487,0.019610096186997345,0.020573777039452443,-0.3862328597003903,-0.24847706410911774,-0.5215553860152267,0.00041779245851247815,0.000318852128859972,0.00016985360982743638,-2.7654608638381105e-05,0.4257732690921284,0.3865688965103,0.426779870720384,0.38252957529880177
465,3.875,0.1262407896616975,0.48635875888996394,0.5,0.9995709036488717,0.023958238787409655,0.016836522762685203,0.0007367998675847866,-0.3500769816593386,-0.6289245982747572,0.0,-0.006424698631783851,0.06648369366469663,8.286714160918047e-06,0.39084396276569416,0.39110257520620184,0.39049728701799674,0.3902360638337663,0.07812361898154781,0.42240074230491137,0.4361615375208938,0.9218972970598814,0.020807593116110294,0.020937500499936066,-0.38630821737987237,-0.2290412306521314,-0.5257935266396563,0.021962949263015785,0.0009911313524910976,-0.0003316635636912986,-5.608909394800638e-05,0.4288136835818651,0.38934159130639534,0.42749687405919506,0.38352543126449906
466,3.8833333333333333,0.12333086503847412,0.48109378275530634,0.5,0.9995668634114895,0.023930007047210457,0.017113937634906273,0.0007439563600677879,-0.34728957442648684,-0.6328455318003515,0.0,-0.007037057432763469,0.06674115929567734,8.37080585109869e-06,0.3908554189939945,0.3911098672632686,0.39049845002224437,0.39024140664434814,0.07662350767524154,0.4188866699671431,0.43623782447626525,0.9218661996297606,0.021084362265150328,0.020876248759921945,-0.38637073114531884,-0.23700851259983308,-0.5236462218509763,0.004283080692879526,0.0006021734961600738,-0.00013910399052028042,-0.00017204105794441958,0.4263021852662024,0.38400843304959653,0.4225590556563274,0.3814023548467853
467,3.8916666666666666,0.12044440451595351,0.475796126983716,0.5,0.9995627881660035,0.02389920945621088,0.01739241288700547,0.0007511824952626285,-0.3444565710975861,-0.6367616029806379,0.0,-0.007655563008168844,0.06699441417903658,8.455620007481214e-06,0.39086697324526226,0.3911171671656194,0.3904996243283227,0.39024685147073634,0.07503148878452222,0.41535086444744845,0.4363323730047218,0.9218839711717676,0.021431776399838804,0.02106567940806467,-0.38629892545539907,-0.23492692147888544,-0.5271883490489127,0.025232531748903275,0.0004633723682799801,0.0001077653188133513,-3.420228065146603e-05,0.4286764626647197,0.3884648793130633,0.42625289291570834,0.38296143474643707
468,3.9,0.11758178906962247,0.47046583406070175,0.5,0.9995586777122848,0.0238658204226471,0.017671930716895937,0.0007584789778920864,-0.34157779827115536,-0.6406723885609096,0.0,-0.00828021112312396,0.067243367699681,8.541160647928484e-06,0.3908786256428666,0.39112447442812476,0.3905008104443676,0.3902523994251429,0.07356790485904725,0.41182873562146305,0.4364596622217618,0.9218178479873937,0.022029205427263283,0.021228867191079154,-0.38641416179782706,-0.21208531332086444,-0.5217181190738718,0.02256444197089036,0.0005785672381867624,-0.00013574023122209298,1.8550208856557815e-05,0.42505460979357473,0.38509164724857387,0.42290711723017066,0.37940506106476024
469,3.908333333333333,0.11474340110740056,0.46510295001978563,0.5,0.9995545318496567,0.02382981437531989,0.01795247294277742,0.000765846518697897,-0.3386530854831565,-0.644577461068674,0.0,-0.008910996539995561,0.06748792864048563,8.627431799173657e-06,0.3908903763004505,0.39113178856254893,0.390502008890206,0.3902580516243999,0.070513192207121,0.40468634724635844,0.43671268150989767,0.9217765288498253,0.02221132978174877,0.021388108924205586,-0.3864935141597334,-0.2486020695141325,-0.5419593780566445,0.03226406879688892,-0.00048303495112727885,1.4434430285091058e-05,-0.00015523376075722543,0.4245401124448672,0.3830257483442965,0.42428613724121056,0.3823124069116152
470,3.916666666666667,0.11192962444486865,0.45970752447764873,0.5,0.9995503503768953,0.02379116576782472,0.018234021000637753,0.0007732858344737648,-0.3356822652696164,-0.6484763888168199,0.0,-0.009547913003732953,0.06772800518923894,8.714437496959394e-06,0.39090222532180574,0.39113910907764327,0.3905032201974882,0.3902638091898638,0.06766280038350096,0.3975440402010906,0.4369160182579794,0.9217365020704166,0.023013401224413223,0.021678748620306314,-0.3865258542107304,-0.22170831450182976,-0.5368891575387613,0.010271952092927306,-1.3520710639370187e-05,0.0003832845410267057,1.3674360756463863e-05,0.4254800364544562,0.38648617647593886,0.4199903838292315,0.37543690601420304
471,3.925,0.1091408442799755,0.45427961066924993,0.5,0.9995461330922298,0.02374984908284318,0.018516555941783773,0.0007807976480984405,-0.33266517322966943,-0.6523687359074762,0.0,-0.01019095322718779,0.06796350494581341,8.80218178587024e-06,0.39091417280073815,0.39114643547924455,0.39050444490982145,0.3902696732473094,0.06544155309189555,0.39203012744295995,0.43711404702223233,0.9217180467612672,0.022989813725206018,0.021794391439200624,-0.38656476202736034,-0.19619159107046036,-0.524602684837755,0.011024811486287645,0.000721853839155402,-0.00018737668881359997,-2.232779314611743e-05,0.4289364776838872,0.387256484276192,0.4236204131206063,0.38180191919668804
472,3.9333333333333336,0.10637744716721631,0.44881926548290985,0.5,0.9995418797933422,0.023705838836496154,0.01880005843040289,0.0007883826885688645,-0.32960164808901193,-0.6562540622365756,0.0,-0.01084010887638724,0.06819433492958164,8.890668719368187e-06,0.39092621882093603,0.3911537672703727,0.3905056835829107,0.39027564492682654,0.06325723202495215,0.38657592706379124,0.43728686085457547,0.9216781887032321,0.02332933966514621,0.022147651297801718,-0.3866193734430654,-0.24082251417846118,-0.5496376440450146,0.0253328782637674,-0.00030209393498551774,7.183268151605865e-05,-6.684898091856117e-05,0.42696673165684307,0.3843870095139962,0.4253534170617511,0.3844035352620588
473,3.9416666666666664,0.10363982099127955,0.4433265494953519,0.5,0.9995375902773671,0.023659109582758686,0.019084508741156126,0.0007960416910333774,-0.32649153176376433,-0.6601319234991305,0.0,-0.011495370555782676,0.06842040158706215,8.97990235975343e-06,0.39093836345583505,0.39116110395133313,0.39050693678469234,0.390281725362713,0.061793428451043034,0.38293389490819923,0.43739766263378776,0.9216796382171114,0.02324673126912074,0.022390398983785094,-0.3866069114936033,-0.2024609951716022,-0.556292306549877,0.007046773645719151,-1.9473175621303173e-05,0.0002541902587242361,-3.0448866985321606e-05,0.4276500673107579,0.3879236746326031,0.4198261747087064,0.37599330681824583
474,3.95,0.10092835494016139,0.43780152700669706,0.5,0.9995332643408935,0.023609635917936873,0.01936988675680382,0.0008037753968249971,-0.32333466942473765,-0.6640018711952349,0.0,-0.01215672779346441,0.06864161079980972,9.069886778114052e-06,0.39095060676848725,0.3911684450198223,0.39050820509546996,0.3902879156933641,0.060424230533101114,0.3792423641913943,0.437502328997783,0.9216908299936919,0.022806469771968364,0.02257947850905624,-0.38659545521428307,-0.22709273942601027,-0.5728098744081866,0.018654974300980065,-0.000535388482065469,0.00016963490257548684,0.00010320049350785801,0.43057059708152806,0.3861122732807328,0.4225863091474789,0.38351619898631284
475,3.958333333333333,0.09824343947774095,0.43224426607540467,0.5,0.999528901779963,0.02355739248520666,0.019656171965864756,0.0008115845534947595,-0.3201309095620966,-0.6678634526367981,0.0,-0.012824169026358573,0.06885786789254558,9.160626054160364e-06,0.3909629488114334,0.3911757899710316,0.3905094891080471,0.39029421706116096,0.05902646486140955,0.3755137733204504,0.4376136064022475,0.9216780631654309,0.02263977052905202,0.02273183910259323,-0.3866267607926618,-0.21201760337248507,-0.5532529992456958,0.006203231973639367,-8.706794308462725e-05,0.0005753631572120808,0.00010669580616893885,0.42981731674447893,0.3875007532465763,0.41946669659905905,0.37827720115164
476,3.966666666666667,0.09558546631581555,0.42665483855315545,0.5,0.9995245023900706,0.023502353979214834,0.01994334346030999,0.0008194699148451251,-0.3168801040504165,-0.6717162109550244,0.0,-0.01349768158539498,0.0690690776415225,9.252124276429817e-06,0.3909753896265668,0.39118313829775664,0.39051078942786743,0.3903006306123555,0.053465168319392825,0.3606161967303068,0.43802235009947615,0.9216942903118258,0.021253741279908485,0.023592729725225706,-0.3866151792057561,-0.19490514588124813,-0.5459762046259253,0.017811784379379025,0.0004254759642891642,0.0002881903567574701,-1.936718044447225e-05,0.4287913462202967,0.3880568531846383,0.42496864516567445,0.38216550767358887
477,3.9749999999999996,0.09295482838559244,0.42103332011966677,0.5,0.9995200659661657,0.023444495150742258,0.020231379933292156,0.0008274322409634511,-0.31358210821412685,-0.6755596851086473,0.0,-0.014177251680655145,0.06927514428315479,9.34438554218704e-06,0.3909879292449991,0.39119048949051616,0.3905121066731477,0.3903071574969496,0.0521696030817888,0.35688652923291275,0.43807152226069107,0.9216705960175487,0.02101933652882898,0.02397451489439449,-0.38666099177977964,-0.2214551511759269,-0.5714173237198084,0.024970999371898284,-0.0005094814602914346,3.708304839542454e-05,1.3131568200462037e-05,0.42617677850597985,0.3838447872015118,0.42338234759396604,0.38216363997716596
478,3.9833333333333334,0.09035191980863144,0.41537979031743655,0.5,0.9995155923026505,0.023383790811429345,0.02052025967691158,0.0008354722982555267,-0.31023678089333545,-0.6793934098929284,0.0,-0.014862864386510232,0.06947597152288948,9.437413957122864e-06,0.3910026725090746,0.3911957381481742,0.3905155463799358,0.39031169403099936,0.05077262222725871,0.35311400901709156,0.4381599882501705,0.9216481745994368,0.020982700962321865,0.024126823958391094,-0.3867069496188718,-0.20302351495870494,-0.557622613666009,0.008482362950951172,0.00016294338021925368,0.0002155822340043523,-2.6435705673972987e-06,0.42739886754222556,0.38603050910961,0.4196898669776812,0.3775010090597272
479,3.9916666666666667,0.08777713586723979,0.40969433258640964,0.5,0.9995110811933816,0.023320215838563942,0.02080996058001997,0.0008435908594791725,-0.3068439845100297,-0.6832169159494318,0.0,-0.015554503491446974,0.0696714625751501,9.996603456575472e-06,0.39102392829175386,0.391209559120688,0.3905167978407809,0.39030356849581016,0.04945448227081626,0.34928794622956816,0.43826267384771694,0.9216588376033897,0.020743398969812008,0.024210683107857966,-0.3866892050344812,-0.1834146491695894,-0.5873406189327579,0.004186259869221054,-0.0007124603013304754,0.0005668784591646383,2.1804806321514498e-05,0.4278145543233694,0.38685997376933307,0.4249289907456997,0.38230100124515076
480,4.0,0.08523087297431053,0.4039770342985576,0.5,0.9995065324283656,0.02325374526176449,0.021100460035879072,0.0008517925801127929,-0.30340358513464577,-0.6870297297765855,0.0,-0.016282253375769155,0.06987422886702964,1.1021683131945924e-05,0.3910500702384334,0.3912487990167461,0.3905048068895704,0.3902786161036416,0.0455949277933657,0.33783224347169194,0.43847739849949746,0.9216487521014427,0.019048939946504247,0.024504610650749444,-0.3867819019727048,-0.20036437010431257,-0.5673594920177882,0.001864832591230714,-8.270623769683328e-07,0.0002854514123861899,-0.00013548407492378403,0.4312102025170797,0.38490779091528027,0.4222906299871182,0.3850309947834175
481,4.008333333333334,0.08271352879068683,0.3982279871334584,0.5,0.9995019493505588,0.0231841032909046,0.02139184076006116,0.0008600859990709394,-0.2999154350403426,-0.6908313326987855,0.0,-0.017076671849189703,0.07009573973468153,1.1576254602025781e-05,0.391073145931092,0.3912918132174874,0.3904875161067087,0.3902584703417154,0.04435385281838861,0.33398136485398183,0.438484769633219,0.9216381269618307,0.01868735161161211,0.024693573684275483,-0.38681284006445765,-0.20655319974241526,-0.5767753035527512,0.02134837014864943,-0.000750596703159594,9.103103758062727e-05,-8.276960317499336e-05,0.42880741832652836,0.3879391109847241,0.42588290925735245,0.38309896102126095
482,4.016666666666667,0.08022550232906078,0.39244728745931146,0.5,0.9994973354067838,0.023111010186837574,0.02168417563058741,0.0008684757363623941,-0.29637937432608624,-0.6946211602215913,0.0,-0.017908407231362975,0.07032126493601654,1.16602472500448e-05,0.39109075830244916,0.3913109121102772,0.3904800405297767,0.39025808124956546,0.04302849646690682,0.3301768370168132,0.4385844269425907,0.9216361593284624,0.018314082450754887,0.02469267357347359,-0.3868354379759722,-0.1821919064925112,-0.5757631532513297,0.014448402996625198,-0.0009793034404657593,-0.00012229690913360586,-2.7892128868189503e-06,0.425686809866905,0.385703736038413,0.4226112819767818,0.3789655680688815
483,4.025,0.07776719390038722,0.3866350363762111,0.5,0.9994926905931774,0.023034434738850536,0.021977424868823602,0.0008769624894780489,-0.2927952495627686,-0.6983986426780091,0.0,-0.018747599170848547,0.07053718412145586,1.1744320604235164e-05,0.3911065437380653,0.3913170259340755,0.39047874546523714,0.3902665169200459,0.04178941385306063,0.3262633848927065,0.43868676992322114,0.9216350183545473,0.01781284033746541,0.024567949111524434,-0.38686950194888564,-0.18359857119477213,-0.5928910294353162,0.007010019380671029,-0.0006800322778319373,-5.216561930482813e-05,-0.00010347111572818035,0.42561875027284557,0.38401870283731643,0.4247912908940065,0.3827881101662344
484,4.033333333333333,0.07533900505937086,0.3807913397589364,0.5,0.9994880149107723,0.022954346102129985,0.02227154802287212,0.0008855469565547556,-0.2891629139042936,-0.7021632052870256,0.0,-0.01959415868473117,0.07074333604085169,1.1828463654211998e-05,0.3911224127970956,0.3913230626048664,0.39047746286815876,0.3902751269159167,0.040522932783764815,0.32236853136208005,0.43875932399906753,0.9216286362028875,0.01761214850205053,0.024709302520956947,-0.3868848918281446,-0.18295354808052222,-0.6086578638385742,0.005691407644670132,-0.0003863757453313486,9.701032950068982e-05,-0.00012364111553765403,0.4280172610364199,0.3856926149980758,0.4246798475413576,0.3833717938974066
485,4.041666666666667,0.07294133854902918,0.3749163082992446,0.5,0.9994833083655775,0.022870713810910354,0.022566503968922805,0.0008942298362836763,-0.2854822271984835,-0.7059142682142997,0.0,-0.02044799363385824,0.07093955979275338,1.1912665157883407e-05,0.3911383637108118,0.391329020721391,0.39047619449861887,0.39028391260868855,0.038035533887383635,0.31450339784052156,0.438874126072163,0.9216115778995719,0.016642291044342578,0.024396634860594252,-0.38698829160290554,-0.18341481156751993,-0.5837258443095628,-0.005986824435266769,-0.0002787131675563831,0.00016271533172554064,-3.875528079933536e-05,0.42938245056373997,0.3861064227632191,0.4235930522143769,0.38323425896912083
486,4.05,0.07057459824433288,0.3690100575476458,0.5,0.9994785709686541,0.022783507791695953,0.0228622509128427,0.0009030118278167162,-0.28175305609776113,-0.7096512466350238,0.0,-0.021309008705762092,0.07112569488189922,1.1996913640686772e-05,0.39115439466558877,0.39133489889484785,0.3904749421462716,0.39029287534087104,0.03680978448521733,0.3105049043108465,0.4388953458422475,0.9215925659763274,0.01643489820514987,0.024403794850209985,-0.38704197608924007,-0.17857939737844428,-0.5745974900886852,0.021177757123158614,-0.00016112445356743406,-3.134431633694958e-05,-3.7297500526971275e-05,0.4276117269919228,0.38895648444521297,0.4296764177062294,0.38465265636425106
487,4.058333333333334,0.06823918909492521,0.36307270795464297,0.5,0.9994738027361937,0.02269269837655208,0.02315874639200775,0.0009118936306710345,-0.2779752741695707,-0.7133735507989662,0.0,-0.022177105398573,0.07130158127748613,1.2081197394978559e-05,0.3911705038028963,0.39134069574964875,0.3904737076301128,0.3903020164249663,0.0356058272208563,0.30660281972431686,0.4388907047944384,0.9216061176876917,0.016263143113268028,0.024375274180862928,-0.38701875926795287,-0.173992913493453,-0.609424331965791,0.02953114778171395,-0.0005561308458751471,-9.47735706872166e-05,-3.1634834508283076e-05,0.421059855407597,0.3844064138465375,0.42745158650478227,0.38040250508889856
488,4.066666666666666,0.06593551706692258,0.3571043849114188,0.5,0.9994690036895946,0.02259825631646127,0.02345594727737992,0.0009208759446316294,-0.2741487620064977,-0.7170805860977103,0.0,-0.023052182005943132,0.0714670594721912,1.2165504479609308e-05,0.39118668921932276,0.3913464099241822,0.39047249279821583,0.3903113371424617,0.033793535197348186,0.30069705596188273,0.4390499665698084,0.9216010806561696,0.016035168070160654,0.024244368274837936,-0.3870484880803644,-0.1914935496894657,-0.5773950909001624,0.019096655281336528,0.00019386543065938607,0.00014400811371828248,0.00012251982340773636,0.4229667414553995,0.38262525909383827,0.4222641026974867,0.3789381566346294
489,4.075,0.06366398908380111,0.3511052187899517,0.5,0.9994641738555372,0.022500152794740207,0.023753809775832527,0.000929959469651989,-0.270273407336047,-0.7207717531340939,0.0,-0.023934133603025515,0.07162197054192294,1.2249822719320388e-05,0.3912029489666119,0.39135204007158364,0.39047129952745113,0.3903208387428127,0.03202607292791373,0.2947021855135254,0.43915418273134343,0.9215949348822801,0.015556387386282981,0.023974956144547404,-0.3870994397938093,-0.17591410715698877,-0.5894617332607544,0.019452900833311082,0.00013455288183494672,-0.0003190122494135801,5.907244667168601e-05,0.4205691988206942,0.3877290189890623,0.4289017727831472,0.3780226321754687
490,4.083333333333333,0.0614250129663686,0.34507534498253967,0.5,0.9994593132660597,0.022398359440512973,0.02405228943272716,0.0009391449057528101,-0.2663491051300376,-0.724446447793868,0.0,-0.02482285203351122,0.07176615620631176,1.2334139704531927e-05,0.3912192810517227,0.3913575848605071,0.3904701297231942,0.3903305224424284,0.030302708917292847,0.28862018393225913,0.4392943483816044,0.9215726501864656,0.01519201499494484,0.023800051725343174,-0.3871777507122001,-0.17334895891037705,-0.6217094573995163,0.022110544236725316,-0.0006514724956021225,-3.1495661150801115e-05,-3.0494112103467947e-05,0.42099632739729187,0.38606856494431113,0.4280006884541913,0.3792312484681647
491,4.091666666666667,0.05921899737182912,0.339014903940717,0.5,0.999454421958632,0.022292848342236094,0.02435134113474495,0.0009484329529187794,-0.26237575771357396,-0.7281040613195765,0.0,-0.02571822589775902,0.0718994588898908,1.241844279118538e-05,0.39123568343691467,0.3913630429759042,0.3904689853189976,0.3903403894236569,0.02916370835150547,0.28458087245021413,0.439362458072067,0.9215467824841026,0.015182857448845222,0.023586889490376767,-0.3872527174559983,-0.17894107460175135,-0.595025609470845,0.00798746342202672,-0.00016221250978456508,0.00014238132723427412,8.244742010349862e-05,0.42377540455841495,0.3856620231435871,0.4238392297096424,0.37822871261066204
492,4.1,0.05704635173194128,0.3329240412135449,0.5,0.9994494999762289,0.022183592061270793,0.02465091911297521,0.0009578243109934155,-0.25835327487355086,-0.7317439803866708,0.0,-0.026620140542044077,0.07202172178396828,1.2502719100390084e-05,0.39125215403984887,0.3913684131198063,0.3904678682762563,0.3903504408337663,0.02801532389614036,0.2805383750179274,0.4394123433464978,0.9215467989569142,0.01492290473556066,0.023452197972601674,-0.3872709628370975,-0.1687079261861693,-0.6174087606408474,-0.006946252912665152,-0.0006015809063110069,0.00022350566417451284,-0.00013725071780390415,0.422390395590461,0.38979262236913736,0.43051782559093404,0.3793642621377796
493,4.108333333333333,0.05490748619027519,0.3268029074852533,0.5,0.9994445473674037,0.022070563645497664,0.02495097694626426,0.0009673196795719727,-0.25428157396664924,-0.7353655871818651,0.0,-0.0275284780489408,0.07213278890916758,1.2586955518646172e-05,0.39126869073371273,0.3913736940121088,0.3904667805838547,0.39036067778392536,0.024175273016502023,0.2662395479953109,0.4396898511711738,0.9215096976775289,0.01509478483417507,0.02321267665509148,-0.3873670045313434,-0.14950944716080777,-0.6089701399229819,0.006692432213623034,0.0004921686355015215,-0.00022571749942939124,-1.614067689875543e-06,0.42669617177892716,0.3911196189938744,0.4308131824711566,0.38261754250059765
494,4.116666666666666,0.052802811538573136,0.3206516586122208,0.5,0.9994395641863595,0.02195373664296907,0.025251467564827178,0.0009769197578924063,-0.25016058002678127,-0.7389682594837393,0.0,-0.02844311722885643,0.07223250517862878,1.2671138697864081e-05,0.3912852913473588,0.3913788843913635,0.3904657242577892,0.39037110134818476,0.02258747012928182,0.26004733106793976,0.4398005366488877,0.9214932392530032,0.015073136569338065,0.02323242064608946,-0.38740581461291024,-0.16883919785098783,-0.6181256000515445,0.03557730656448266,-0.00027674256486168224,-0.0001699358779105947,-9.279975319233938e-05,0.4242700316136128,0.3877409733650471,0.4284015624646144,0.38118364563853674
495,4.125,0.05073273915221821,0.3144704556592707,0.5,0.9994345504930201,0.021833085115594314,0.025552343254125257,0.0009866252447243986,-0.24599022587194047,-0.7425513707455975,0.0,-0.02936393361275776,0.07232071646183567,1.2755255055543237e-05,0.39130195366548326,0.3913839830155699,0.3904647013407657,0.3903817125624575,0.021504532312309834,0.2559066753045104,0.4398743279900412,0.9215274307643789,0.014962112732344138,0.023297179608818,-0.3873248906972826,-0.15034297336627006,-0.6244158989270887,-0.0034647078530847253,0.0005219403380458723,3.73515869210922e-05,-5.2984243188667134e-05,0.4202591381570047,0.38618934982023806,0.42298423950852465,0.3732380898992547
496,4.133333333333334,0.04869768092481519,0.3082594649352639,0.5,0.9994295063530998,0.021708583652852564,0.025853555659011648,0.0009964368382564517,-0.24177045221041268,-0.7461142901805862,0.0,-0.030290799446102204,0.07239726964905044,1.283929077524476e-05,0.391318675428811,0.39138898866296906,0.3904637139017853,0.39039251242350487,0.020527363636621214,0.2517657507638438,0.43987514028377944,0.9214730089441348,0.015016647187541936,0.02356896766265801,-0.3874357983692319,-0.14110654199152028,-0.6095312116219664,0.008165227939749276,0.0014985126407437363,-0.00013417757370722666,1.2611630070273092e-05,0.426884645236608,0.3905735210576694,0.4290701422040578,0.3816372210499531
497,4.141666666666667,0.046698049201891134,0.30201885802797135,0.5,0.9994244318381733,0.02158020738552848,0.026155055788147825,0.0010063552359810479,-0.23750120774630382,-0.7496563828490784,0.0,-0.031223583683985562,0.07246201271634482,1.2923231806803975e-05,0.3913354543343073,0.39139390013284264,0.39046276403570823,0.3904035018879181,0.01896944155433485,0.24547724450276018,0.4399420024548921,0.9214731995003823,0.015231288322064768,0.02378893253652207,-0.3874135221534629,-0.16232905186047247,-0.6345843723759792,0.031891126499511424,-3.278675603174972e-05,-0.00016593010746070944,-0.00010748598790127328,0.42270133013924277,0.38813874115722846,0.4296670437358201,0.38044065236536434
498,4.15,0.044734256713720666,0.295748811838209,0.5,0.9994193270257424,0.021447931999465382,0.026456794018693167,0.0010163811345778775,-0.23318244928434237,-0.7531770097483257,0.0,-0.03216215198754744,0.07251479479120354,1.3007063867048578e-05,0.3913522880354166,0.39139871624631106,0.3904618538627944,0.39041468187110245,0.017454160692109966,0.23922352825757534,0.44006520779169733,0.9214421867884749,0.01550277878159878,0.024113415642609708,-0.38745645360810455,-0.14603083904621977,-0.626004036859959,0.0039080059191898275,0.00022365732192936618,0.0003433933178505184,0.000218941055585956,0.4216990694656259,0.3874051132849494,0.42275480189624165,0.3732002652378181
499,4.158333333333333,0.042806716507281406,0.28944950861320895,0.5,0.9994141919993044,0.021311733749330614,0.026758720101270204,0.0010265152297951508,-0.2288141418339051,-0.7566755279043835,0.0,-0.03310636672164434,0.07255546621866905,1.3090772440532e-05,0.3913691741423165,0.39140343584713505,0.3904609855282271,0.3904260532462686,0.013640855681091428,0.2223215484584728,0.44025595520774885,0.9213402651714604,0.016596587110704095,0.02520834282600185,-0.3875838083847506,-0.1370321857017031,-0.634434166031092,-0.002647761643820301,0.000703957392961819,0.00010813693656775188,-0.0001267478701484308,0.4253152969657979,0.3904644741046572,0.42835868304342334,0.37945840172285256
500,4.166666666666667,0.04091584187734776,0.28312113597921873,0.5,0.9994090268484167,0.021171589472387845,0.0270607831652075,0.0010367582163289858,-0.2243962587122289,-0.7601512904663105,0.0,-0.034056086953805166,0.07258387862802386,1.3174342780137953e-05,0.39138611022220493,0.3914080578025145,0.3904601612016101,0.39043761684342404,0.012277912116039204,0.21590872349913712,0.4403734337258322,0.9213560593624256,0.016354083234846977,0.02568538335805592,-0.3875252468155331,-0.14909100532918168,-0.6295595885064231,0.01409309183608154,0.00017897852946945693,1.0229921469459176e-05,-4.755481105028871e-06,0.43002227778591195,0.3907531036944321,0.4254187189989061,0.3808561612388007
501,4.175,0.03906204629672849,0.27676388697329934,0.5,0.9994038316687622,0.0210274766022708,0.02736293172406266,0.0010471107877008893,-0.21992878164675483,-0.7636036468026439,0.0,-0.035011168454513346,0.07259988499995097,1.3257759908250934e-05,0.3914030937996031,0.3914125810038924,0.39045938307644856,0.39044937344836644,0.01093039300818931,0.20943759426834793,0.4404950907026768,0.9213462862251807,0.016637816455963985,0.02629742424678873,-0.387495354037477,-0.12356362989705896,-0.6411250804311153,0.0034555240439382295,-0.00017313564749781257,0.0006449938588053669,0.00013748360575036982,0.42635196672107595,0.3901085365490435,0.4237774932164978,0.3762155786523056
502,4.183333333333334,0.037245743345658,0.27037796007431014,0.5,0.9993986065622131,0.020879373182752858,0.027665113681427073,0.001057573636133335,-0.21541170087656433,-0.7670319426001508,0.0,-0.03597146369880848,0.07260333973420413,1.3341008617602772e-05,0.39142012235667994,0.3914170043677612,0.39045865336961266,0.39046132380168236,0.010079153232018861,0.2051420005468924,0.4405746080255448,0.9213118994561692,0.016705608697335596,0.02667428073069297,-0.387548434787211,-0.13285091028497237,-0.6340631272098995,0.002859660428838895,-8.947114007205424e-05,0.00041618095680469514,-0.00010634381271682683,0.4294883625852461,0.3885852304009864,0.42366704568968017,0.3808179431581511
503,4.191666666666666,0.035467346640345454,0.2639635592330587,0.5,0.999393351636893,0.020727257881507026,0.027967276337014957,0.0010681474524234487,-0.2108450152528578,-0.7704355199648564,0.0,-0.036936821869247245,0.07259409871771079,1.3424073472435329e-05,0.39143719333361415,0.39142132683645403,0.39045797432076873,0.39047346859775633,0.009253163767660227,0.20083142821773603,0.44053170503239814,0.9212990908837255,0.01680591723086815,0.027222660252256118,-0.3875364151297789,-0.12028473104431954,-0.6421510063088415,-0.012070273396147524,0.00032733963049045374,0.0002618043966951129,-7.690559697191841e-06,0.428532324684255,0.39047989214861106,0.4252059197259139,0.37942048828168956
504,4.2,0.033727269760693845,0.25752089390159605,0.5,0.999388067007238,0.020571110003850375,0.02826936639303778,0.0010788329258148092,-0.20622873233842806,-0.7738137175253451,0.0,-0.037907088860228734,0.0725720193930974,1.350693881004483e-05,0.39145430412896054,0.39142554737895024,0.3904573481918054,0.3904858084837782,0.008362246926451688,0.19648957705327202,0.44065125524244714,0.9212742870216231,0.017079990484660655,0.027510135134693893,-0.38756309739539807,-0.12537814048083853,-0.6558564093434693,0.011749308482317256,-0.0001877886853947824,0.00017022205988751065,-0.00012437865038686857,0.43166156303551023,0.39146452890531386,0.42689758862779525,0.38328609764992944
505,4.208333333333333,0.032025926177194686,0.2510501790616413,0.5,0.9993827527940574,0.020410909506467463,0.02857132996086658,0.0010896307438673786,-0.20156286850608512,-0.7771658705383362,0.0,-0.03888210728371076,0.07253696082764319,1.3589588742010054e-05,0.3914714521000548,0.39142966499167975,0.39045677726622297,0.39049834405875583,0.005887552568647165,0.18342609810450416,0.44087524111529325,0.9212029718880681,0.017914884673413962,0.028868158469206876,-0.3875961440963089,-0.09745593332839889,-0.657741350884089,0.001888245518411047,0.00036853199127314794,0.0006442715268344858,6.468203515788881e-05,0.4289987495330275,0.3887898913532561,0.4216149230873126,0.3779731519022994
506,4.216666666666667,0.030363729177008802,0.24455163525211354,0.5,0.9993774091245912,0.02024663701110655,0.028873112567983163,0.001100541592325571,-0.19684744903597998,-0.7804913109965262,0.0,-0.039861716476349895,0.07248878378258457,1.3672007155686363e-05,0.39148863456343974,0.39143367869931517,0.39045626384851,0.3905110758725424,0.004700520210787501,0.1768093739239816,0.440987137418645,0.921205513631775,0.017873252037230978,0.029468656690034206,-0.3875468317363931,-0.129172022565558,-0.6442162144582181,0.011076569169360395,0.0008107742856620642,0.0003185496481256446,-8.326848335189944e-05,0.43250202003052346,0.386770822411326,0.42076871205305727,0.3827047634626178
507,4.225,0.028741091789242557,0.238025488595754,0.5,0.9993720361325685,0.020078273818242905,0.029174659165222203,0.0011115661549844773,-0.19208250821178363,-0.7837893677386983,0.0,-0.040845752508045716,0.07242735078278373,1.3754177715959073e-05,0.3915058487953142,0.3914375875555626,0.3904558102634981,0.3905240044248658,0.003966228308684082,0.1723639579445324,0.44112993093783726,0.9211840572220532,0.017913243287368177,0.029777954448834177,-0.38757234403874574,-0.10817558208098838,-0.6796210598505908,0.013263023297860332,0.0005417156952730945,0.00039602470357089797,-5.7016335585989117e-05,0.4296388792344378,0.39008092050379384,0.42129803583137293,0.3770106705711793
508,4.233333333333333,0.027158426709428807,0.23147197082481952,0.5,0.999366633958263,0.019905801920703122,0.02947591413430524,0.001122705113554254,-0.18726808941567116,-0.7870593665620894,0.0,-0.04183404819195139,0.07235252618669526,1.383608386721193e-05,0.391523092032007,0.39144139064396005,0.3904554188556947,0.3905371301643643,0.003244400104807887,0.16793894544405052,0.44111940314658243,0.9211545184506917,0.018117230650344048,0.030347647246207185,-0.38758887935292496,-0.09946978227061606,-0.6720063830314094,0.0008986266026467238,-0.00020355110564257268,0.000550162388295373,-4.689345764915729e-05,0.4327598467024561,0.38700803738125245,0.41664233377590293,0.3785583833116374
509,4.241666666666666,0.02561614622322228,0.22489131930582607,0.5,0.9993612027485476,0.01972920401724427,0.029776821295668075,0.0011339591475226988,-0.1824042452220614,-0.7903006303370119,0.0,-0.04282643309593351,0.07226417625665893,1.391770883506574e-05,0.39154036147046756,0.39144508707866577,0.39045509198859857,0.3905504534876329,0.002451003138099978,0.16356770005288476,0.44132251565289565,0.9211782620995285,0.018210569751429876,0.030627809874361284,-0.38750602814268664,-0.1183266399278742,-0.6520569270337201,0.028634099166957583,9.212917937461405e-05,0.0003890787201924415,0.00015419109481368035,0.4337548701095087,0.3883744274353753,0.4198980068001284,0.38144567432414106
510,4.25,0.02411466212932234,0.21828377706332946,0.5,0.9993557426569475,0.019548463526081913,0.030077323916582816,0.0011453289340160235,-0.1774910374900683,-0.7935124791237222,0.0,-0.04382273355551098,0.07216216922943118,1.3999035628551974e-05,0.39155765426880096,0.3914486760052387,0.39045483204398357,0.39056397473828175,0.0017539473879148667,0.15898174833999315,0.4414399304632013,0.9211457290285688,0.017795298577657458,0.030711063921463687,-0.3875960575054533,-0.12225208049501306,-0.6657730643437165,0.016676074326377188,0.0004227887851101359,0.00028241843822374965,2.901077183879776e-05,0.42642672521542246,0.3872424804562293,0.41872151212220887,0.3740899388011313
511,4.258333333333333,0.022654385661630805,0.21164959280271667,0.5,0.9993502538436928,0.019363564598360583,0.030377364719575303,0.0011568151476578452,-0.17252853745460908,-0.796694230291526,0.0,-0.04482277268830467,0.07204637538694712,1.4080047042356204e-05,0.39157496754680865,0.391452156601423,0.3904546414211724,0.3905776942059981,0.0010620696454390886,0.1545132130584646,0.4415183663458333,0.9211718144093166,0.017978874753517192,0.03109911303678041,-0.38749463682581525,-0.0982808583960719,-0.684777863803504,0.012023825720824943,8.790725007293801e-05,-5.6602647111442554e-05,-9.154901379380815e-05,0.42932691023433467,0.39004445361644363,0.419784690911785,0.37518155903656886
512,4.266666666666667,0.021235727410659044,0.204989020931996,0.5,0.9993447364757669,0.019174492131560455,0.030676885891139087,0.0011684184604264126,-0.1675168258161248,-0.7998451986401134,0.0,-0.04582637040997498,0.07191666712731029,1.4160725659055021e-05,0.39159229838655785,0.39145552807791956,0.3904545225362858,0.3905916121256255,0.0003589475754518197,0.15003722655347268,0.44163852286176186,0.9211331769910239,0.018028126477257687,0.03128389191106434,-0.3875693163926163,-0.09623063227205589,-0.6893702126620604,0.012440260412321935,8.195114575438934e-05,0.00023422200298598656,2.500605967654503e-05,0.43186136073771586,0.3879483190182614,0.4182073662264679,0.37825737082279465
513,4.275,0.019859097244194546,0.19830232158256422,0.5,0.9993391907269571,0.018981231782834028,0.030975829090746754,0.0011801395415100887,-0.16245599282886297,-0.8029646965231129,0.0,-0.04683334345170301,0.0717729190359208,1.4241053851639634e-05,0.3916096438329906,0.39145878967915715,0.39045447782146464,0.39060572867624965,-0.000930787540095236,0.14095460237283464,0.44178242763340875,0.9211499501473474,0.017540626055447924,0.03153441561998864,-0.3875315166701004,-0.09396447861337606,-0.6763389396412772,-0.004885048817809823,-0.0003092984990545123,0.00031157483567867064,-1.9456814914989426e-05,0.43199941991033575,0.3882877103353936,0.4179253243559851,0.3777771773896154
514,4.283333333333333,0.018524904227239847,0.1915897606289314,0.5,0.9993336167779007,0.018783769982266118,0.031274135460158954,0.0011919790571611097,-0.15734613838767122,-0.8060520339738521,0.0,-0.04784350537920795,0.0716150079567682,1.4321013786150472e-05,0.3916270008945312,0.3914619406840566,0.390454509724088,0.3906200439802927,-0.0015388173066849852,0.13645789314374668,0.4417850973431123,0.9211547511668159,0.017308210976894788,0.03159707807801279,-0.38752545063842336,-0.07431244215785622,-0.6635887400607832,0.01402575598272171,-0.0001238643973185848,0.00013143973868023903,1.6010432767134612e-05,0.4333210389459486,0.39134380118522616,0.42253181126205436,0.38064356085437845
515,4.291666666666667,0.017233556541236483,0.18485160970738945,0.5,0.9993280148161308,0.01858209394605092,0.03157174563303208,0.001203937670547643,-0.1521873721132563,-0.8091065188333139,0.0,-0.04885666661330652,0.07144281306383611,1.4400587424653975e-05,0.39164436654374385,0.3914649804067874,0.3904546207059471,0.3906345581026306,-0.00238752617132474,0.12964100399729897,0.44188268975242456,0.9211485452635858,0.016643123018131846,0.031856864121949956,-0.3875480669843403,-0.1053213049385453,-0.6920135458705873,0.004205119109806921,-0.0006614453023247476,0.000329785785006974,7.887355447258712e-05,0.4277928871710766,0.3864753078255008,0.4218813961230053,0.37933499866377596
516,4.3,0.015985461402586942,0.1780881462336008,0.5,0.9993223850361196,0.018376191689579508,0.031868599744824665,0.001216016041604167,-0.14697981343585476,-0.8121274568802738,0.0,-0.0498726344520634,0.07125621593255288,1.447975652772715e-05,0.3916617377180021,0.3914679081975205,0.39045481324241205,0.3906492710497137,-0.004601003501725697,0.11145315341586957,0.4419490904958175,0.9211009439357658,0.015333962392445423,0.03249454481143429,-0.3876622566558241,-0.1360515058481887,-0.64563603100279,-0.03984103164927921,0.0010281317113387588,-0.00013326319511346746,-0.00025604390263832375,0.43267081001823177,0.392290427888295,0.420376211551329,0.37684520828058865
517,4.308333333333334,0.01478102498048739,0.17129965341909204,0.5,0.9993167276393224,0.018166052040431122,0.03216463744300281,0.0012282148268801974,-0.14172359167726886,-0.8151141519636054,0.0,-0.05089121309450037,0.07105510061132476,1.4558502657572268e-05,0.3916791113201833,0.39147072344316397,0.3904550898215849,0.3906641827687045,-0.005587214702801969,0.10221447243837023,0.4419558849675195,0.9211095415024327,0.014127880985262237,0.03288357684563806,-0.38765485409818035,-0.08273595968828541,-0.6919451349639103,0.02529715846265046,-0.0004984867757409912,0.0002878494070373302,-6.006080376019694e-06,0.43585385858780046,0.4041134992261981,0.432971101089208,0.3807349889584244
518,4.316666666666666,0.013620652314086379,0.1644864202866353,0.5,0.9993110428342161,0.017951664651261762,0.032459797897544974,0.0012405346793873842,-0.1364188461312165,-0.8180659061367361,0.0,-0.05191220366590201,0.07083935369304173,1.4636807181600368e-05,0.39169648421939535,0.3914734255680987,0.39045545294341344,0.3906792931466343,-0.006237920258235346,0.09528938380324664,0.441907937165995,0.9211277022260304,0.013290321640106876,0.0331321602179386,-0.3876201536321209,-0.08939738485713279,-0.7043001124602571,0.00847813201891312,-0.0006165809163311444,0.0004226909664919886,0.00012065527682676045,0.4290286352743125,0.3861313716966036,0.41654053635050337,0.37549954255562296
519,4.325,0.012504747228983093,0.15764874168449727,0.5,0.9993053308363395,0.01773302001258323,0.032754019811745604,0.0012529762484450085,-0.13106572614194678,-0.8209820197942379,0.0,-0.05293540424472897,0.07060886438657854,1.471465127516865e-05,0.39171385325171865,0.3914760140349104,0.3904559051187996,0.3906946020095622,-0.006638459429808564,0.09067266784263917,0.44192621788410397,0.9211236981701196,0.012725507822993776,0.03328903621301376,-0.38763518182442896,-0.0852877098622847,-0.6873006994645783,-0.006512626110016795,-0.0005771796691024667,0.0005886616665693842,0.00012116035971599642,0.43310061280858886,0.39018493516887615,0.41817129869992403,0.37720634927860136
520,4.333333333333333,0.011433712253079209,0.15078691829953994,0.5,0.99929959186833,0.017510109465426058,0.03304724143331808,0.0012655401795239024,-0.12566439118107062,-0.8238617918105359,0.0,-0.05396060989114486,0.0703635245882394,1.4792015925441972e-05,0.39173121522098225,0.39147848834509774,0.39045644886868186,0.39071010912176174,-0.007170625757092867,0.08371349645034698,0.44186562935270446,0.9211228707341673,0.011753475578983737,0.0337738905788811,-0.3876258984348523,-0.05361076044416062,-0.6979141295386349,-0.00959270437147497,-0.0002024048989816652,0.00020682029234266202,-0.0001230053923431402,0.43278352025762046,0.3927283072320695,0.42382654899852157,0.38000096738603306
521,4.341666666666667,0.010407948531801159,0.14390125666915354,0.5,0.9992938261599587,0.01728292521387929,0.03333940056579601,0.0012782271140888296,-0.12021501092255556,-0.8267045196807136,0.0,-0.05498761267715948,0.070103228953087,1.4868881934873568e-05,0.39174856689955234,0.39148084803978467,0.39045708672309937,0.39072581418492147,-0.007689368237847457,0.07667076777003715,0.4419004638684527,0.9211217476369633,0.010150525078705872,0.03430240206492266,-0.38762744753620015,-0.07100691399803648,-0.6962357187851833,0.003767752005973124,-0.0008852501061100198,0.0004434294091690452,7.922176779165311e-06,0.4337201666748848,0.3889746284347929,0.42337404910689996,0.3841962345730049
522,4.35,0.009427855742706548,0.13699206919200768,0.5,0.9992880339481643,0.017051460337500678,0.0336304345802329,0.001291037689439343,-0.11471776531583926,-0.8295094996633974,0.0,-0.056016201718406176,0.06982787496617543,1.4945229924525748e-05,0.3917659050291602,0.3914830927004086,0.39045782122023603,0.39074171683735953,-0.007995457875519871,0.07196413789566983,0.44190741234455977,0.9211337589056128,0.009134917266162692,0.03473103452035489,-0.3875859991435483,-0.03696733287799816,-0.6933893387087373,-0.016035579538370426,-0.0005597740282714777,0.001064336139595822,0.0001077964546576968,0.4304688517838053,0.38922495728182377,0.4226683347218027,0.379980198442708
523,4.358333333333333,0.008493832009491942,0.1300596741375989,0.5,0.9992822154770852,0.016815708803590023,0.033920280427199315,0.0013039725385491658,-0.1091728446570067,-0.8322760269256978,0.0,-0.057046163207556976,0.06953736301356872,1.5021040338687296e-05,0.391783226321752,0.3914852219494026,0.39045865490543874,0.3907578166532593,-0.0082157193756922,0.06732542177469214,0.4418203276540003,0.9211498358251667,0.008357891573282596,0.03528251305728871,-0.38751550921231553,-0.029766284542464758,-0.6990337655848402,-0.022990722297527855,-0.00035296878954672384,0.0006169658799995946,-5.4341358013361124e-05,0.43212672469646257,0.3879210556117793,0.4271346863948258,0.3874572577116182
524,4.366666666666666,0.0076062738154175635,0.12310439565458298,0.5,0.9992763709980882,0.016575665479319202,0.034208874649076695,0.001317032289904115,-0.10358044965798739,-0.8350033956901839,0.0,-0.05807728044939336,0.06923159645318917,1.5096293448387584e-05,0.3918005274603475,0.39148723545088443,0.3904595903302257,0.3907741131419148,-0.008471288897327305,0.0626288204482485,0.4418049704322573,0.9211326816748316,0.007686985797188879,0.035469137914216485,-0.38755313604138125,-0.023309438183788216,-0.6579324845596299,-0.022051211246520985,0.0010003394185910679,-0.00028372110043483153,-0.0003806032560480489,0.4332723068837833,0.38822907980011095,0.4283063741977512,0.38943489425665684
525,4.375,0.006765575916166444,0.11612656377786912,0.5,0.9992705007697977,0.01633132614371149,0.03449615339264719,0.0013302175673386113,-0.09794079151371703,-0.8376908993838701,0.0,-0.0591093338975276,0.06891048168543137,1.5170969355389908e-05,0.3918178050999363,0.39148913291130194,0.39046063005127646,0.39079060574700786,-0.008818797968313053,0.05556610368833718,0.44173790748372455,0.9211377614066798,0.006843946572966264,0.03606675715660061,-0.3875017082984329,-0.01330537767204893,-0.708945992563438,-0.027381174370477712,-0.0019672632532862933,0.0008440459156324533,1.97251109973949e-06,0.4273332468761356,0.38811592865746875,0.43457621430898336,0.38976010389815174
526,4.383333333333333,0.005972131252154234,0.10912651443446508,0.5,0.9992646050581211,0.016082687499463733,0.03478205242197814,0.0013435289898708026,-0.09225409196722018,-0.8403378307891896,0.0,-0.06014210119276633,0.06857392822347091,1.5245047996874806e-05,0.391835055868404,0.39149091408007963,0.39046177662938886,0.3908072938458992,-0.009027081732673489,0.05080512864332804,0.44171358832447916,0.9211452790636641,0.006006664803750888,0.036328579370449976,-0.3874732625066985,0.012400989241153314,-0.6835152110897941,-0.04733154154707431,0.001283544630970695,6.697728750048415e-05,-0.0005199676617604975,0.43375784568433834,0.38703517407459964,0.4290906558998045,0.39192952651318136
527,4.391666666666667,0.005226330860308548,0.102104589448054,0.5,0.9992586841362733,0.015829747184604063,0.03506650713160014,0.0013569671715363402,-0.08652058337256213,-0.8429434821969269,0.0,-0.06117535720316763,0.06822184876326844,1.5318509149504517e-05,0.3918522763674677,0.3914925787502604,0.390463032628433,0.3908241767489345,-0.008950549240720687,0.04609611192203241,0.4416333384195467,0.9210794367254584,0.005955254501117264,0.0370445282150087,-0.3875627808686828,-0.01603946649370823,-0.7420806672877478,0.022401796294629905,-0.001092070211127473,0.0008368843233270052,0.00013445954508533242,0.4330705974750045,0.3876572099414199,0.43645648330211684,0.3978593015306763
528,4.4,0.004528563785334283,0.09506113654228432,0.5,0.9992527382847985,0.015572503783978281,0.03534945255997707,0.0013705327212208433,-0.08074050875561964,-0.8455071455610861,0.0,-0.06220887406574001,0.06785415925322975,1.5391332434352197e-05,0.3918694631736414,0.39149412675912476,0.39046440061428167,0.39084125369877554,-0.009224846507409143,0.04125964805396469,0.4416918857141701,0.9211788958790535,0.004896420982991322,0.03725050275629885,-0.38732139999360765,-0.0868408936544187,-0.7340804015742015,-0.022617525676987826,-0.001707117897111771,0.0003950878659058187,0.0002081112391396427,0.4283710327614619,0.38015051400545435,0.41799042320798524,0.38230533123132215
529,4.408333333333333,0.0038792169904853235,0.08799650934276493,0.5,0.9992467677915907,0.015310956840558021,0.03563082340326686,0.0013842262424910918,-0.07491412187262698,-0.8480281126556637,0.0,-0.06324242122983478,0.06747077896346823,1.5463497321211404e-05,0.39188661283922993,0.3914955579887957,0.39046588315371267,0.39085852386975756,-0.009295684234984856,0.03648591610046245,0.44167178576562327,0.9211817806914034,0.004137942384725388,0.03746484714828393,-0.3873027105291053,-0.08079027029975397,-0.7398494964359872,0.002288636575087377,-0.0005585956943439664,0.0002490057790489605,-2.1814524569470342e-05,0.4346863957506594,0.39784390760046257,0.4285015272806966,0.38139655884774665
530,4.416666666666667,0.003278675267858522,0.08091106737773801,0.5,0.999240772951912,0.015045106866563414,0.035910554029371,0.0013980483334249854,-0.06904168726644168,-0.850505675233298,0.0,-0.06427576550219964,0.06707163055461941,1.553498313347154e-05,0.3919037218933396,0.39149687236682307,0.3904674828133119,0.390875986367265,-0.009425940231349402,0.031715180996045804,0.44162650725442887,0.9211780269724484,0.0036775646389370794,0.037865301852207725,-0.3872773386826484,-0.007421104649533473,-0.7263147014974708,-0.02930602626425305,0.0002309000264690625,0.00020417349384349793,3.6478875491150556e-05,0.43007568796432705,0.3935708726034408,0.4249536217658217,0.37746725673100645
531,4.425,0.0027273211482327087,0.07380517607742576,0.5,0.9992347540684083,0.014774955354393592,0.036188578492270834,0.0014119995864403047,-0.063123480320489,-0.852939125185765,0.0,-0.06530867109370271,0.0666566401462069,1.5605769053324628e-05,0.3919207868429105,0.3914980698667655,0.3904692021583477,0.3908936402271244,-0.0107824946526907,0.0027944942837134913,0.4399412292717088,0.9211043550920919,-0.0037393012125317405,0.04019455764097509,-0.3872172286880709,0.006409728844187015,-0.7160828084832298,-0.0007755936479558745,-0.00043169918671972433,-0.00022405295048931248,0.00011964326674777753,0.4323623332353151,0.38897601758605727,0.4317498123574816,0.3912583658839835
532,4.433333333333334,0.0022255348104697203,0.06667920677202743,0.5,0.9992287114511232,0.014500504787357708,0.03646483054664894,0.0014260805881223244,-0.05715978731033278,-0.8553277547062887,0.0,-0.06634089966774827,0.06622573738448782,1.567583412654316e-05,0.3919378041737811,0.3914991505087476,0.3904710437516261,0.39091148441502904,-0.010646094101930298,-0.004471569342181237,0.4399213123278942,0.9211144363455526,-0.0036634324933273775,0.04011149227754339,-0.38720258600046903,-0.015025220211233904,-0.726300512796761,-0.0021650677905826754,-0.0006661057888321211,4.446565512311502e-05,-0.00011125527905707334,0.4256108560033443,0.38000352424574524,0.4295444047058528,0.39122794214838674
533,4.441666666666666,0.001773693990497871,0.0595335366883567,0.5,0.9992226454175112,0.014221758650199656,0.03673924366279302,0.0014402919190503142,-0.051150905452826814,-0.8576708564536327,0.0,-0.06737221039035599,0.06577885550974688,1.574515726794623e-05,0.3919547703517642,0.3915001143599998,0.3904730101523402,0.39092951782598256,-0.010523445551941003,-0.009287048392486631,0.43990288494666396,0.9211156999483826,-0.003410329989052422,0.04017245725608718,-0.38719557156038764,0.019201871841724796,-0.7210524682706239,-0.026687762797217296,0.00021118452365397666,0.00022009510420952495,0.0001428572060574688,0.42763745672875547,0.3839807336721027,0.4285088968394692,0.38819098940682406
534,4.45,0.0013721738898998526,0.05236854894510157,0.5,0.9992165562924461,0.013938721439409323,0.03701175104178012,0.0014546341536229735,-0.04509714295279943,-0.8599677237179404,0.0,-0.06840235998191567,0.06531593142300912,1.5813717266731624e-05,0.391971681823753,0.39150096153538416,0.3904751039148895,0.3909477392837721,-0.010401837383607535,-0.01412906580533329,0.4399144486603062,0.9211210283782945,-0.004113249494637268,0.03986652902340183,-0.3872076860310689,0.0182796279843387,-0.7290294776929412,0.017234749350836243,-0.0010080515870222074,4.001798785468841e-05,-8.648286118008657e-06,0.4304910725719531,0.38412782274698287,0.43314240527749687,0.39563672878414347
535,4.458333333333333,0.0010213470841230476,0.04518463254669458,0.5,0.9992104444082293,0.013651398673313513,0.03728228563093846,0.0014691078598828425,-0.03899881904722419,-0.8622176505882877,0.0,-0.06943110277062013,0.06483690575210495,1.588149279172944e-05,0.39198853501884834,0.39150169219790026,0.3904773275876908,0.39096614754046344,-0.010195098494304113,-0.018928877699032252,0.4399660432429991,0.9210760526528946,-0.004016193290726225,0.03990375417415302,-0.38731184570526944,0.01882032881583562,-0.7327509831154495,0.014028260041765162,-0.000863359772566413,2.635259919033075e-05,-0.00011856368978327425,0.42320349392066386,0.3781823038692814,0.426019893084112,0.387089309510355
536,4.466666666666667,0.0007215834303369029,0.03798218237577744,0.5,0.9992043101045965,0.013359796901939398,0.03755078013958437,0.0014837135993397408,-0.03285626404683054,-0.8644199321219117,0.0,-0.07045819074756252,0.06434172291707829,1.5948462397120597e-05,0.3920053263494997,0.3915023065591711,0.39047968371198116,0.39098474127591915,-0.00999593304845516,-0.02382584827879789,0.43994890906507944,0.9211324174562436,-0.0036699970048437963,0.03996903049201497,-0.3871744790591567,0.025557067123679195,-0.7257896216334128,-0.014118534555312978,0.0003976004663337335,-4.021880764208203e-05,0.00017020074219808713,0.4239607295487704,0.3795525507537226,0.4264854507847945,0.3868990716191551
537,4.475,0.00047324997495556964,0.030761599184247812,0.5,0.999198153728719,0.013063923716643618,0.037817167055031096,0.001498451926793269,-0.026669819375108914,-0.8665738645150793,0.0,-0.07148337362348837,0.06383033119488193,1.601460452842554e-05,0.39202205221267733,0.39150280487991357,0.3904821748205935,0.39100351909735,-0.00935328943150178,-0.036013817190451596,0.44018635814629886,0.9211630620524387,-0.003687950935557809,0.039469336221597734,-0.3871526619129698,0.04950116060361484,-0.7237204011832227,0.04101884750404294,-0.0002206206695354669,-0.00028034924687470085,-0.00014287282778452452,0.4277650798398751,0.38414970766488166,0.43206331258847697,0.39176070159368287
538,4.483333333333333,0.00027671086085012675,0.023523289582875195,0.5,0.9991919756352066,0.012763787759500083,0.03808137865886682,0.001513323390154436,-0.02043983760466485,-0.8686787452755563,0.0,-0.07250639888722572,0.06330268278331219,1.607989752806403e-05,0.39203870899106275,0.39150318747038904,0.39048480343671654,0.39102247953888736,-0.008712562381065395,-0.045834180136700944,0.4403151020350502,0.9211787030488239,-0.0031610716585624933,0.03915173656592376,-0.3871523552803583,0.047263416748091584,-0.7232994261367045,0.011571807513977017,0.0006782031428122079,-0.00018826281837244842,1.225328361450214e-05,0.4185064923829885,0.37325128720082773,0.42241941295802615,0.38373955089938405
539,4.491666666666666,0.00013232723427158977,0.016267666029469496,0.5,0.9991857761861063,0.012459398732439404,0.03834334704349831,0.001528328530266449,-0.014166682490875656,-0.8707338733966364,0.0,-0.07352701186575707,0.06275873386415365,1.6144319641381993e-05,0.392055293054255,0.3915034546908276,0.39048757207265594,0.39104162106118945,-0.008208256604450204,-0.05315513890086399,0.44042243265733755,0.9211805753398619,-0.0022411213249400276,0.03905488415702205,-0.3871641008864458,0.0321679343956301,-0.7338345186925367,0.010666139542792052,0.0005864644272233683,-0.00021351923406757604,0.00018576424641795933,0.4243407847589644,0.37947095985483753,0.4264497110144102,0.38739281257346964
540,4.5,4.0457151507578004e-05,0.008995146815593213,0.5,0.9991795557508985,0.01215076740613319,0.0386030041289569,0.00154346788072472,-0.007850729002807127,-0.8727385495326908,0.0,-0.07454495578593087,0.06219844466548929,1.620784902295726e-05,0.39207180075999937,0.39150360695183817,0.39049048322857016,0.39106094205106806,-0.007803295532710264,-0.05805292580402866,0.440466999966294,0.9212376601997797,-0.002238598556002118,0.03894333024321222,-0.3870395059108416,0.05603052189906699,-0.7296315823484376,0.032855808368031925,0.00035834500976163094,-0.0002963884655694675,-2.654543220327972e-05,0.42669382185696264,0.38292209673522903,0.42482100012032087,0.38466698597720583
541,4.508333333333333,1.4554852957315845e-06,0.0017061560518041308,0.5,0.9991733147064926,0.011837905628616294,0.03886028167996332,0.0015587419676961404,-0.001492363351346031,-0.8746920761761957,0.0,-0.07555997183782226,0.06162177952313721,1.6270463742742644e-05,0.39208822845543856,0.3915036447148008,0.39049353939119363,0.3910804408211484,-0.007328926493847822,-0.06296030889471098,0.44054930202006587,0.9212154909112192,-0.002334499734944565,0.03876107712341506,-0.3871099951130452,0.047587091589915316,-0.735032451901279,0.007644950930457695,0.0007628408559350353,-0.00028552738926510473,-0.0001274556151043469,0.42170903911605356,0.3772516027187653,0.42208789216451725,0.38263920558104914
542,4.516666666666667,1.5673831017859463e-05,-0.005598876348586135,0.5,0.9991670534372187,0.011520826333640101,0.03911511132324746,0.0015741513097376762,0.004908016985496171,-0.8765937578361939,0.0,-0.07657179923971949,0.0610287069411698,1.6332141792275816e-05,0.3921045724783833,0.39150356849222157,0.3904967430325475,0.39110011560956365,-0.006684652655774927,-0.07033210237624604,0.44059294947746486,0.9212181448772818,-0.002305325268669096,0.03860514077631944,-0.3871194365178603,0.04052756376703931,-0.7411980629770359,-0.012350830782703603,0.0005431169591475713,8.046981208975318e-05,0.00013345819168887051,0.42644313875093215,0.38337571159134065,0.4260474214973748,0.3851343229594695
543,4.525,8.346041269724491e-05,-0.012919514687246947,0.5,0.9991607723348176,0.011199543548750125,0.039367424565119234,0.001589696417614333,0.011350003240150166,-0.8784429012181466,0.0,-0.07758017530471983,0.06041919965145141,1.6392861091393558e-05,0.39212082915859925,0.39150337884807657,0.39050009660864465,0.3911199645796723,-0.0064001463130072414,-0.0752590647517924,0.44040357367310906,0.9212270105480548,-0.0017437085226478253,0.03895915633416805,-0.3870658066208019,0.0187277900382264,-0.742005739866064,-0.05005848313599515,0.0006735620920933713,0.00027645162788128493,-0.00015712717801566472,0.43073091785145,0.3884797139061716,0.4286512034173835,0.38695479707840863
544,4.533333333333333,0.0002051599888247546,-0.020255317500067704,0.5,0.9991544717984283,0.010874072403081168,0.039617152809286224,0.0016053777941165458,0.017833175335966962,-0.8802388154051308,0.0,-0.07858483550893904,0.05979323467220757,1.6452599494738707e-05,0.3921369948191052,0.39150307639814075,0.3905036025581802,0.3911399858198004,-0.0058123135142903876,-0.08024863048464793,0.44055698164896545,0.9212676051957207,-0.001980410624091482,0.03873648791587357,-0.38699039018384584,0.059096494734965296,-0.7405205996945635,-0.008831085351340695,0.00027227438749853025,1.5893954986241665e-06,0.0002642206382431908,0.43779597710883555,0.39838694971938354,0.43497934619556,0.3903636953811121
545,4.541666666666667,0.0003811137580373991,-0.02760583757791535,0.5,0.9991481522345746,0.010544429134863292,0.03986422737491431,0.0016211959338770553,0.024357101870652167,-0.881980812040333,0.0,-0.07958551356131566,0.059150793365542166,1.6511334798463995e-05,0.3921530657775039,0.3915026618102783,0.39050726330120733,0.39116017734302894,-0.0052551886215433975,-0.08517057445309785,0.4406449801663368,0.9212378614770522,-0.0015855598570847914,0.03857364137330178,-0.38707927194869407,0.08991206754735415,-0.7722157109968847,0.015961082769699875,-4.5110335269731086e-05,-0.0002655655203110921,-0.00010568448121199084,0.42945534603100144,0.38740122842739677,0.42869940410156027,0.38687871873234836
546,4.55,0.0006116592646738805,-0.03497062198891743,0.5,0.9991418140571475,0.010210631098631974,0.04010857951492622,0.0016371513231873145,0.030921340102693012,-0.8836682055107946,0.0,-0.08058194147499173,0.05849186149386073,1.656904474700658e-05,0.3921690383473199,0.39150213580471355,0.3905110812378066,0.3911805370870047,-0.004630560105365491,-0.09013474246862122,0.4406837480587734,0.921284177664264,-0.0017421772091216995,0.038327501966156426,-0.3869928053557161,0.10651142403791145,-0.7365295791941062,0.004740378553441671,0.00042947692681496633,-0.0002527969816447786,9.745581434590604e-05,0.4288982261655521,0.3802542307030869,0.4202067532709528,0.38491630226646545
547,4.558333333333334,0.00089713030423344,-0.04234921210228282,0.5,0.9991354576873854,0.009872696772135838,0.04035014043453384,0.001653244439813489,0.03752543594082175,-0.8853003131323589,0.0,-0.08157384964026029,0.05781642927517894,1.6625707040033872e-05,0.3921849088393619,0.39150149915427734,0.3905150587467437,0.39120106291378626,-0.004038062151581227,-0.09519143166971877,0.44073305943008384,0.9213347159603826,-0.0017523250090242882,0.03824560310025815,-0.38688052983674664,0.11519397209231548,-0.7566333451186402,0.017314871252166464,0.00035612365813053165,4.0334692200357367e-05,6.210397596915773e-05,0.4258464942453077,0.38114362189218953,0.4270064736637271,0.38779073450360096
548,4.566666666666666,0.0012378568287620961,-0.04974114361366855,0.5,0.9991290835538539,0.009530645762935497,0.040588841309999235,0.001669475752812111,0.04416892393655172,-0.8868764553357676,0.0,-0.08256096689906481,0.057124491437248785,1.6681299339676905e-05,0.39220067356309085,0.39150075268463475,0.3905191981841203,0.3912217526097159,-0.0015891104921654273,-0.11515122696704534,0.44081672542843015,0.9212585420879877,-0.0007475103550183488,0.0381959462838041,-0.38707003183619015,0.046802974052054074,-0.7835085738465863,0.013206296781242965,-5.907119678537585e-06,-6.222620425703584e-05,-0.0005488852953239791,0.42591493210166875,0.3787526539659327,0.42253922294796864,0.38582549410452177
549,4.575,0.0016341648521929208,-0.057145946572104256,0.5,0.9991226920924211,0.009184498814686935,0.04082461330761944,0.0016858457223454392,0.0508513272798263,-0.88839595585386,0.0,-0.08354302062103382,0.05641604727050528,1.673579927743713e-05,0.39221632882800617,0.39149989727448514,0.39052350188202056,0.3912426038853291,-0.0005213626784897689,-0.1227466733647988,0.4408766138519796,0.9212551681675595,-0.0005069013399026791,0.03829821718846839,-0.38706834633663634,0.09496657351395692,-0.7796575459061774,0.026612328517577888,0.00018603454250561003,1.554921442172791e-05,1.5367926633827365e-05,0.43373677203442346,0.3897026860031472,0.4175358135837479,0.37747206748786755
550,4.583333333333333,0.0020863763556671078,-0.06456314540848096,0.5,0.9991162837462316,0.008834277813103133,0.041057387602930005,0.0017023547994965873,0.0575721577978183,-0.8898581419098177,0.0,-0.08451973678102419,0.05569110067975025,1.6789184461473566e-05,0.3922318709450579,0.3914989338557267,0.3905279721471394,0.3912636143753013,0.0015038627624830987,-0.13525272137376596,0.4409828384577951,0.9213374768775294,-0.00024070408324586244,0.03809572101497621,-0.3868926360152668,0.09808399726917894,-0.7703171375163673,0.016067130351715697,0.0008620745936452008,-7.754418622569172e-05,-0.00025513946936494896,0.4304991796415674,0.38205643265353517,0.41525538103386295,0.37975023029914623
551,4.591666666666667,0.002594809192859593,-0.07199225896561212,0.5,0.9991098589656779,0.008480005791587612,0.041287095400121834,0.0017190034260844797,0.06433091595691481,-0.8912623444064072,0.0,-0.08549084003816916,0.05494966023453577,1.684143248406947e-05,0.39224729622806387,0.3914978634136061,0.39053261125941025,0.39128478163842106,0.0031902134490013607,-0.1453576408008226,0.44110282988504834,0.9213472884996898,0.0002739441513798848,0.03813174704526827,-0.3868656986554214,0.10850178113424598,-0.7516759728386946,0.03292515956809794,9.011460116522341e-05,-0.0002873278381880986,-0.00010576400854891208,0.43237650832172264,0.3842831565028257,0.4168637915980626,0.38101972406905454
552,4.6,0.00315977699533998,-0.07943280052987922,0.5,0.99910341820837,0.008121706936533605,0.04151366795166585,0.0017357920344786993,0.0711270908679257,-0.8926078981161598,0.0,-0.08645605381640337,0.05419173921823716,1.6892520929076907e-05,0.39226260099514243,0.3914966869868392,0.3905374214706269,0.3913061031576015,0.00402182211459874,-0.15042877789453782,0.44114280541514567,0.921337438367681,0.00027357018972599777,0.037966841260797496,-0.38690537446009765,0.11838888847020278,-0.7535532857884636,0.001272125238366284,0.00018335915844978104,-8.788427567465902e-05,7.533066678021014e-06,0.42804792982800544,0.38117306452150196,0.4155118234390947,0.37847997074728956
553,4.608333333333333,0.003781589077992087,-0.08688427786446384,0.5,0.9990969619391006,0.007759406592282761,0.041737036578139854,0.0017527210474142809,0.0779601602945499,-0.8938941418724389,0.0,-0.08741510038644112,0.05341735567574274,1.6942427379334005e-05,0.39227778157015525,0.39149540566769986,0.39054240500305887,0.3913275763399282,0.005827221169301736,-0.16060651642644755,0.441188483520379,0.9213766535177302,0.0005159748922619835,0.037967973589620986,-0.3868116196598505,0.13055789100756415,-0.765896052286269,-4.128309361028926e-06,0.00019429785227834803,-1.2295270683357065e-05,-4.727179334974949e-05,0.4333069411960489,0.385836296758181,0.4206780338704474,0.38424509565012915
554,4.616666666666667,0.004460550344521863,-0.09434619324417715,0.5,0.9990904906298111,0.007393131265737317,0.041957132688251776,0.0017697908778065237,0.08482959066513271,-0.8951204187613347,0.0,-0.08836770094918564,0.05262653245973901,1.6991129424340223e-05,0.39229283428416956,0.3914940206020844,0.3905475640480645,0.3913491985167355,0.006801181835766151,-0.1656769866863951,0.44124791070119823,0.9213891937342216,0.0003702694489278347,0.03791109736163849,-0.38678749367989224,0.1259607955514724,-0.7714336731898724,0.015221538345866481,7.087183315881452e-05,-0.00020525210608079197,-5.853307484249991e-05,0.43575192158400455,0.38516303536623625,0.4183223427814292,0.38503192315798745
555,4.625,0.005196961193079552,-0.10181804349189183,0.5,0.9990840047595528,0.007022908630619809,0.04217388779905326,0.0017870019285658736,0.09173483708774814,-0.8962860763143311,0.0,-0.08931357572055505,0.05181929727554866,1.7038604668248233e-05,0.39230775547692964,0.3914925329895525,0.3905529007646917,0.3913709669437235,0.0077737701030774296,-0.1707759493633601,0.44123471434306144,0.9214223653524659,7.304628830389689e-05,0.037904422056681174,-0.3867092888476505,0.1267380764273091,-0.774830300141674,-0.015351071894170731,-0.00047030103779639737,0.0001663244620657921,8.04285494310896e-05,0.4336662367874394,0.38446840508953856,0.41558007243687795,0.3808891445781029
556,4.633333333333333,0.00599111742202596,-0.10929932001658305,0.5,0.9990775048144459,0.006648767531374366,0.042387233556337424,0.0018043545924129522,0.09867534336863837,-0.8973904667016838,0.0,-0.09025244401769938,0.05099568272447101,1.7084830737252102e-05,0.3923225414983361,0.3914909440833324,0.39055841727828244,0.39139287880111295,0.009226929697678507,-0.17843634689021318,0.44127771126448856,0.9214256975317421,-0.0004673906116301661,0.03789771884308521,-0.38670173051157825,0.13340987838275667,-0.7711824123681738,0.005257579332262896,-1.869317714884632e-05,0.00018766859634170753,0.00012217617561560674,0.4388169591468506,0.39006897459717393,0.42073234918340685,0.3856127868921175
557,4.641666666666667,0.0068433101358685855,-0.11678950885298489,0.5,0.9990709912876372,0.006270737986703907,0.04259710175521454,0.0018218492516937851,0.10565054203404199,-0.8984329469264539,0.0,-0.09118402434656375,0.05015572634559901,1.7129785287630338e-05,0.3923371887099413,0.3914892551902964,0.3905641156790784,0.3914149311938297,0.011312132704936745,-0.18865623187826475,0.4413963397950442,0.9214482940034294,-0.0007422545458677514,0.03770020852652287,-0.3866667619713587,0.13854517277214892,-0.7628397142898563,0.02143092460563656,-2.717516129145833e-05,-0.00033128606346901403,-0.00011766113878893515,0.4347478119721651,0.3867241935895167,0.4179762953984118,0.3821272708464891
558,4.65,0.0077538256513979276,-0.12428809070286473,0.5,0.9990644646792551,0.005888851192737639,0.042803424360859064,0.0018394862781953045,0.11265985435543853,-0.8994128790191321,0.0,-0.0921080344907982,0.04929947065606785,1.7173446014161903e-05,0.3923516934864516,0.39148746767091813,0.39056999802081205,0.3914371211517283,0.012965220700643485,-0.196368354586671,0.44138720685624233,0.9214662900962952,-0.000645864463702901,0.03752628677172568,-0.3866409663711167,0.15093451090516952,-0.7511269658908082,-0.0075704772018569955,-0.0002668170090902504,0.00020093134189778827,0.00017249802294449866,0.43134323916214967,0.3843704761124898,0.41601931186980157,0.3790837959705485
559,4.658333333333333,0.008722945404051718,-0.13179454097792287,0.5,0.9990579254963605,0.00550313952582316,0.04300613352942133,0.0018572660329611848,0.11970269037824194,-0.9003296302327966,0.0,-0.09302419160197807,0.04842696318969731,1.7215790657557767e-05,0.3923660522172406,0.3914855829391925,0.39057606631930253,0.3914594456298569,0.015201693624762758,-0.2066378736458377,0.4414987756413027,0.9215306342301041,-0.0007651441868577018,0.03727048948724398,-0.38651211538995406,0.138379160079102,-0.7674365502442743,0.014635580708155516,-0.00010388843936659801,0.00011635124457951945,1.0770809501674697e-05,0.4349420501631166,0.3882721584232746,0.4219530849746217,0.3847732846995075
560,4.666666666666667,0.009750945854536175,-0.1393083298443214,0.5,0.999051374252899,0.005113636544937908,0.04320516162909729,0.0018751888661080857,0.12677844895396861,-0.9011825732387377,0.0,-0.09393221229109663,0.04753825653398387,1.7256797012796254e-05,0.39238026130786735,0.3914836024625232,0.3905823225510605,0.3914819015087515,0.01695411739754249,-0.21437420211458716,0.4414889615484019,0.9215217420956239,-0.0012617083465776824,0.0370635224566844,-0.3865519140299241,0.13976809099867007,-0.7599413016188356,0.024811058947427078,8.060887135255336e-06,-0.0001309320510963051,6.027406542293799e-05,0.4339856767635822,0.3873784067164303,0.41578344621034435,0.37851353957630046
561,4.675,0.01083809839573302,-0.14682892226884436,0.5,0.9990448114696461,0.004720376993714536,0.04340044126134896,0.0018932551166423591,0.13388651777590743,-0.9019710863224907,0.0,-0.09483181272130387,0.04663340836542787,1.7296442937516504e-05,0.3923943171816033,0.39148152776158535,0.39058876865188363,0.3915044855947724,0.018779703146163586,-0.2221087903757318,0.44147511033487064,0.9215356453159295,-0.0019553534720951307,0.036962654803874104,-0.3865255401067339,0.14641448455392675,-0.7571103057053247,-0.024273589533535533,-0.0004209691669010574,0.00028806758272677664,8.031838292941009e-05,0.4311666698629503,0.38666062945114854,0.41540654522055287,0.3760317061127606
562,4.683333333333334,0.01198466925992192,-0.15435577806669265,0.5,0.9990382376741533,0.0043233968020751955,0.04359190528226894,0.001911465112277298,0.14102627341831675,-0.902694553580209,0.0,-0.09572270870186719,0.04571248148312445,1.7334706360244527e-05,0.3924082162809763,0.39147936041015513,0.3905954065154459,0.39152719462048063,0.019968944138658698,-0.22726839427072867,0.44145570628698017,0.9215600935791164,-0.002638931583857381,0.03692652373951721,-0.3864666373790386,0.19443630052627425,-0.7928541417407453,0.00972974740403032,-0.0006657122000279198,0.0002081289177334127,0.00012120158361383301,0.4387711852790833,0.39412873952483746,0.424111499939917,0.38487086510806007
563,4.691666666666666,0.013190919426348091,-0.16188835195091644,0.5,0.9990316534006911,0.003922733087469526,0.04377948682408117,0.0019298191692509901,0.14819708137917326,-0.9033523651153137,0.0,-0.09660461578333059,0.04477554384059454,1.7371565288559418e-05,0.3924219550693047,0.3914771020349159,0.3906022379919054,0.3915500252450438,0.02246365868835557,-0.23766216893175704,0.44147905069247095,0.9215817739980909,-0.003951528012026795,0.036753342233226134,-0.38642025192216517,0.17869431642753147,-0.7615861771962135,0.03525832259940742,-0.0010029218064123912,0.00011773526566198332,-5.5475522000077305e-05,0.4363954335203328,0.3829003886088754,0.41404729534939577,0.383682579602558
564,4.7,0.014457104529164155,-0.16942609358348903,0.5,0.9990250591901888,0.003518424155711493,0.043963119316770924,0.001948317592144848,0.1553982961264978,-0.9039439172353555,0.0,-0.09747724935381007,0.04382266857585635,1.740699781759003e-05,0.3924355300322421,0.39147475431522344,0.3906092648865119,0.3915729740546841,0.023773752393280573,-0.24283470723292616,0.4414275894808317,0.921596529278528,-0.004435284241173623,0.036652013702642025,-0.3863894348542842,0.2049156692786734,-0.7844839963761174,-0.010271325362909423,-0.00017731507926059634,0.00016392483253748472,0.00012297760290250575,0.4283330269538665,0.381846721807012,0.41427073347215293,0.3768966180710254
565,4.708333333333333,0.015783474765776462,-0.1769684476280191,0.5,0.9990184555901723,0.0031105095014104284,0.04414273650983629,0.00196696067370288,0.16262926114827564,-0.9044686126490188,0.0,-0.09834032473641725,0.04285393403964072,1.7440982138435326e-05,0.39244893767933786,0.3914723189828403,0.39061648895820456,0.3915960375631722,0.02649077851599913,-0.25317113667505425,0.44143966088506337,0.9216525563592927,-0.005447723022017362,0.03643048033396344,-0.38626378004272327,0.20005789892582337,-0.7884115526223812,0.03336027874968339,0.0005968905773676759,7.168955498440423e-05,0.00013293378292773592,0.43807495254323614,0.386198473873477,0.4191596512276853,0.3871987322557238
566,4.716666666666667,0.01717027480562583,-0.18451485380410682,0.5,0.9990118431547,0.0026990298079914593,0.04431827249415332,0.001985748694651778,0.16988930900599752,-0.9049258606632039,0.0,-0.09919355728777067,0.041869423821745015,1.7473496546787683e-05,0.3924621745455881,0.39146979782164965,0.3906239119182316,0.39161921221234386,0.027876660598688364,-0.25838047497626415,0.44142374728509276,0.9216412716656752,-0.0055255226327028195,0.036383855733497464,-0.3862939942635358,0.20128505527582974,-0.7882363327783803,0.02381899087413597,-0.0005434264895337118,-0.00027440653417492824,-4.891961152161646e-05,0.43146718731818645,0.380806814911742,0.4114738803269302,0.3783306587783514
567,4.725,0.018617743699433698,-0.19206474694334075,0.5,0.9990052224442966,0.0022840269473010395,0.044489661723947124,0.002004681923521889,0.1771777613918355,-0.905315077380116,0.0,-0.10003666249755372,0.04086922677552101,1.750451945153452e-05,0.392475237192993,0.39146719266732816,0.3906315354287622,0.39164249437266946,0.030731647215149156,-0.2687272384706691,0.44128039525137186,0.9217032269773406,-0.006703567641588252,0.03610263996484655,-0.38615388506138365,0.21116163687209843,-0.7929387659328158,-0.026184430117848212,-0.00041110220165155466,0.00022507981520901617,4.136172508488099e-05,0.4328529774435372,0.38321800312119886,0.41349391314038825,0.3792679959660282
568,4.733333333333333,0.02012611478894255,-0.1996175570469374,0.5,0.9989985940258813,0.0018655439787930918,0.04465683903886078,0.0020237606164691404,0.18449392918947707,-0.905635685894294,0.0,-0.10086935608908666,0.03985343704039296,1.7534029382985233e-05,0.39248812221212215,0.39146450540698546,0.39063936110151093,0.3916658803438578,0.03294899847253204,-0.2765568998816816,0.44124989339749326,0.9217293527427283,-0.007472595117211619,0.035937088232510475,-0.3860928467403329,0.19991156861712614,-0.7848296287398138,-0.01771282880712599,-0.0015379689206038865,0.0003496919088307718,0.0001712754721040543,0.4415776389793647,0.39031387233701503,0.4212753437994585,0.3887126839320534
569,4.741666666666667,0.021695615617182806,-0.2071727093450222,0.5,0.9989919584726997,0.0014436251482917695,0.04481973968611392,0.002042985017097991,0.1918371125386295,-0.9058871164895081,0.0,-0.10169135412086977,0.038822154062443166,1.7562005001940315e-05,0.3925008262236736,0.3914617379787801,0.39064739049637454,0.3916893663554895,0.03438951689556364,-0.2817361891880809,0.44126267943272396,0.9217009316733987,-0.0083693834533218,0.03584143238127904,-0.38615118502713197,0.21402502245659005,-0.7903935549619989,0.005956835525328108,-0.0009716763488867125,-8.938179995894344e-05,-4.4296767168079176e-05,0.43913798035484064,0.3913680442778628,0.42139155621678864,0.3853637411873143
570,4.75,0.023326467839295706,-0.21472962435754805,0.5,0.998985316364247,0.0010183158863266955,0.04497829934274278,0.002062355356285481,0.19920660090321357,-0.9060688068354564,0.0,-0.10250237308906542,0.03777548261299934,1.7588425108407482e-05,0.39251334588003833,0.3914588923714994,0.3906556251200612,0.3917129485677046,0.03590995024930255,-0.28701140476244447,0.4411115690333505,0.9217366422861524,-0.009672292405851204,0.03575685124670672,-0.38604333515239747,0.22996427823564272,-0.7902280028450503,-0.031921515854793636,-0.0006560583369357336,0.0003667972414720276,-1.64466154562874e-05,0.435063093187906,0.3865980671882812,0.4175368171147742,0.3821240960731143
571,4.758333333333333,0.02501888713394329,-0.22228771795685365,0.5,0.9989786682861933,0.0005896628060369525,0.04513245413791311,0.002081871852006446,0.20660167314325825,-0.9061802021841877,0.0,-0.10330213003088157,0.036713532805181956,1.761326864970804e-05,0.3925256778668614,0.3914559706241079,0.39066406642474333,0.3917366230719174,0.03746362937024026,-0.29212481382746436,0.44105617439935735,0.9217053290388039,-0.009888233726549137,0.035693625619790274,-0.3861184719038364,0.22883333334792824,-0.788219483659347,0.013756909646428506,6.812874996222989e-05,-0.00020261789870791163,0.0002191740987618968,0.4402959047559138,0.3911073132848043,0.42476143462994276,0.39010256881308103
572,4.766666666666667,0.026773083115337215,-0.22984640143185575,0.5,0.9989720148303042,0.00015771370064001264,0.04528214067529758,0.0021015347091599777,0.21402159759051198,-0.9062207555661805,0.0,-0.10409034262879892,0.035636420108422766,1.763651472967264e-05,0.392537818904606,0.3914529748252505,0.39067271580672447,0.3917603858915726,0.03899269522286293,-0.2973318417356459,0.4409704488109992,0.9217218899989681,-0.010669290682362095,0.03548642203699543,-0.38607724302796936,0.2382286103933283,-0.7817626954692347,-0.03342882721995011,-0.000423885660544542,0.0002483960856504003,7.84857588409865e-05,0.43245914221574216,0.3852679893584645,0.417730845214472,0.3810857097819104
573,4.775,0.0285892592459156,-0.23740508155387285,0.5,0.9989653565943601,-0.0002774824595376509,0.04542729605550892,0.002121344119397189,0.22146563212777742,-0.9061899279860053,0.0,-0.10486672931561046,0.03454426536086718,1.7658142618203962e-05,0.3925497657501163,0.391449907112747,0.39068157460508884,0.39178423298294807,0.0405718572132156,-0.30252319468661704,0.4408065056488333,0.9217210525249476,-0.011583668047242831,0.03542774405638503,-0.386058279172911,0.23664646441343973,-0.7635757463703818,-0.018064404398115963,-0.0002131222182608185,8.985544330590614e-05,0.00015947481889499576,0.43874300968919505,0.3923342282374293,0.42714757143792237,0.3896942612901295
574,4.783333333333333,0.030467612749700668,-0.2449631606440763,0.5,0.9989586941820728,-0.0007158755304718091,0.045567857898579825,0.0021413002609503747,0.22893302427198356,-0.9060871886174948,0.0,-0.10563100938025649,0.033437194779679665,1.7678131758467122e-05,0.3925615151981606,0.3914467696730471,0.39069064410039267,0.3918081602359835,0.042193492862803605,-0.30768085037079956,0.44078208255833257,0.9217317428313271,-0.012246414175316887,0.035135883908531736,-0.38603897375645574,0.25122616080291843,-0.776781919706987,-0.02255132960040096,-0.000724755912696309,3.416170117097281e-06,8.579187036915325e-05,0.43339170769578506,0.39107009650634644,0.42776706982776,0.38622365883352433
575,4.791666666666667,0.032408334526368154,-0.2525200366425666,0.5,0.9989520282030004,-0.0011574141982966983,0.04570376436648102,0.0021614032984636163,0.23642301126100304,-0.9059120149983516,0.0,-0.10638290307435189,0.03231533996922427,1.7696461776709957e-05,0.39257306408299975,0.39144356474062864,0.3906999255133616,0.39183216347515853,0.04384673960830993,-0.3128873734449662,0.44070111837446885,0.921715836406978,-0.01284134320195891,0.03496550057306282,-0.38607308970068066,0.2431209664585307,-0.7890582861956597,0.00903158624083189,-0.0007105313140969746,-0.0001487969787069475,-0.00011912742618227628,0.43509814392797896,0.39074259374158843,0.4274114095717998,0.3878791439003173
576,4.8,0.03441160906605811,-0.26007510317906424,0.5,0.9989453592724586,-0.0016020459836088902,0.04583495418566825,0.0021816533828249276,0.2439348201442171,-0.9056638932241164,0.0,-0.10712213171941705,0.03117883792702864,1.7713112491163883e-05,0.39258440927993143,0.39144029459739604,0.390709420003581,0.3918562384604067,0.045487062401077534,-0.3180640134657447,0.4405626905398342,0.9217398081463811,-0.013461812435398218,0.03479902405616894,-0.3860097584374847,0.25383472475031255,-0.7822000515178784,-0.02763407539799756,-0.0005318346827319381,0.0002879643366981453,-0.00013887672864494624,0.43121633245069135,0.3880595381609762,0.4213258681014122,0.38051703060041964
577,4.808333333333334,0.03647761436496111,-0.26762774964521796,0.5,0.9989386880114312,-0.0020497172462220236,0.04596136666964881,0.002202050650999994,0.25146766787684155,-0.9053423181414231,0.0,-0.10784841781475123,0.030027831047597518,1.772806392027343e-05,0.39259554770682364,0.3914369615720342,0.39071912866823605,0.39188038088805877,0.04717597841528909,-0.32324035205000484,0.44057038368416007,0.9217679111874633,-0.013978169951036613,0.03450121366412601,-0.38595102658967395,0.2674414845777524,-0.7691698214218001,-0.01839531653166082,-0.0004930229977867599,0.00022409608309703882,0.0002476367626337842,0.4358590086730506,0.39341244813936793,0.428850172289425,0.3873564186302308
578,4.816666666666666,0.03860652184170865,-0.27517736126851533,0.5,0.9989320150464771,-0.002500373190374557,0.046082941741559025,0.002222595225867596,0.2590207614180095,-0.9049467935404648,0.0,-0.1085614851458691,0.028862467124004417,1.774129629229272e-05,0.39260647632566065,0.3914335680393165,0.3907290525408346,0.391904586391845,0.04885509612288206,-0.3284114844262068,0.44046616187412857,0.9217432247072957,-0.014581426245953493,0.03428206246172481,-0.386007188933315,0.2884204065511556,-0.7742360137926008,0.005125623985879901,-0.00042685953408549797,-0.00019565119702714902,8.377924455574664e-05,0.43215125784472874,0.39125877022324274,0.42930959029173826,0.3863367577239512
579,4.825,0.04079849625459986,-0.2827233191877938,0.5,0.9989253410096365,-0.002953957870393094,0.046199619956742544,0.002243287216056769,0.26659329783261726,-0.9044768323465974,0.0,-0.10926105889351251,0.027682899347192348,1.7752790053469913e-05,0.392617192144071,0.3914301164194037,0.39073919258995843,0.3919288505439154,0.060550158264691525,-0.36195018846363997,0.4398793988539468,0.9218083389400215,-0.01862785040571137,0.03314015362594844,-0.3857772928355808,0.27980822775244135,-0.7706050605639503,-0.01875022210720556,-6.52696438557644e-05,0.00022229139607516567,8.523525173147038e-05,0.42831110822411533,0.38575982488817806,0.4251091193196733,0.3837474668307459
580,4.833333333333333,0.043053695619697185,-0.29026500053034443,0.5,0.998918666538334,-0.0034104141968135343,0.04631134252532045,0.0022641267157857974,0.27418446439693533,-0.9039319568109994,0.0,-0.10994686574314302,0.02648928630307326,1.7762525877347904e-05,0.3926276922168417,0.39142660917709104,0.3907495497180437,0.39195316885590753,0.06241104523520594,-0.36708662381612867,0.43976943387224304,0.9217596628088469,-0.018839149588358126,0.03311866460750875,-0.3858851701166083,0.27262285520011226,-0.775222534973713,-0.013488103290604236,-0.0003630463963399197,-1.7167135429553653e-05,0.00021658951631336318,0.4335720926081377,0.38973875168471794,0.42812200006726403,0.3880726995334833
581,4.841666666666667,0.04537227112982012,-0.29780177849059664,0.5,0.9989119922752786,-0.0038696839429618103,0.04641805133474362,0.0022851138047030877,0.2817934387079794,-0.9033116987003178,0.0,-0.11061863399487505,0.02528179196728318,1.7770484673566324e-05,0.3926379736474366,0.39142304882103174,0.39076012476015304,0.391977536780059,0.06431325697073209,-0.3723034630529654,0.43968368037307903,0.9217983601344544,-0.019796979652842273,0.03289236816224875,-0.3857641182986499,0.2963816228096647,-0.7478691015934069,-0.005726706585507113,0.0008726890072411735,-0.00046356228434273663,-0.00031168702501074163,0.43339986083686555,0.39105646920541604,0.427088639948511,0.38553652731914395
582,4.85,0.04775436707447056,-0.3053330224103803,0.5,0.998905318868363,-0.004331707751996131,0.04651968897231724,0.002306248547730018,0.2894193887966425,-0.9026155994852172,0.0,-0.11127609367382468,0.024060585697651515,1.7776647596259333e-05,0.39264803358948874,0.39141943790293676,0.390770918482794,0.3920019497103364,0.06624566041055074,-0.3773767942534143,0.43967723873832526,0.9218047970261921,-0.018768721737494456,0.03311590938236365,-0.3857810101723783,0.2941819913106075,-0.7713507437094147,-0.041059652301933536,-0.0014670100642391307,0.00013490177851466017,-0.0001649943681331209,0.4276874728290643,0.38760660325922874,0.4297756480590481,0.38593661806400353
583,4.858333333333333,0.050200120760719225,-0.3128580978607516,0.5,0.9988986469705613,-0.004796425144412288,0.046616198747688575,0.0023275309949058213,0.2970614732445833,-0.9018432105277592,0.0,-0.11191897664079457,0.022825842224359325,1.778099605325833e-05,0.3926578692482993,0.3914157790167147,0.3907819315827408,0.39202640298362745,0.0721718720242983,-0.39270514906340864,0.4394002568606259,0.921788291222667,-0.0196792131922115,0.03272641683108305,-0.3858083155847335,0.28251940561816874,-0.7677511340360987,-0.014551152537550793,1.636858117208162e-05,8.988868409015199e-05,0.0002163345308262185,0.4375390652294072,0.3944623309469338,0.43200834115971737,0.39113793735064395
584,4.866666666666667,0.05270966243508557,-0.32037636672537273,0.5,0.998891977239821,-0.005263774526013244,0.046707524715287205,0.0023489611812345782,0.30471884130486354,-0.9009940932675328,0.0,-0.11254701670324857,0.021577741637689867,1.7783511715010157e-05,0.3926674778823141,0.39141207479760726,0.3907931646858765,0.3920508918809582,0.07421692037689294,-0.397859404950506,0.43934480681505755,0.9217377036908682,-0.019422093682455344,0.03282073303168975,-0.38593417489895576,0.28872155118344484,-0.7585205682291429,-0.008817672583094627,-9.872386916975029e-05,0.0002073462195247984,0.00012250861527172405,0.43402636333042854,0.3926555665074858,0.4272774722160919,0.3847336652985057
585,4.875,0.055283115206442246,-0.32788718728543764,0.5,0.9988853103389586,-0.0057336931963442245,0.04679361169670853,0.0023705391265343976,0.31239063302632825,-0.9000678194064565,0.0,-0.1131599497265521,0.020316469373473124,1.7784176523043434e-05,0.3926768568045813,0.39140832792128866,0.390804618346067,0.3920754116287395,0.07626301096007407,-0.4029272905661991,0.43925058756917723,0.9217444605138795,-0.019835026759466377,0.03275804489292264,-0.38590236034549186,0.31413511908267716,-0.7605446949602523,-0.006312951095110986,0.000339258846815265,-0.00020103678605930798,0.00016678916155893589,0.43219181489397857,0.3920322107786895,0.4272790071553163,0.3834928836846016
586,4.883333333333333,0.05792059496997437,-0.33538991430612963,0.5,0.9988786469355467,-0.006206117357594282,0.046874405303030345,0.0023922648352888475,0.3200759793817211,-0.899063971092179,0.0,-0.11375751374538585,0.01904221619611477,1.7782972698778335e-05,0.39268600338420656,0.39140454110292106,0.39081629304405036,0.3920999574000677,0.07837296499068114,-0.4080395264750075,0.4391882571995317,0.9217717366235256,-0.01988942175161435,0.03271336580730323,-0.3858381942757789,0.31929182185329447,-0.7586792918188812,0.018842439575983416,0.00010530905857159151,4.928921852257678e-07,-1.2385667902232376e-05,0.4316029999267513,0.3892006416785553,0.4266415652034674,0.3851219486807522
587,4.891666666666667,0.06062221033222637,-0.3428838991245986,0.5,0.9988719877018052,-0.006680982123964797,0.04694985195705235,0.002414138296500713,0.3277740023995205,-0.8979821410999929,0.0,-0.11433944907530712,0.017755178179237333,1.777988275209353e-05,0.3926949150477916,0.39140071709618585,0.39082818918635104,0.3921245243160462,0.08046707173547066,-0.41315280841751795,0.4391871671703004,0.9217221983064064,-0.020161661410268254,0.03284059937835702,-0.38593158926272625,0.3171560357044731,-0.7689653576003264,-0.03306312226879493,0.00013258693953595936,0.00018481097188131679,-0.00029666462610691954,0.42743374687129704,0.38571624627600865,0.42260063572262474,0.38036308961876353
588,4.9,0.06338806253726492,-0.3503684897394479,0.5,0.9988653333144852,-0.00715822153150568,0.047019898915448784,0.002436159483548153,0.3354838152994881,-0.8968219330131909,0.0,-0.1149054984243993,0.016455556683899704,1.777488949047598e-05,0.3927035892808556,0.3913968586922825,0.39084030710421735,0.39214910744715453,0.08258391377973799,-0.41827387569128577,0.43903626945346974,0.9216954149231679,-0.0203587698129498,0.032932130683775304,-0.3859774052583124,0.3222749764277513,-0.7758265975795486,0.01730311830133724,-0.000705472594768338,0.00030278879121320613,-5.043962248526626e-05,0.43738843944419914,0.3950588417710037,0.43022983399524306,0.38850992911118215
589,4.908333333333333,0.06621824539399179,-0.35784303090171354,0.5,0.998858684454754,-0.007637768548419207,0.04708449429082356,0.002458328354043326,0.34320452263191314,-0.8955829614017798,0.0,-0.11545540700494754,0.015143558334393325,1.7767976027285165e-05,0.39271202362922925,0.39139296871890733,0.3908526470525856,0.3921737018146438,0.08805609359976709,-0.43098936737650806,0.43898648767881016,0.9217349137380726,-0.02007741464995272,0.03330229305986371,-0.3858660434583447,0.3332949974328897,-0.7660990544849366,-0.012309304967167423,-0.00011831306121505115,-0.0003242175149513835,-0.0002561727578628855,0.4300869821553342,0.3875850597535231,0.4210410485610846,0.37950999195332574
590,4.916666666666667,0.06911284520463479,-0.36530686420732605,0.5,0.9988520418080779,-0.008119555085831783,0.04714358707365835,0.0024806448496935553,0.35093522042053704,-0.8942648519994787,0.0,-0.11598892264510006,0.013819394991620682,1.775912579005546e-05,0.39272021570045,0.39138905003918156,0.39086520920907225,0.3921983023919745,0.09358938058347138,-0.44373677756844737,0.43888450368140686,0.9217228766522215,-0.01942452220345963,0.033459186242041895,-0.38591464010729326,0.33995811663892067,-0.7509859270417085,0.007818077191135142,0.002108079803213487,0.00010354424214349362,0.00028589646270744864,0.4353060164580726,0.39110108645318076,0.4254684695668456,0.38564767331083927
591,4.925,0.07207194069444822,-0.37275932819103574,0.5,0.9988454060641017,-0.00860351200903317,0.04719712715414277,0.0025031088961651017,0.35867499630914246,-0.892867241878918,0.0,-0.11650579590043879,0.012483283723987127,1.7748322529657218e-05,0.3927281631651316,0.3913851055505571,0.3908779936729865,0.3922229041062898,0.09587167102247857,-0.4487665312162166,0.43886849222101165,0.9217046910201886,-0.019284332967997083,0.0337269347068042,-0.3859417973330189,0.3464698135080699,-0.746254684236608,-0.007461652565471377,0.0005517488655361568,0.00013575074979687053,1.7340761404161722e-05,0.4321909859219091,0.3877935614111718,0.421804493672894,0.3822645393383592
592,4.933333333333334,0.07509560294265372,-0.3801997584217891,0.5,0.998838777916527,-0.009089569149182858,0.04724506534387662,0.002525720402949619,0.3664229297117839,-0.8913897796249662,0.0,-0.11700578016542691,0.011135446775861048,1.773555032838492e-05,0.39273586375830316,0.39138113818370834,0.390891000464378,0.39224750183991075,0.09823858658565783,-0.4538094823112834,0.438821377474104,0.9217364162729884,-0.018995604118661403,0.03386691444947661,-0.3858680837359668,0.3570676581797577,-0.7688176198160035,0.012527828966962806,0.0001411699767322224,4.3938259752125955e-05,0.00018588760366247467,0.4343815352195131,0.39016132600194875,0.4247410209374189,0.38496874617924876
593,4.941666666666666,0.07818389531465186,-0.3876274875995396,0.5,0.9988321580629895,-0.009577655315482861,0.04728735339743391,0.002548479263233356,0.3741780919666443,-0.8898321255061005,0.0,-0.11748863178466817,0.00977611153357878,1.772079360839486e-05,0.3927433152807418,0.39137715090137637,0.3909042295231111,0.3922720904318786,0.10056029293420357,-0.4588826152321369,0.43888461770205767,0.9216955720655782,-0.019082664835298076,0.03398576324039737,-0.385950893553128,0.33395857026658343,-0.7679544602310129,-0.0017197082668063413,-0.00047100128102410267,0.0001528667332026611,-0.00018495753503988205,0.4344332805883338,0.3867318992580857,0.41813899194220566,0.381860293576167
594,4.95,0.0813368733955333,-0.395041845653477,0.5,0.9988255472049326,-0.010067698307816038,0.04732394403377832,0.002571385353769178,0.38193954649348943,-0.8881939516437473,0.0,-0.11795411016391044,0.008405510488955837,1.7704037139958106e-05,0.39275051560027935,0.3913731466971805,0.39091768070796423,0.3922966646795313,0.10284078086673186,-0.4639070940249976,0.43882694145066825,0.9216353249070611,-0.01904317885603575,0.03422440148624591,-0.386075608612382,0.35760036688550906,-0.7549382393159498,-0.028923957230925224,0.00019431499351568485,0.0003878364189270586,0.00010425373342860574,0.4371978262164894,0.39326583680974536,0.420931241417886,0.3807927294804844
595,4.958333333333333,0.08455458492492052,-0.4024421598416541,0.5,0.9988189460474806,-0.01055962492984867,0.04735479095751949,0.0025944385347514707,0.3897063489546992,-0.8864749421795124,0.0,-0.1184019778807472,0.007023881200325541,1.7685266049989254e-05,0.3927574626530879,0.39136912859441875,0.39093135379576516,0.3923212193401007,0.10532245115412009,-0.4689079424075153,0.43878635083258655,0.9217009474353461,-0.018638182339312144,0.034466010891635014,-0.3859171876829141,0.3788497608838537,-0.7663084175079382,0.011467927603320272,0.0005543884288909722,0.0002661202607892518,0.00010612509089916517,0.43998761637955214,0.3951828940750858,0.42671854466859194,0.3874810856558191
596,4.966666666666667,0.08783706973316974,-0.4098277548519986,0.5,0.9988123552993096,-0.011053361002595997,0.047379848879999985,0.0026176386496940037,0.3974775474198482,-0.8846747934402219,0.0,-0.11883200079496946,0.005631466251112882,1.7664465829921212e-05,0.39276415444493623,0.39136509964482863,0.39094524848055856,0.3923457491323492,0.1162979029080696,-0.4911813285257703,0.4390846782781893,0.9218345767388242,-0.016823164757477367,0.035660988164979895,-0.38557267561303266,0.37323837642768837,-0.7653136787477588,0.000919398084381351,-0.0006528523224659206,0.00013856015534332618,-0.00011447500305400603,0.4353912070444857,0.38707707909731837,0.41768477678919524,0.3819696724178591
597,4.975,0.09118435967896188,-0.417197952904687,0.5,0.9988057756725167,-0.011548831378449056,0.04739907354020246,0.0026409855253108068,0.4052521825338077,-0.882793214100699,0.0,-0.11924394815847793,0.004228513205913524,1.764162234434586e-05,0.39277058905243173,0.39136106292731937,0.39095936437279843,0.3923702487382427,0.12016047279133281,-0.4986773781799324,0.439192534263329,0.9218239617814805,-0.01667399102357305,0.03575500026555226,-0.38559582656565633,0.3846568870600975,-0.743292255761896,-0.01304431657449534,0.0005971743997858701,0.00042156757507720273,0.00010733005320052002,0.4417061782416735,0.38871749047167997,0.41479299191349084,0.3837899637912523
598,4.983333333333333,0.09459647858831155,-0.424552073855863,0.5,0.9987992078824872,-0.012045959955660754,0.04741242172546652,0.0026644789714001405,0.4130292876883387,-0.8808299253441954,0.0,-0.11963759272473994,0.00281527456408549,1.7616721838539275e-05,0.3927767646242304,0.39135702154668894,0.3909737009985733,0.39239471280464544,0.12269496281827484,-0.5036847542508078,0.4393372823590157,0.9218043194931665,-0.01689250323664143,0.03585514485278406,-0.38562397291367406,0.3725044230288854,-0.7601485309059575,0.02910529971686948,0.0003170800586515377,-4.6315267268173365e-05,8.61853585865587e-05,0.44183923523616075,0.39025798118034605,0.41889124639170605,0.38654337381003945
599,4.991666666666667,0.09807344219502523,-0.43188943530268187,0.5,0.998792652647761,-0.012544669693289406,0.04741985129200496,0.002688118780731614,0.42080788919714746,-0.8787846610204028,0.0,-0.12001271085770329,0.0013920077108735673,1.7589750946394624e-05,0.39278267938222194,0.3913529786322974,0.39098825779887564,0.39241913594505184,0.12529622109822386,-0.5086153259289439,0.4394081952168134,0.9217768162598636,-0.01720857752342504,0.03592941939348175,-0.38566882514340933,0.3825592463428312,-0.7379837896355546,0.02261242847317879,-0.0008460424111883158,0.00012887690905711077,-6.830699591760158e-05,0.43752964563394475,0.3863732497823457,0.40982913441035196,0.3770064998315056
600,5.0,0.10161525808263328,-0.43920935268965566,0.5,0.9987861106898959,-0.013044882626596912,0.04742132118520894,0.0027119047289365246,0.4285870064743657,-0.8766571678009674,0.0,-0.1203690826401055,-4.10251339671234e-05,1.7560696698413168e-05,0.3927883316226932,0.3913489373367191,0.3910030341289008,0.39244351274134687,0.12922167600643344,-0.5160312206436092,0.4395450444405781,0.9217795993618988,-0.01707157866834229,0.03635853702740302,-0.3856280438287846,0.3695165655168309,-0.7400018837739553,0.03291308185237041,-0.00037904833083247474,0.000330107826015944,0.00019480533696625326,0.43556030186959976,0.38693011409011296,0.4137965556122173,0.3784240111094401
601,5.008333333333333,0.10522192562782862,-0.44651113941628484,0.5,0.9987795827333299,-0.013546519882899273,0.04741679145973152,0.002735836574401469,0.43636565221642365,-0.8744472053324275,0.0,-0.12070649198113792,-0.001483556970009391,1.7529546529738635e-05,0.3927937197174573,0.3913449008343826,0.3910180292573766,0.3924678377455837,0.13600312489768315,-0.5283775344338281,0.43979963594398525,0.9217365300624634,-0.017704570303224552,0.03655286789047234,-0.38568407432478913,0.40226205411629246,-0.7457967941230326,-0.00891232942111242,-0.0007882116591474396,0.0006678935730152269,0.00010700308988472335,0.4353592693926468,0.3877372657412654,0.41110442799602614,0.3747318419932636
602,5.016666666666667,0.10889343594543555,-0.4537941069459457,0.5,0.9987730695052436,-0.014049501697866356,0.047406223299339655,0.0027599140581653163,0.44414283258727744,-0.8721545463865049,0.0,-0.12102472672341175,-0.002935316072464836,1.749628828776051e-05,0.3927988421149604,0.39134087232017595,0.3910332423659235,0.3924921054818111,0.1386650274808928,-0.5332662549467935,0.4399733784997843,0.9217455255899727,-0.018174453890023163,0.036519725535371514,-0.38564385762966025,0.39576985931232267,-0.7368765987487147,0.015053706364320796,-2.884161164578354e-05,9.775554833446216e-05,0.00024418969756007173,0.4435196123134849,0.3895655619431382,0.41593102633788787,0.3858045427224804
603,5.025,0.11262977183494205,-0.4610575649160231,0.5,0.9987665717354178,-0.014553747432268066,0.04738957903652363,0.0027841369038195743,0.4519175474069559,-0.8697789770076653,0.0,-0.12132357874913967,-0.00439602605097889,1.7460910238952312e-05,0.39280369734135306,0.39133685500801535,0.3910486725484651,0.3925163104479213,0.144099537518759,-0.5430402160055209,0.44033899002958315,0.9217727384173151,-0.018724729140563917,0.03633044570347686,-0.38557035926565114,0.39903956751388137,-0.7408654009608107,0.01743707476697387,-0.0009850812023495293,0.00037187965255237426,9.572020424415476e-05,0.43870537972903206,0.38794302628533905,0.41306648647806393,0.37986190777043227
604,5.033333333333333,0.11643090772861675,-0.4683008212492519,0.5,0.9987600901560921,-0.015059175589163143,0.04736682217185412,0.002808504817412228,0.45968879034337995,-0.8673202966578808,0.0,-0.1216028440854753,-0.0058654059108779084,1.742340107694588e-05,0.392808284001535,0.3913328521294072,0.39106431881068016,0.3925404471175088,0.14828586777065178,-0.5503471886249225,0.44040688085109525,0.9217555595731006,-0.020450277743129897,0.03605850704818832,-0.38554929465084603,0.4239458780375266,-0.734694682140824,-0.02457951811120629,-0.0002948542539604139,0.0004499666334316451,-0.00011685057953102248,0.4393505756452432,0.38757109958708574,0.41159534145105026,0.37933690990855057
605,5.041666666666667,0.12029680964124312,-0.4755231822662538,0.5,0.998753625501821,-0.015565703831527306,0.047337917393076176,0.0028330174873551087,0.46745554910741843,-0.8647783183585149,0.0,-0.12186232300898397,-0.007343170116843645,1.738374992985882e-05,0.3928126007801732,0.39132886693198526,0.39108018006947115,0.39256450994176917,0.1511088458741419,-0.5551738252064062,0.4405614089236105,0.9217399801084937,-0.02101820242002777,0.03603401221218963,-0.385558288979133,0.4175171496397706,-0.753276135268055,0.019440878090792868,0.000958801747856647,0.0001292640626997771,-0.00012734728334422356,0.4445370539582676,0.3911811423860777,0.4198333572682129,0.38911279711203783
606,5.05,0.12422743512149315,-0.4827239527992384,0.5,0.9987471785093291,-0.016073249000316675,0.04730283059393051,0.0028576745843348524,0.47521680565113256,-0.862152868829259,0.0,-0.12210182014916152,-0.008829028659066124,1.7341946367762512e-05,0.3928166464426828,0.39132490267802367,0.39109625515247404,0.3925884933514278,0.1540413567916337,-0.5601044572448922,0.440669063225749,0.9217351373408489,-0.022095170197786323,0.03585005414855705,-0.38552680018738367,0.4408702545867199,-0.7308814365215244,0.027260462578332367,-0.00025239556216733036,0.00010208491542547188,-7.918241361737355e-05,0.4400814724311147,0.38635439701502544,0.4102388571489609,0.37988953057376984
607,5.058333333333334,0.1282227332049709,-0.4899024363068514,0.5,0.9987407499173643,-0.016581727132962507,0.04726152889269082,0.0028824757612275083,0.4829715363691682,-0.8594437886240431,0.0,-0.12232114459095311,-0.010322687121798553,1.7297980408467403e-05,0.3928204198361697,0.3913209626429227,0.3911125427976341,0.39261239175868234,0.15688456718785193,-0.5650136754435474,0.44075948491960987,0.9217598980186771,-0.022900401371968075,0.03596184611533124,-0.38541018103519015,0.43509840548656975,-0.7452516107498863,-0.004917984822400134,-0.001310387384310565,0.00042471329816418026,-0.00014177360227867207,0.43501357067348256,0.3827613769761606,0.4121233404569179,0.38031357489624046
608,5.066666666666666,0.1322826443689492,-0.4970579349901343,0.5,0.9987343404665501,-0.0170910534822928,0.047213980650408265,0.002907420653016846,0.49071871230324277,-0.8566509322638531,0.0,-0.1225201099761701,-0.011823846754322334,1.7251842525960702e-05,0.39282391989035675,0.39131705011366613,0.3911290416528007,0.39263619955917445,0.1613110549995367,-0.5722261853363915,0.44084248140127796,0.9216538571625359,-0.023670363469848722,0.03574431484836646,-0.3856374274193911,0.4231440784827678,-0.7197101265766892,0.004526834044615846,-0.00014566897561075972,9.47520063288685e-05,3.89039472007275e-05,0.44214924637570385,0.3892938917865841,0.41620059065820575,0.38497862137867117
609,5.075,0.13640710048882487,-0.5041897499095767,0.5,0.9987279508992362,-0.017601142535875924,0.04716015548885182,0.0029325088767164307,0.4984572993496811,-0.8537741683663779,0.0,-0.12269853460381838,-0.013332204544346117,1.7203523656724243e-05,0.39282714561846227,0.39131316838728997,0.39114575027535337,0.3926599111339792,0.16900966624711528,-0.5842692378540123,0.44141375837942387,0.9217095589915058,-0.024169953905312277,0.034720304664245194,-0.38556685884022895,0.4548614028021064,-0.7165263032792524,0.0025930680634389525,0.0002893799527383205,-0.0006420463006069063,-0.0003129206187391989,0.4376794649505193,0.39034675719108153,0.4178767664792409,0.3811344459040215
610,5.083333333333333,0.14059602479632005,-0.5112971811032334,0.5,0.9987215819593485,-0.018111908035781932,0.047100024308135355,0.0029577400312955156,0.50618625846995,-0.8508133797724187,0.0,-0.12285624152923555,-0.01484745329373367,1.71530152061998e-05,0.39283009611804565,0.3913093207693032,0.3911626671318886,0.39268352085162267,0.17361587491244512,-0.5914018212820626,0.4415208407289544,0.9216721623998217,-0.025037327380704685,0.0345821367771783,-0.38561332071233295,0.4215534752195743,-0.7256582685044921,0.0119203921609079,-0.0010402643720634186,0.00041180974561721756,-0.00032314428999150903,0.4379084042790159,0.38686162213135533,0.41729109563104105,0.38416000305358944
611,5.091666666666667,0.1448493318394518,-0.5183795277058769,0.5,0.9987152343922373,-0.018623262998755895,0.04703355930402102,0.0029831136976088053,0.5139045459041377,-0.8477684636689872,0.0,-0.12299305866197041,-0.01636928169665018,1.7100309055309917e-05,0.39283277057181926,0.3913055105720927,0.3911797905979435,0.3927070230701188,0.17818749499953154,-0.5985695459848067,0.44167293729839474,0.9217042082105844,-0.026099593075176203,0.03440963163535534,-0.3854817000311804,0.4524539510630782,-0.7161516509661792,-0.002310020670431845,-0.0010091072858085977,0.00016147545709951577,0.000281093375473306,0.43833091151932985,0.3907399383057763,0.41497404115040204,0.37838634067897164
612,5.1,0.14916692744429594,-0.5254360880691582,0.5,0.9987089089445241,-0.019135119736798288,0.046960733984889036,0.0030086294383301405,0.5216111133873239,-0.8446393317090258,0.0,-0.12310881886236663,-0.017897374420007644,1.704539756709842e-05,0.39283516824842757,0.39130174111332255,0.3911971189577596,0.3927304121390168,0.18136259529417958,-0.6033182436409535,0.441737849412755,0.9216653258430181,-0.02692577120127959,0.03418241210723601,-0.3855380560806301,0.4548029678429516,-0.7320521532577451,-0.0055271698421954785,-0.0006416005411497981,0.00012408433948317215,-6.074772358317893e-05,0.43878498038079017,0.389271003648269,0.4184102127001639,0.3838376437626318
613,5.108333333333333,0.1535487086785673,-0.5324661598827469,0.5,0.998702606363948,-0.0196473898781465,0.04688152318836461,0.003034286797890166,0.5293049083687846,-0.8414259101276786,0.0,-0.12320336003679351,-0.019431412186263323,1.6988273593144566e-05,0.3928372885031881,0.39129801571430206,0.39121465040407927,0.3927536824014879,0.18603624322642223,-0.6104403326620956,0.441955979151681,0.9216596029822953,-0.027592190925650593,0.03432496205573468,-0.3854919509021071,0.4785737565924375,-0.7066579260850081,0.042090223069074506,-0.00019245195926734845,-0.00016788066855786258,5.517112030747383e-05,0.4413950931434475,0.39054407231504723,0.41729343492931253,0.38396464112246226
614,5.116666666666667,0.1579945638170419,-0.5394690402964257,0.5,0.9986963273992109,-0.020159984388652033,0.04679590309759146,0.003060085302418027,0.5369848742339771,-0.8381281398550474,0.0,-0.12327652523144952,-0.02097107185852453,1.692893047933186e-05,0.3928391307787906,0.3912943376983543,0.3912323830380011,0.3927768281964081,0.19399422489380472,-0.6222064425135331,0.4420158679316028,0.9216273122617138,-0.030008284475652375,0.03393842092995674,-0.38542286354192706,0.46736996552320387,-0.7141238507859082,0.023926431982229657,-0.00039999879537750863,0.00020715536389136286,-0.0002058552716624472,0.43046123958392074,0.38036110331407696,0.41164081342588965,0.3776265483402411
615,5.125,0.1625043723088414,-0.5464440260431,0.5,0.9986900727998208,-0.020672813593546745,0.046703851257143096,0.0030860244596871375,0.5446499505292394,-0.8347459766253648,0.0,-0.12332816272470273,-0.022516026527896353,1.6867362072072248e-05,0.39284069460595344,0.39129071038916396,0.39125031486887224,0.39279984386046984,0.19735321008106524,-0.6268114955850118,0.44190716064331986,0.9215800468966869,-0.0312974205864498,0.03358978565216997,-0.3854638957494935,0.4858129142601364,-0.6942891711508081,-0.042168163264055813,-0.0024038960180871732,0.00024271441693340107,0.00018288419407892813,0.4344135665261014,0.3845051023236555,0.41431979735356356,0.3800302073264179
616,5.133333333333333,0.1670780047466056,-0.5533904135627075,0.5,0.9986838433159346,-0.021185787199592482,0.04660534658856187,0.0031121037590650814,0.552299073189153,-0.8312793910825171,0.0,-0.12335812611788582,-0.024065945603109297,1.6803562723134713e-05,0.3928419796040529,0.39128713710908636,0.3912684438142343,0.3928227237303131,0.20228237789408404,-0.6338560916393255,0.441969572949894,0.9216318006815643,-0.032866245988450296,0.033370417437637946,-0.3852285673299968,0.49049879603489666,-0.699039018368286,0.04478179388215375,-3.772307481591559e-05,2.7534579392117503e-05,8.783812596605673e-05,0.4415044692355175,0.39298119332916137,0.4287137816707804,0.39312943103884346
617,5.141666666666667,0.17171532283756952,-0.5603074991269779,0.5,0.9986776396982012,-0.021698814317606802,0.046500369405516814,0.0031383226714676773,0.5599311747664951,-0.8277283688818587,0.0,-0.12336627442448142,-0.02562049490236252,1.6737527297116736e-05,0.3928429854817175,0.39128362117747434,0.39128676769979376,0.392845462144661,0.20562855559921075,-0.6383838321985751,0.4420445094945782,0.9215927867709443,-0.03289861944152483,0.033239063026952564,-0.38533048270244186,0.4725059353079264,-0.6970148407548948,0.022197473248913857,-0.0012635875911584198,0.0003441334446475682,0.00018901698303185006,0.42808934779227775,0.37947475045372836,0.4135290928834471,0.3780248831230444
618,5.15,0.17641617937657128,-0.5671945789650286,0.5,0.9986714626976011,-0.02221180348535845,0.046388901428570516,0.0031646806493172736,0.567545184664725,-0.8240929107882452,0.0,-0.12335247215772034,-0.027179336747382835,1.6669251175543444e-05,0.392843712037361,0.39128016590899845,0.39130528425944233,0.3928680534464748,0.20899377416901996,-0.6429849737546468,0.4420626226609183,0.9215650187427276,-0.03361117219911456,0.03316834635256623,-0.38534149287788133,0.5133678527014712,-0.6690804359456903,0.014145049110947383,4.880836453524648e-05,-0.0002175393068918781,0.00013654733678778868,0.43211322029823596,0.3866658406349649,0.4177472200249374,0.3790594699154599
619,5.158333333333333,0.1811804182210115,-0.5740509493897581,0.5,0.9986653130652874,-0.022724662690825587,0.046270925799546204,0.0031911771265052988,0.5751400293729381,-0.8203730327702279,0.0,-0.12331658941642695,-0.028742130059603327,1.659873026212729e-05,0.39284415915968324,0.3912767746119216,0.39132399113535066,0.39289049198512027,0.21244560215308553,-0.6474829473309186,0.4420035158866182,0.9215539976261811,-0.03393717369468966,0.03304247255750574,-0.3853500910965347,0.5008355433286871,-0.6902172566979892,0.028306122301957615,-0.0017129247288052213,0.00010685689383856747,9.81829884543101e-05,0.42906276046030206,0.383026044312275,0.42217251783096416,0.3840999757918788
620,5.166666666666667,0.18600787426777832,-0.580875906924998,0.5,0.9986591915524248,-0.023237299395809055,0.04614642709548621,0.003217811518359117,0.582714632703213,-0.8165687660903509,0.0,-0.12325850196911957,-0.030308530458519112,1.652596098854122e-05,0.3928443268281461,0.3912734505863799,0.39134288587806804,0.3929127721185546,0.21581471813721584,-0.6520992424526921,0.4420903239200767,0.9215419138217709,-0.034870607120263575,0.03286794413713228,-0.3853105761291414,0.5300421663769067,-0.6818013832841974,-0.00688359833542207,-0.0011861819834791795,0.00013595579403771622,0.0006389287415852639,0.4302442394380002,0.3836565693618576,0.4173183497664211,0.3797106993251289
621,5.175,0.19089837343216653,-0.5876687484334062,0.5,0.9986530989100288,-0.023749620559893665,0.046015391342192305,0.003244583221613238,0.5902679160302952,-0.8126801573914842,0.0,-0.12317809133630878,-0.03187819036213945,1.6450940318704296e-05,0.39284421511338513,0.3912701971226554,0.3913619659466988,0.39293488821551287,0.2244096616344217,-0.6633523780406317,0.4421049256203186,0.9215315753452745,-0.03637270556688033,0.03254491353385139,-0.38522384471171556,0.5107954053608782,-0.6643864631127983,0.0103545585935505,-0.0005949882307503601,0.00011742767038307173,0.00015911169819871182,0.4341031874250209,0.38603475555666855,0.42435733743092396,0.38835572699339244
622,5.183333333333334,0.19585173262880262,-0.5944287712450511,0.5,0.998647035888803,-0.02426153266474935,0.045877806027339804,0.003271491614384903,0.5977987985335335,-0.8087072687791383,0.0,-0.12307524487090345,-0.033450759089486005,1.6373665754553998e-05,0.39284382417758995,0.39126701749944615,0.3913812287091033,0.3929568346577094,0.235019588374411,-0.6767911297974,0.4421326133368814,0.9214919968902155,-0.03883131945005466,0.03196239697403614,-0.38512729515930877,0.5039216216674219,-0.669557693052425,0.02302023635226136,-2.3364209751328623e-05,0.00012620476455047687,-5.798189649650584e-05,0.429955444522608,0.38596389897177114,0.4233465324093816,0.38317954156070516
623,5.191666666666666,0.20086775975459692,-0.6011552732866638,0.5,0.9986410032389759,-0.02477294173876442,0.04573366011315643,0.003298536056154105,0.605306197441008,-0.8046501778997038,0.0,-0.12294985583673998,-0.03502588296515174,1.6294135339141834e-05,0.39284315427484257,0.39126391498212376,0.391400671442157,0.39297860584204025,0.24043700310463187,-0.6833991537255593,0.4421899385935572,0.9214780683712837,-0.03947230068827313,0.03173284902413725,-0.3851144417986864,0.5234184658082175,-0.6739122873797854,-0.023268406369697514,-0.00041029361013460944,0.0002601975397778078,-3.3878061037047172e-06,0.42881616992615434,0.38451973541644535,0.42078783641664896,0.3808416157699933
624,5.2,0.20594625367374353,-0.6078475532115246,0.5,0.9986350017101389,-0.025283753382002918,0.04558294404865777,0.0033257158877480703,0.6127890282757736,-0.8005089780145532,0.0,-0.12280182348510542,-0.03660320542581533,1.6212347662474154e-05,0.3928422057514072,0.391260892820975,0.39142029133206263,0.39300019618280235,0.24409247962598318,-0.6878164314676494,0.4420726183043856,0.9215165811087915,-0.039960724169779124,0.031596765955097944,-0.38498308488369926,0.5324566860709895,-0.6759190151056749,0.01656403816454599,0.00048796524402288554,-6.677810305069373e-05,-9.924611475371102e-06,0.4368998298415577,0.38969611435664603,0.42779136652184424,0.39078485727344037
625,5.208333333333333,0.21108700420477866,-0.6145049105299396,0.5,0.9986290320510808,-0.025793872791477126,0.04542564978143091,0.0033530304313302344,0.6202462051041387,-0.7962837780699606,0.0,-0.12263105312925016,-0.03818236712875024,1.6128301864887055e-05,0.3928409790459799,0.3912579542494446,0.39144008547468834,0.39302160011392934,0.24779363026433535,-0.6922528763364492,0.442152657741287,0.9215594115974841,-0.04101745179975903,0.031039114107952265,-0.38481475145756466,0.5412283637523385,-0.6384637762243073,0.013754857816156152,0.00024683863906729364,-0.00017726617066001512,-0.0002450475280748089,0.43111526821482454,0.3835039517571812,0.4205410122167121,0.38396453835796424
626,5.216666666666667,0.216289792109721,-0.6211266457402835,0.5,0.9986230950096243,-0.026303204786727298,0.04526177076895805,0.0033804789903937532,0.6276766407859145,-0.7919747027627758,0.0,-0.12243745621680865,-0.0397630060622376,1.604199764102931e-05,0.3928394746898928,0.3912551024823734,0.39146005087597835,0.3930428120912084,0.25148621577819597,-0.6964558915425224,0.442134160630513,0.9215238967015698,-0.04046257904965613,0.031024464878536433,-0.38495969929799856,0.5222820496816993,-0.6333765283860537,0.06175568898117434,-0.0011365274469504717,-0.00041525189800540105,0.0001631359019796122,0.426011160260896,0.3836065913283826,0.4259079672129056,0.3841627424936694
627,5.225,0.22155438908530445,-0.6277120604605637,0.5,0.998617191332461,-0.02681165383569895,0.045091301989472386,0.003408060849759576,0.6350792472265419,-0.7875818926018064,0.0,-0.12222095040011,-0.04134475765784103,1.5953435244327532e-05,0.3928376933072754,0.39125234071424786,0.39148018445238725,0.39306382659450917,0.25532399030845215,-0.7007755190453666,0.4420073279745315,0.9215093789598485,-0.0409822174774875,0.030945861717731983,-0.38494580915007937,0.5709724516926251,-0.6491707922573253,-0.03564746677870434,-0.001074971592754163,7.755227224425996e-05,2.0299149069643416e-05,0.4189618871178189,0.37989302324478386,0.4178402161279803,0.37271804199741415
628,5.233333333333333,0.22688055775632343,-0.6342604575604776,0.5,0.9986113217649856,-0.027319124080909557,0.044914239952338286,0.003435775275579116,0.6424529356310347,-0.7831055039648563,0.0,-0.1219814596043279,-0.042927254904522934,1.586261548930032e-05,0.39283563561516927,0.39124967211741285,0.3915004830313883,0.3930846381300256,0.26463607757027535,-0.711488963097916,0.44227589859190786,0.9215538316892871,-0.042211381595019554,0.03009689596937273,-0.38477384450562846,0.5655227410719332,-0.6337159536525472,-0.004476676877029906,-0.00011637625118087968,-0.00014184045044634468,0.0001712672164170223,0.4360909400470502,0.3891211992453254,0.43214783577609794,0.39494025931759275
629,5.241666666666667,0.23226805167110076,-0.6407711412939197,0.5,0.9986054870511297,-0.02782551936589465,0.04473058270794829,0.003463621515341535,0.6497966167596438,-0.7785457091513717,0.0,-0.121718914093346,-0.0445101284645448,1.5769539757118888e-05,0.39283330242359876,0.3912470998403147,0.39152094335200444,0.3931052412325115,0.27039156490309635,-0.7178027276143966,0.4422397511754721,0.9215348909048279,-0.04283675987044279,0.02969644211448486,-0.3847812081879392,0.5834300601436027,-0.6398245975187233,0.00029597715786588985,-0.0008164540364379026,-0.00015231199613029346,-0.00019349066484307715,0.4298315655520517,0.38548302313611216,0.428077930495521,0.388290777284676
630,5.25,0.2377166152990947,-0.6472434174319055,0.5,0.9985996879331975,-0.028330743261924154,0.04454032985712958,0.0034915987978857,0.6571092011851689,-0.7739026964306474,0.0,-0.12143325053343838,-0.04609300679111634,1.5674209996543835e-05,0.3928306946355977,0.3912446270057409,0.39154156206538254,0.39312563046752014,0.2742503789129516,-0.7220246308980033,0.4422466519355297,0.9215331534955801,-0.043230426771663076,0.029504473651660243,-0.3847561087808356,0.5827721957763377,-0.6334469057317715,-0.017584966917633116,0.0006132518802968985,9.709809136447253e-05,-0.0001258722178748481,0.4300768284710003,0.38304815855304086,0.42619324086233595,0.38901496378116995
631,5.258333333333333,0.24322598403066054,-0.6536765933958764,0.5,0.9985939251516978,-0.02883469909497965,0.04434348256005254,0.003519706333416792,0.6643895995518353,-0.769176670085546,0.0,-0.12112441205456498,-0.047675516247736756,1.5576628727851684e-05,0.3928278132471839,0.39124225670902485,0.391562335735466,0.3931458004336403,0.27811719350291775,-0.726165333758009,0.4421283231499606,0.9215749765078264,-0.04316323738923772,0.02937065507722196,-0.38467370878838925,0.5884616200295401,-0.6376600944891453,0.027317060322024078,-0.0008617274618358282,-0.00011005501075255504,-0.0002013880167664917,0.43252107407811174,0.3870778262846936,0.4298627833481196,0.39111740959081615
632,5.266666666666667,0.24879588417897291,-0.6600699783913437,0.5,0.9985881994451782,-0.029337289972981836,0.04414004354463459,0.003547943313527636,0.6716367228356465,-0.7643678504516886,0.0,-0.12079234830930273,-0.049257281229177476,1.5476799046505556e-05,0.3928246593472938,0.39123999201630705,0.3915832608396522,0.3931657457647276,0.2820592897782432,-0.7303480060891755,0.4421527738774299,0.921547094941885,-0.0435318753929615,0.029038884647456055,-0.38472414897868823,0.5748728429492145,-0.6157700464249571,0.04695710307734413,0.0005283195651337875,-0.0006120767123399064,-0.00022900330156143232,0.42657955662771346,0.38052338086910403,0.4212567422416453,0.38309920809472847
633,5.275,0.2544260329841279,-0.666422883541836,0.5,0.9985825115500582,-0.029838418813259045,0.04393001711443241,0.0035763089112247396,0.6788494826061324,-0.759476473952073,0.0,-0.1204370155294244,-0.05083792428406098,1.5374724624167384e-05,0.3928212341176675,0.39123783596276795,0.39160433376952725,0.39318546113214153,0.28595598407859923,-0.7344122906848918,0.4422298888317629,0.9215689415732558,-0.04323550134993192,0.02880585846130134,-0.38472275714971255,0.5949311602392593,-0.6192700952556529,-0.016480035482818733,0.0003393521571695798,-0.0003383862662920438,-6.946536535139672e-05,0.421059066482414,0.38055130507650464,0.4205383780491769,0.37681676927752106
634,5.283333333333333,0.2601161386194314,-0.6727346220231123,0.5,0.998576862200462,-0.030337988370246118,0.04371340915601605,0.003604802280959084,0.6860267912894057,-0.7545027931270776,0.0,-0.12005837657995912,-0.0524170662389971,1.5270409711937508e-05,0.39281753883269055,0.391235791550851,0.3916255508316579,0.39320494124697486,0.28994853025507605,-0.7385821607460402,0.44211302793755936,0.9215816986474749,-0.04355368580574516,0.028603116980939876,-0.3846714323546062,0.606635009350226,-0.6133012191365195,-0.00011928424916152203,-0.0007360002995461846,3.796178609351648e-05,0.0001327390974733408,0.4320263698729425,0.38876501344602554,0.43029217932388686,0.3893455992230542
635,5.291666666666667,0.26586590019988554,-0.6790045091976014,0.5,0.9985712521280538,-0.03083590126340325,0.04349022714581853,0.0036334225586616767,0.6931675624324354,-0.749447076659816,0.0,-0.11965640101078764,-0.05399432632421182,1.5163859142741654e-05,0.39281357485919055,0.3912338617485291,0.3916469082484047,0.39322418086227273,0.2939331269771155,-0.742639962397871,0.4421730974138874,0.921617145949145,-0.04398557138443255,0.028239080012159183,-0.3845642471195214,0.5899535547996326,-0.5858249448044028,-0.00688116910432246,1.3487469415128494e-05,-0.00022657822193910103,0.00010130522926030339,0.4289719830455491,0.3857045028277007,0.42785494672618474,0.38695246633462416
636,5.3,0.2716750077928828,-0.6852318627490279,0.5,0.9985656820618672,-0.031332060005344275,0.04326048015645458,0.0036621688617838786,0.7002707109684531,-0.7443096093968006,0.0,-0.11923106510571349,-0.0555693223006149,1.5055078332470648e-05,0.39280934365617703,0.39123204948755236,0.39166840215880155,0.39324317477525106,0.2980301355174373,-0.746676959516205,0.4421475789119367,0.9216066897476048,-0.04404403399501382,0.028052016908364806,-0.38459630371245246,0.6188170118095415,-0.6018716850729966,0.005566385511773797,-6.116954507978403e-05,-0.0005494145624836044,5.231407202626796e-05,0.4268339092115547,0.3900907991300779,0.4324013017122545,0.384992848954783
637,5.308333333333334,0.27754314243111966,-0.6914160028171885,0.5,0.9985601527281425,-0.03182636703016383,0.04302417886250304,0.0036910402893425335,0.707335153483404,-0.7390906923638791,0.0,-0.11878235192892582,-0.05714167058825519,1.4944073282203464e-05,0.39280484677454436,0.3912303576617044,0.39169002861948743,0.39326191782949804,0.30200843381430864,-0.7506236329839876,0.44205308919498615,0.9215919861544056,-0.04438761045582385,0.027920333076381237,-0.3846016199847633,0.6175380128531804,-0.587036293272003,0.025230566961920164,2.4987088866416724e-05,-0.0003869118595709862,-0.00011563632700306204,0.427233686704022,0.38530569393608477,0.42769978736542097,0.38542281854028015
638,5.316666666666666,0.28346997612773106,-0.6975562521328338,0.5,0.9985546648501564,-0.03231872472195198,0.04278133554574672,0.0037200359219698993,0.7143598084833429,-0.7337906427774186,0.0,-0.11831025136887151,-0.05871098639610206,1.483085058008246e-05,0.3928000858567227,0.39122878912507714,0.3917117836056596,0.39328040491718885,0.3101962782667059,-0.7585707781334362,0.44207530127360234,0.9216024941764823,-0.04458296958425422,0.027327837549375535,-0.3845963999384436,0.6305740066029297,-0.6023315538616458,0.024281145003385296,-8.178609660171363e-05,-0.00014340747407656012,-0.0003752823391979502,0.4227316194351288,0.3835050848035633,0.42584345474700824,0.38084728412765745
639,5.325,0.28945517189366043,-0.703651936152621,0.5,0.998549219148058,-0.032809035443485846,0.04253196409986484,0.003749154821968406,0.7213435966626947,-0.7284097940506944,0.0,-0.1178147601794543,-0.060276883853132734,1.4715417401075723e-05,0.3927950626362839,0.3912273466903401,0.3917336630121024,0.3932986309812659,0.32909591727222665,-0.7761650262020005,0.4421622621127512,0.9216629917094632,-0.04518243027467064,0.025896942630869012,-0.3844804625335468,0.6082753863749568,-0.5846594309735886,0.013051187152302024,0.0002176514867114924,-0.0004995351221048678,0.00019006808147888776,0.4259088305235723,0.38258340194260065,0.4232102662248427,0.38221673418924823
640,5.333333333333333,0.29549838375726867,-0.7097023831940961,0.5,0.998543816338702,-0.03329720156508638,0.04227608003457208,0.003778396033370235,0.728285441173278,-0.7229484957954602,0.0,-0.1172958820185487,-0.06183897614059846,1.4597781510175024e-05,0.392789778937507,0.39122603312704723,0.3917556626542479,0.3933165910175988,0.33336050673335926,-0.7799302236560147,0.44206003616111356,0.9216422155921197,-0.04514383737027312,0.025863532890177912,-0.38453704379730963,0.6389293864133783,-0.5785983988132903,0.012648118379410267,-0.00018467397322018204,-0.0003821750344408192,5.391394599401377e-05,0.42764682383859265,0.38676919830093315,0.42546376504495736,0.3821314386277201
641,5.341666666666667,0.30159925678618626,-0.71570692457066,0.5,0.9985384571354812,-0.03378312549362933,0.04201370047920019,0.0038077585820017455,0.7351842678940038,-0.7174071138186728,0.0,-0.11675362748382516,-0.0633968756254664,1.4477951261970823e-05,0.3927842366748772,0.39122485115993166,0.39177777826926624,0.3933342800771873,0.33759563671555265,-0.7837186678044333,0.4420623506725688,0.9216898067494486,-0.04541507979222176,0.02553698759488428,-0.38441284178108437,0.6374398795143232,-0.5817558857626248,0.020271402081373235,-0.0006612149715037693,-0.0006217597288979534,4.6455966453882975e-05,0.427198724492423,0.3835031731265717,0.42542159502639404,0.38491572153900644
642,5.35,0.3077574271114195,-0.7216648947264916,0.5,0.9985331422481619,-0.034266709701698865,0.041744844185716556,0.003837241475552742,0.7420390057011552,-0.7117860301143388,0.0,-0.11618801414574297,-0.06495019399499911,1.435593560005985e-05,0.3927784378525522,0.39122380346720664,0.39180000551725674,0.39335169326828945,0.34191797382113415,-0.7875254129458028,0.4420966306597507,0.9216856370497403,-0.04572165766990328,0.02520268456503008,-0.38440856021536013,0.6578058033397449,-0.5518390148599006,-0.017715767157788775,-0.0004527089496071057,-0.00017118471063745817,1.662765439149215e-05,0.42702628902377016,0.38376394500827127,0.4235064827149615,0.38255787796140533
643,5.358333333333333,0.31397252195370695,-0.7275756313713666,0.5,0.9985278723827193,-0.034747856756871635,0.04146953153117584,0.003866843703650584,0.7488485867391443,-0.706085642850467,0.0,-0.11559906657779523,-0.06649854239229433,1.4231744060217051e-05,0.39277238456379066,0.39122289267891547,0.39182233998242916,0.3933688257585429,0.3506185302561148,-0.7948798748147411,0.4419512732286894,0.9216769165530204,-0.04575052783820048,0.024908024810250996,-0.38444523796750957,0.6734409740367153,-0.5525499027197456,0.03431329940717376,0.0008565415148497302,-0.0005769045367841967,-2.4287338869976252e-05,0.4290439989414325,0.3876838573742611,0.43311072172993265,0.39032428044092116
644,5.366666666666667,0.3202441596521367,-0.7334384756153511,0.5,0.998522648241171,-0.035226469351120185,0.04118778451960045,0.003896564237939155,0.7556119466916624,-0.7003063663510991,0.0,-0.1149868163839559,-0.068041531552882,1.4105386768785769e-05,0.39276607899031646,0.39122212137527623,0.3918447771743283,0.3933856727771172,0.36392600509629647,-0.8057136515648236,0.4417797628656304,0.9217372075172295,-0.0458222704524868,0.024588412527653293,-0.38431269791445716,0.6710080215918734,-0.5506970248896792,0.005433474940591543,0.00010542718419203972,0.00023876658445508967,4.572649853461224e-05,0.4222067925062418,0.377877114960236,0.42267251962175817,0.3827954713759275
645,5.375,0.32657194969502434,-0.7392527721033173,0.5,0.9985174705214129,-0.03570245033032337,0.040899626783285264,0.00392640203216268,0.7623280250531197,-0.6944486310734003,0.0,-0.11435130222323078,-0.0695787719422067,1.3976874441810373e-05,0.39275952340163084,0.39122149208503,0.39186731252916646,0.39340222961679716,0.3683858863514938,-0.8093325798159611,0.44178560137060674,0.9218075779963955,-0.046405432653225775,0.024445776576807774,-0.3840829714739292,0.654672810486745,-0.5400323055436473,-0.023932323232800368,-0.0004155213522643323,0.00010662620041961166,-9.174765275405627e-05,0.42843917206623144,0.38238975896163085,0.4262903270621178,0.3881631768415982
646,5.383333333333333,0.33295549275305414,-0.7450178691492435,0.5,0.998512339917056,-0.036175702723871814,0.04060508358352397,0.003956356022254392,0.7689957654002787,-0.6885128835797908,0.0,-0.11369256983132155,-0.07110987389393757,1.3846218386714612e-05,0.392752720154306,0.39122100728382675,0.3918899414111423,0.3934184916360621,0.372886210753473,-0.812811859987421,0.44157136837031435,0.9217212472526707,-0.046199694540132834,0.024523316658287615,-0.38430994981584443,0.6620834853176827,-0.49313040862682955,-0.020539281210585347,0.0009949438117741025,-0.00043482078649552744,-0.00029340683598227534,0.4320775343293787,0.3900966816714517,0.43284162210983906,0.3906655292099738
647,5.391666666666667,0.3393943807146813,-0.7507331188702551,0.5,0.9985072571172621,-0.036646129774356,0.04030418181075265,0.003986425126430042,0.7756141156639806,-0.6824995865051074,0.0,-0.11301067203943443,-0.07263444774911466,1.3713430500597243e-05,0.3927456716912114,0.3912206693926357,0.39191265911379736,0.3934344542611635,0.3774045742406493,-0.8162867713136505,0.44160253117189674,0.9217717585907814,-0.04618826508656003,0.0242410003040505,-0.38420807271192375,0.6741319522635347,-0.5527104559377993,0.04279387328017248,-0.00089671211036473,-0.0002364289551435231,0.0006416157897680148,0.42596077174791236,0.3890950708671614,0.4369772388763786,0.389678861617217
648,5.4,0.345888196723803,-0.7563978773203703,0.5,0.9985022228065817,-0.03711363496732544,0.03999694998410801,0.004016608245286261,0.7821820284008743,-0.6764092185187717,0.0,-0.11230566879012044,-0.07415210399599675,1.3578523268630883e-05,0.3927383805406912,0.3912204807761498,0.3919354608614767,0.3934501129881524,0.3820576418490021,-0.8198632341373281,0.4415079835894888,0.9217090470151864,-0.046625373950833,0.0240451307236612,-0.384318017848219,0.6822846003692262,-0.5279004780164409,-0.04010764133237643,-0.00018764342706510903,0.00020109024700217367,-8.948507258920772e-05,0.4247245730586333,0.3791034230364531,0.41850707411334503,0.379958432955705
649,5.408333333333333,0.3524365152196901,-0.7620115046239009,0.5,0.9984972376647918,-0.037578122061105466,0.03968341825039709,0.004046904261903745,0.7886984610650363,-0.6702422742819611,0.0,-0.11157762715015276,-0.07566245341054205,1.3441509765151419e-05,0.3927308493157121,0.3912204437412272,0.3919583418107775,0.3934654633849058,0.402828793496682,-0.8350010229542495,0.4409391419421766,0.9217529535083918,-0.047151013044810036,0.02338951937966546,-0.3841890225534731,0.6955659211961618,-0.5049004046204342,-0.06006825877439281,-0.00022541265176647326,6.406691980998665e-05,-2.172851000977503e-05,0.4348227867107239,0.39189845829456743,0.4355503493965801,0.3942617009778283
650,5.416666666666667,0.3590389019791804,-0.7675733651084731,0.5,0.9984923023667338,-0.03803949511666019,0.039363618382476345,0.004077312041955271,0.7951623762793947,-0.6639992643997735,0.0,-0.11082662132045133,-0.07716510719753857,1.3302403650594478e-05,0.39272308071294804,0.3912205605353578,0.3919812970520486,0.3934805010931362,0.40983029894992334,-0.8400006339224079,0.44078967345181397,0.9217767246284608,-0.047177405114064076,0.02307562994658677,-0.3841477289826121,0.672014946989985,-0.5007008280682901,0.02528325816034127,-0.0007762522756553805,-0.0004054231903398946,0.00019785395712304985,0.4368736483017705,0.3914186325605917,0.43954164684586483,0.4008344704160312
651,5.425,0.3656949141611373,-0.7730828274376251,0.5,0.998487417582154,-0.038497658527488314,0.039037583777036824,0.004107830433818531,0.8015727421068487,-0.657680715368367,0.0,-0.11005273264298066,-0.07865967713221254,1.316121917035399e-05,0.3927150775118304,0.3912208333451528,0.39200432161096094,0.39349522183033436,0.4145799118047136,-0.8432873592168,0.44053089999430384,0.9217715512004648,-0.047442918496273745,0.022935768247827427,-0.3841358189715282,0.7008467011313801,-0.5104927850218655,-0.019418353210365336,-4.820346363706176e-05,0.0003038984184733562,0.00013183029434743837,0.42427442525561004,0.3820993696763883,0.424734724457135,0.38273645071271317
652,5.433333333333334,0.3724041003531581,-0.7785392647429359,0.5,0.9984825839755435,-0.038952517049539614,0.0387053494517948,0.004138458268693759,0.8079285323209847,-0.6512871695170873,0.0,-0.1092560496046714,-0.08014577570229053,1.3017971153752618e-05,0.3927068425735579,0.3912212642948492,0.3920274104500823,0.393509621391734,0.41928653770717944,-0.8464392423414449,0.44042402020671684,0.9217914202807,-0.047527339147988186,0.022601409381719603,-0.38409752124214736,0.7218438885251366,-0.5093249289609747,-0.04466160167483357,-0.00015977357016090074,-0.0003563986477212226,7.979653336100466e-07,0.4329463653849943,0.3862228155771839,0.4308063814261341,0.39335801054470854
653,5.441666666666666,0.3791660006205422,-0.7839420547556479,0.5,0.9984778022059789,-0.03940397583113919,0.03836695204208472,0.004169194360726154,0.8142287266762914,-0.6448191849455612,0.0,-0.10843666783826564,-0.08162301625049813,1.2872675011168198e-05,0.3926983788400445,0.39122185544484334,0.3920505584705181,0.39352369565223144,0.4238645046661479,-0.8494705965254524,0.44056182702202423,0.9218207472095161,-0.04737127063279661,0.022601473408041972,-0.3840464114303235,0.7059788877098461,-0.482742474407416,0.014350773752119794,-6.7126322916809715e-06,-0.0002560703730977409,0.00026415380487372023,0.43724136599284796,0.38852938031404066,0.43469542381856113,0.3992282969476676
654,5.45,0.385980146557504,-0.7892905799377412,0.5,0.9984730729269653,-0.0398519404429066,0.03802242979685404,0.004200037507133068,0.820472311177769,-0.6382773354557686,0.0,-0.10759469012013578,-0.08309101311731923,1.2725346732541873e-05,0.3926896893328338,0.3912226087902601,0.39207376051358184,0.3935374405682709,0.4286781182771279,-0.8526374425975007,0.4403782164633924,0.9218545183567305,-0.04722657270824602,0.022600127580771488,-0.3839832444897122,0.7181830244063714,-0.47958145320049494,-0.010841975152348082,0.0005340452117563775,-6.896583442299534e-05,0.00010291322307358635,0.42548780798594743,0.3822139275713644,0.42687744061627336,0.38602682456494963
655,5.458333333333333,0.39284606134063094,-0.7945842276124131,0.5,0.9984683967862787,-0.04029631690765731,0.03767182257405829,0.004230986488335953,0.8266582783498336,-0.6316622104790867,0.0,-0.10673022636502584,-0.08454938178404846,1.2576002883835785e-05,0.392680777151975,0.39122352625953205,0.39209701136250785,0.39355085217970787,0.4335025868115721,-0.855772545951559,0.4402741333030313,0.9218817614371915,-0.04699907428090169,0.022261183611406773,-0.3839655513850413,0.7182768704892262,-0.4678798946929352,-0.011897357598117386,0.0012625270436702407,-0.0004160209362119286,-2.6921524831317598e-05,0.4298229658356028,0.3853870558022231,0.43090127911159987,0.39119690942080626
656,5.466666666666667,0.39976325978457616,-0.799822390093927,0.5,0.9984637744258106,-0.040737011730273075,0.037315171835455616,0.004262040068097022,0.8327856275044121,-0.624974414998313,0.0,-0.1058433936177273,-0.08599773901600205,1.242466060607638e-05,0.3926716454748526,0.39122460971303114,0.39212030574419915,0.39356392661162737,0.43834516321584294,-0.8588579091037924,0.4402840032252076,0.9219823406599144,-0.04589361838402927,0.022307322001341844,-0.3838550803207055,0.7291992306190653,-0.45613037303159354,-0.051786297976713636,-0.0004181470099310621,0.0001564305275675101,6.938173923716498e-05,0.429383786927435,0.3867394972292188,0.43178030116260746,0.39026181680698685
657,5.475,0.4067312483999833,-0.8050044648167844,0.5,0.9984592064814126,-0.04117393192752895,0.036952520640800304,0.0042931969936606485,0.8388533650081307,-0.6182145694646716,0.0,-0.10493431604168385,-0.08743570300583403,1.2271337611110406e-05,0.39266229755495485,0.3912258609417138,0.39214363833100907,0.3935766600761655,0.4431911492260195,-0.8619014792397839,0.43998302022372443,0.921916699948452,-0.046713961084980056,0.021999220483802342,-0.3839315544390852,0.7213256030867365,-0.4578625854970597,-0.030728129150070504,-0.0004846956681676358,8.527070915246699e-05,-8.332254978554382e-05,0.4354786647002371,0.39242049858596667,0.43859162400876284,0.39755605792041276
658,5.483333333333333,0.4137495254536301,-0.8101298544641815,0.5,0.9984546935827436,-0.041606985057863394,0.03658391364143499,0.004324455995899421,0.8448605045484908,-0.6113833097098103,0.0,-0.1040031249044539,-0.08886289351691253,1.2116052178246482e-05,0.3926527367206335,0.39122728166578213,0.3921670037425799,0.3935890488742646,0.4480992297023475,-0.8649275894303593,0.43985714245228574,0.921936920037616,-0.046584294475277406,0.021741061620185236,-0.38391346058639625,0.7181744138018586,-0.4357398033636217,-0.03370512281040683,0.00045760402463491565,-2.6031655521716683e-05,5.608443212742688e-05,0.4328210116363837,0.39119152349318204,0.43502716267143676,0.39245705524854607
659,5.491666666666667,0.42081758103078537,-0.8151979670957044,0.5,0.9984502363531168,-0.042036079251078516,0.036209397073281434,0.0043558157894648735,0.8508060673989314,-0.6044812868527998,0.0,-0.10304995856011143,-0.09027893202664876,1.195882315267998e-05,0.3926429663737954,0.39122887353341895,0.3921903965476864,0.39360108939740174,0.453083683474499,-0.8679835615663914,0.43972167585924676,0.9220148877688389,-0.04611130723476398,0.021402721112326033,-0.38380231579122165,0.7194970292446923,-0.42306380793540876,-0.032310665286355844,-0.00021787500643581203,5.724661849144581e-05,1.2866867706066803e-06,0.43118046441951724,0.39307863306423846,0.43753145261268783,0.3915030495512963
660,5.5,0.4279348970997694,-0.8202082162742266,0.5,0.998445835409349,-0.04246112323795778,0.035829018749230473,0.004387275072942852,0.8566890826826775,-0.5975091672021451,0.0,-0.10207496242853795,-0.09168344186971746,1.1799669939422351e-05,0.39263298998855384,0.39123063811952224,0.3922138112661376,0.3936127781293015,0.4580032187830033,-0.8709752740810804,0.43949268159558513,0.9220320398380464,-0.045936874361855756,0.021377256523714288,-0.38378344673718495,0.7322805553095169,-0.4166346140685562,-0.040235845210107035,-1.3774087768878696e-05,-3.056674676782663e-05,8.970357827975782e-05,0.4303127975594907,0.39373484379425866,0.4379410270385439,0.39039645103035064
661,5.508333333333333,0.4351009475787051,-0.8251600211919645,0.5,0.9984414913616099,-0.04288202637978766,0.03544282805093151,0.004418832529013454,0.8625085876352724,-0.5904676321528257,0.0,-0.10107828897156745,-0.09307604838111114,1.1638612500685167e-05,0.3926228111098614,0.3912325769244751,0.3922372423707192,0.3936241116475765,0.4629008721289098,-0.8738335502676593,0.4394194538510425,0.9220800654720749,-0.04580294285622537,0.02109128030659866,-0.38369988425819485,0.7465649683772058,-0.4395574855293849,-0.012309792494302751,-0.0002764599238388045,1.5661995216100378e-05,0.000219441323490412,0.4316004441365323,0.39414018643921417,0.4392127559357252,0.3925743807933062
662,5.516666666666667,0.44231519840444966,-0.830052806795647,0.5,0.998437204813275,-0.04329869869777032,0.035050875919982724,0.004450486824615571,0.8682636278656888,-0.5833573780783808,0.0,-0.10006009766606808,-0.09445637903892344,1.1475671352521692e-05,0.39261243335208484,0.39123469137296946,0.3922606842891344,0.3936350866253669,0.46792960888178925,-0.8768230001454785,0.43927337878142414,0.9220780429758633,-0.045566728769988275,0.020779998863196494,-0.38374985021267427,0.7308163211174556,-0.37951720056449423,0.00127125892342983,0.00030908097904999704,-0.00039425450321021056,2.9991467563324122e-05,0.43121040590518656,0.38920909565349604,0.43092024648860583,0.388777013494071
663,5.525,0.4495771076036954,-0.8348860039107651,0.5,0.9984329763607768,-0.04371105090231444,0.0346532148485231,0.00448223661111594,0.8739532576159238,-0.5761791162180565,0.0,-0.09902055497388096,-0.0958240636068548,1.1310867558957452e-05,0.3926018603975379,0.3912369828128329,0.39228413140601326,0.3936456998329396,0.4729420557318879,-0.8796787400506061,0.43901571487268193,0.9221491560546361,-0.045264667697578594,0.020829535230996676,-0.38361201011961443,0.7577746263700946,-0.4209726873093178,-0.04252654612622586,3.2302028769638774e-05,-7.406323239396585e-05,0.00011976975486559364,0.4220345609993653,0.3900052096421875,0.4349365576260579,0.3829170283398069
664,5.533333333333333,0.45688612536622497,-0.8396590493648528,0.5,0.99842880659346,-0.044118994422190756,0.034249898869227684,0.004514080524482709,0.879576540018969,-0.5689335725590388,0.0,-0.09795983430862364,-0.09717873427629081,1.1144222728907624e-05,0.39259109599498965,0.3912394525139319,0.39230757806493866,0.39365594813921556,0.4779146249153629,-0.8825290596442883,0.4389082691008786,0.9221711347983462,-0.04566367814681877,0.020480558483954855,-0.3835306680919004,0.8685751208860726,-0.43305957066104295,0.017313841111810113,-0.0014336545005396181,-0.0010801321694111333,0.00012651353597164914,0.4355416690038094,0.39421229149977266,0.43661262389674893,0.39379707189491486
665,5.541666666666667,0.4642416941203057,-0.8443713861097615,0.5,0.9984246960934376,-0.044522441433539395,0.03384098354470836,0.004546017185463463,0.8851325473550585,-0.5616214877137962,0.0,-0.09687811599945857,-0.09852002580791519,1.0975759010372656e-05,0.3925801439581254,0.3912421016670945,0.3923310185704882,0.3936658285132893,0.48290823202244676,-0.885297632743833,0.43870898056016855,0.9221471717359278,-0.045304695930852755,0.02024608959133218,-0.38364329010462633,0.7544311897715317,-0.4036471732384417,-0.04791028000717956,-0.00019028193147414447,-0.00014879527017576199,7.388634391067753e-05,0.4271770499642196,0.3709890087164341,0.42336173881234407,0.3954865787114785
666,5.55,0.471643248610215,-0.8490224633428922,0.5,0.9984206454354474,-0.04492130488871625,0.03342652595632174,0.004578045199767663,0.8906203613060971,-0.5542436167925514,0.0,-0.09577558725169406,-0.09984757567280712,1.0805499085267053e-05,0.392569008163967,0.3912449313830453,0.3923544471903497,0.3936753380259052,0.4879858961561515,-0.8881675011840462,0.4383796469756763,0.9221810515000629,-0.04536268160240336,0.019996717422462028,-0.3835680730514513,0.679253629695864,-0.37474580141674263,-0.10243805663346928,0.0014594967894127008,0.00048222648831351494,4.1961364330011994e-05,0.43621383491182125,0.3979977118049843,0.43816010643377934,0.3922105409912205
667,5.558333333333334,0.47909021597587087,-0.8536117366273352,0.5,0.998416655186711,-0.04531549854496472,0.03300658469238713,0.004610163158253476,0.8960390732081596,-0.5468007292709198,0.0,-0.09465244210428554,-0.10116102419289975,1.0633466165229158e-05,0.3925576925512724,0.391247942691418,0.39237785815742493,0.3936844738508665,0.493044357807098,-0.8908953545729383,0.43815490630886345,0.9222003432841627,-0.04524108587549655,0.019741877811900007,-0.38354925271187607,0.7575927977610752,-0.40262868714657785,-0.013131607630362252,0.0012209470801870781,-0.00032509249237125284,0.00014872586001888998,0.442200214381497,0.41755619279640127,0.45180149299121963,0.39232734448305173
668,5.566666666666666,0.4865820158345576,-0.8581386680108838,0.5,0.9984127259067952,-0.045704936992900444,0.03258121983581705,0.00464236963711894,0.9013877843019693,-0.5392936088527387,0.0,-0.09350888138431307,-0.10246001468077438,1.0459683986095182e-05,0.3925462011188956,0.3912511365398023,0.3924012456719473,0.39369323326643324,0.4978402948900957,-0.8934398806325463,0.43775642359423367,0.9222232025209601,-0.04451517934388811,0.01995456841840265,-0.383568219146479,0.7861586576617285,-0.35872123651399246,0.01275050025182356,0.0010719724907243741,-0.00031753745297879353,1.03575984822639e-05,0.4317466038685815,0.39408558182034215,0.4317447471703068,0.3852125323764378
669,5.575,0.49411806036473016,-0.8626027261438822,0.5,0.9984088581474733,-0.04608953568479585,0.03215049295116344,0.004674663198097428,0.9066656059812529,-0.5317230533281182,0.0,-0.09234511265834162,-0.10374419357871037,1.0284176800818938e-05,0.3925345379240895,0.3912545137928079,0.3924246039036818,0.39370161365666595,0.5029110281514713,-0.8962471710345202,0.43750151468506354,0.922258273569234,-0.04457010279037865,0.01972642087044689,-0.38348931026821753,0.8053092952667762,-0.3937189338484637,0.0069797222796430525,0.0029282292707869025,-0.0004392522079366098,4.631803723571252e-06,0.42337677290291237,0.38681923872967033,0.4305509843361892,0.38307426833557223
670,5.583333333333333,0.5016977543918756,-0.8670033863958666,0.5,0.9984050524525893,-0.04646921096265162,0.03171446707108288,0.004707042388657347,0.9118716600388739,-0.5240898744267527,0.0,-0.09116135018069793,-0.10501321059686695,1.0106969374994515e-05,0.39252270708080295,0.39125807523117806,0.39244792699412184,0.39370961251271325,0.5083054672757941,-0.8990630490581673,0.4374946124980301,0.9223171161566549,-0.04460968259820915,0.019098603102671564,-0.3833749559145531,0.7703248504294047,-0.36445548975476694,-0.01882387940596586,0.0004951075338895886,-0.00025032469300323185,0.00016699157938574371,0.4301634987801087,0.38643798159433673,0.42657200042619925,0.38610695987022103
671,5.591666666666667,0.5093204954764112,-0.8713401309709576,0.5,0.9984013093579229,-0.04684388008604206,0.0312732066822248,0.004739505742206043,0.9170050789106423,-0.51639489766653,0.0,-0.08995781483872804,-0.10626671885060877,9.9280869806425e-06,0.39251071275793925,0.3912618215509668,0.39247120905867955,0.3937172274340723,0.51350017592977,-0.9017199933021404,0.4372168455593642,0.9223225563062837,-0.04436283832211034,0.018702985598604022,-0.38341001425933946,0.7742169119182019,-0.3542351732890303,-0.017487524615439343,-0.00021534225180395492,-3.574290685725877e-05,0.00015310966805433902,0.43123816336089504,0.39633664592665013,0.4344264910919838,0.38527714138788643
672,5.6,0.5169856740036075,-0.8756124490219692,0.5,0.9983976293910589,-0.04721346125972204,0.030826777710546108,0.0047720517782978665,0.9220650059167098,-0.5086389621974697,0.0,-0.08873473409503446,-0.10750437499684115,9.747555388910263e-06,0.39249855917757226,0.39126575336274433,0.3924944441889459,0.3937244561297827,0.5183401890977224,-0.9042330486503163,0.43676821575521724,0.9223799741615254,-0.04354131148822383,0.01909975169720149,-0.38334649723817077,0.8086237152891806,-0.33879215635822524,-0.037303748533817904,0.0010945832529980846,-0.0008153793137587839,-0.0002520648858488249,0.4304986425047874,0.3964977661285308,0.43475086344721575,0.3846708274326888
673,5.608333333333333,0.5246926732755044,-0.8798198367631942,0.5,0.9983940130712547,-0.04757787366098247,0.030375247506057163,0.004804679002846313,0.9270505955004473,-0.500822920641044,0.0,-0.08749234192667252,-0.10872583936928519,9.565400864417622e-06,0.39248625061313647,0.39126987119082407,0.39251762645496047,0.3937312964196013,0.5235048940688954,-0.9068419986427039,0.4365759130387769,0.9224527715210258,-0.04268678208949154,0.018977995278541177,-0.3832734776151751,0.7465176256529649,-0.33047718087101385,-0.031735766113422104,0.000349958030783973,0.00036670642577479705,-0.0008872961005196857,0.4329738270626717,0.3956884728956289,0.43823177835538757,0.3914485752131908
674,5.616666666666667,0.5324408696048085,-0.8839617975818257,0.5,0.9983904609093119,-0.04793703746674168,0.029918684827003113,0.004837385908340215,0.9319610134647108,-0.49294763892491156,0.0,-0.08623087876133367,-0.10993077611268032,9.38165015826331e-06,0.3924737913875955,0.39127417547256566,0.3925407499074842,0.39373774623510627,0.5287521724659232,-0.9094204017761258,0.4363296194535842,0.9224673436850298,-0.042691625927162954,0.018555169801609317,-0.3832585688331231,0.7996317667385289,-0.3664776934584557,-0.008870539527500165,0.0006410994744553071,-0.00032665617950231805,0.00035744662534491906,0.4334805047777526,0.404398101916443,0.4375956198479214,0.3823960582998573
675,5.625,0.5402296324107436,-0.8880378421479795,0.5,0.99838697340745,-0.04829087388036026,0.029457159823485887,0.004870170974063932,0.9367954372053996,-0.4850139961131212,0.0,-0.08495059141061187,-0.11111885331576252,9.196330501394859e-06,0.3924611858715746,0.3912786665577234,0.392563808580299,0.39374380362075406,0.533976902681467,-0.9119613627576615,0.43609659538405177,0.9224895286908887,-0.04232178876657025,0.01848416728224898,-0.38324961997520834,0.7910164413304499,-0.33922047490608787,-0.02659551811768912,-0.00028746045311601,-0.0001824158307949881,0.00022723774315680625,0.4349124798951115,0.39504008129782703,0.42847150558983943,0.38417256291493485
676,5.633333333333333,0.5480583243168343,-0.8920474885232805,0.5,0.9983835510591808,-0.04863930515816718,0.028990744020531794,0.004903032666321459,0.941553055942215,-0.4770228842318239,0.0,-0.08365173300028271,-0.11228974314301102,9.009469596808414e-06,0.3924484384814569,0.391283344707811,0.3925867964925378,0.3937494667349131,0.5392689957002963,-0.9144731576863863,0.43595263968507375,0.9225513303699111,-0.04176970684019742,0.018373382017671212,-0.38316674341130363,0.8092635275893878,-0.30978922920791296,-0.010913968048426037,0.001233586677455547,-0.00042190211718554224,-0.0001276526218095405,0.4355474426042776,0.3999235485757529,0.4337725674009537,0.3853725994549653
677,5.641666666666667,0.5559263012505975,-0.8959902622679694,0.5,0.9983801943491862,-0.04898225463568429,0.02851951030061028,0.004935969438664413,0.9462330709465198,-0.4689752080905493,0.0,-0.08233456289764352,-0.11344312196506462,8.821095612177032e-06,0.3924355536774654,0.39128821009553405,0.39260970765103126,0.39375473385081095,0.5445433778797301,-0.9169935166736418,0.43589630385706063,0.9226131811259384,-0.04011641768472275,0.018599440643734606,-0.3831835746121714,0.849088622924099,-0.3397777570462557,-0.04761377597020666,-0.00015304422489564884,0.00029259708539757293,-8.946748925295017e-05,0.43030553528222226,0.39568577655760306,0.4330866255918928,0.383689661212179
678,5.65,0.5638329125451172,-0.899865696546504,0.5,0.9983769037531977,-0.04931964675353752,0.028043532885609613,0.004968979732123831,0.9508346957662108,-0.4608718850990953,0.0,-0.08099934663598575,-0.11457867048772272,8.631237173189338e-06,0.3924225359617243,0.3912932628042654,0.3926325360526513,0.39375960335745264,0.5497878817836419,-0.9194317333124548,0.43555854996738913,0.9226381000102171,-0.04106089009733977,0.017930792365413457,-0.383055382939725,0.8383834039627724,-0.31811078561243544,-0.043907182770219766,3.350026492601697e-06,0.00021907390217790548,-8.952403945623332e-05,0.4422942640475382,0.39716242258772033,0.43347407040383656,0.3944383173149625
679,5.658333333333333,0.571777501042477,-0.9036733322316057,0.5,0.9983736797378765,-0.04965140708304226,0.027562887318275667,0.005002061975445715,0.9553571564475116,-0.45271384508008855,0.0,-0.07964635583618469,-0.11569607387952548,8.439923355254078e-06,0.39240938987627877,0.3912985028275668,0.39265527568667336,0.3937640737604972,0.6086612015637703,-0.9447032502882057,0.43342797301576425,0.9226921592201114,-0.03941923120865117,0.01701822392673724,-0.383139248288435,0.8272912478319405,-0.3254758837011429,0.006962994549225554,-0.0005404963826532857,0.0003089823997736533,-9.73631292150586e-05,0.43921147048922426,0.3992257174913786,0.43560236178380124,0.3915364842719415
680,5.666666666666667,0.579759403199028,-0.9074127180067308,0.5,0.9983705227606979,-0.049977462351451354,0.027077650443119727,0.00503521458533027,0.9597996917535925,-0.44450203007726286,0.0,-0.07827586812545055,-0.11679502189777342,8.247183675083244e-06,0.3923961200010944,0.3913039300687595,0.39267792053717865,0.3937681436830563,0.6362589570566376,-0.9551737045857228,0.4326816948291299,0.9227443748054791,-0.03929437447266126,0.017555793838637878,-0.3830020430785496,0.8500088925096017,-0.32181419186310123,-0.03786916372451876,-0.0002409897244525271,0.00039463937187440384,7.913519890734882e-05,0.43822810743923823,0.38555337948183765,0.4205493336889628,0.3889763513011121
681,5.675,0.5877779491924564,-0.9110834104669139,0.5,0.9983674332698369,-0.05029774046685345,0.026587900386802636,0.005068435966674759,0.9641615533799308,-0.43623739415952795,0.0,-0.07688816705326049,-0.11787520901293574,8.053048083352457e-06,0.3923827309520487,0.39130954434053705,0.3927004645854371,0.3937718118664617,0.6474422294322405,-0.959207570115693,0.4323160141981721,0.9227215187535723,-0.039088791855928846,0.017946303954194047,-0.3830600414487635,0.8195056433391357,-0.30652648306082053,-0.005567647609949766,0.0005976191077694308,3.747500399988015e-05,-2.5128053981271134e-05,0.44740054915363797,0.3863253947007889,0.4259600730238116,0.402887402808519
682,5.683333333333334,0.5958324630306342,-0.9146849742179635,0.5,0.9983644117040558,-0.05061217054271028,0.026093716538001584,0.0051017245128199135,0.9684420061663208,-0.4279209032208745,0.0,-0.07548354200454113,-0.11893633453143744,7.857546955678668e-06,0.3923692273788872,0.3913153453646269,0.39272290181231306,0.3937750771709768,0.6530518873198964,-0.9611768420982043,0.4322313833166175,0.9227447509306318,-0.03939165704458738,0.018028295857559978,-0.3829691926692278,0.8405783279142653,-0.2975586392792162,-0.012644864102295816,0.0008251652228002242,-0.0003423597303383226,2.9025419638558522e-05,0.44238852362695463,0.38486209218777356,0.4207718432926301,0.3942394209487865
683,5.691666666666666,0.6039222626622167,-0.9182169819739678,0.5,0.9983614584925942,-0.05092068292202121,0.02559517952676697,0.005135078605799834,0.9726403283054483,-0.4195535347761872,0.0,-0.07406228811007466,-0.11997810271667457,7.660711084713293e-06,0.39235561396315927,0.39132133277151365,0.39274522620069124,0.39377793857644167,0.6586529918571997,-0.9631175395214311,0.4321194113474734,0.9227851516982256,-0.04003076969073298,0.01789603796798071,-0.3828117463039751,0.8558995345765319,-0.297616013630686,-0.023873240826416398,-2.360979179396765e-05,0.00026622608138260323,-8.959423518943006e-05,0.4428373897566432,0.3835666432449553,0.42241623845181725,0.3975983648571202
684,5.7,0.6120466600889587,-0.9216790146530776,0.5,0.9983585740550618,-0.051223209201103514,0.025092371203376936,0.005168496616595305,0.9767558115479398,-0.41113627775302575,0.0,-0.07262470615424725,-0.12100022290823667,7.462571671135523e-06,0.3923418954161491,0.39132750610019995,0.39276743173788253,0.39378039518287944,0.6642063042068131,-0.9650103288467048,0.4319828948766542,0.9227273984438416,-0.04012396963870683,0.018189844314958143,-0.38292733616874397,0.849130422316513,-0.2842230230897247,0.0005653788756498912,-0.000736786296641827,-0.00017398184536375206,7.712489683518705e-05,0.44511031305801735,0.383777180625451,0.4239022631946549,0.4011498918550108
685,5.708333333333333,0.6202049614797247,-0.9250706614715347,0.5,0.9983557588013326,-0.05151968225297758,0.02458537461669714,0.005201976905390453,0.9807877614038071,-0.40267013227944176,0.0,-0.07117110248011148,-0.12200240963929858,7.2631603148208546e-06,0.39232807647677453,0.39133386479800425,0.39278951241806515,0.3937824462110546,0.6698295072724473,-0.9668677432823612,0.43190662698675086,0.9227628484144278,-0.040056786421108034,0.018227452326654785,-0.3828471489111353,0.8439560066318519,-0.2702401909228547,-0.07184239150728189,-0.0024645826623589,0.0004029502220796939,-0.00016485431559752894,0.4406060035101648,0.381112366147126,0.42045997960703785,0.39589902404082283
686,5.716666666666667,0.6283964672861562,-0.9283915200359121,0.5,0.9983530131314428,-0.05181003625034531,0.024074273992053714,0.005235517821832694,0.9847354973401989,-0.39415610946789664,0.0,-0.06970178889180591,-0.1229843827520665,7.062509005980114e-06,0.3923141619094618,0.391340408220441,0.3928114622447217,0.3937840910029605,0.6755414439344202,-0.9687815828538578,0.4317753806281201,0.9227484548449578,-0.0400614986544131,0.018123546547513972,-0.3828862787660924,0.8433911386108939,-0.2820895233020204,0.0010701323018724729,0.00022587996361134188,4.954550424840726e-05,2.803210897177018e-05,0.45107827079485385,0.3937070789013871,0.43408256280668084,0.40738324514942753
687,5.725,0.6366204723599697,-0.9316411964335349,0.5,0.9983503374354891,-0.05209420668815136,0.023559154708627895,0.005269117705295863,0.9885983529753796,-0.3855952311953543,0.0,-0.06821708255442817,-0.12394586751121976,6.860650114902042e-06,0.3923001565020296,0.39134713563112805,0.39283327523308126,0.39378532902224345,0.681230379395185,-0.9706445178808429,0.43153713464876037,0.9227702111211631,-0.03989169590351277,0.018139912471923297,-0.3828507981457748,0.8865938773637283,-0.2533941993588473,0.025531386895616404,0.0009616358307830214,-0.0004849845315437723,3.1898974421053576e-05,0.44253622219218375,0.3831445802050118,0.41910039169413243,0.3944062792472047
688,5.733333333333333,0.6448762660718497,-0.934819305321049,0.5,0.9983477320935314,-0.05237213040571614,0.023040103276380813,0.005302774885146466,0.9923756762688546,-0.3769885298796191,0.0,-0.06671730589135459,-0.1248865947153213,6.65761638442286e-06,0.39228606506355246,0.391354046201744,0.39285494541255306,0.3937861598545972,0.6868879914822601,-0.972380024466244,0.431462568363827,0.922753756471285,-0.04057489311646902,0.0177619753002563,-0.3828363817613899,0.9040319268140529,-0.25192622086991356,0.031209933442549742,0.0019488638509930162,-0.0007570640682033287,0.00016378354998732364,0.4356400309607825,0.3739031537237155,0.41684137618680545,0.3944588125165483
689,5.741666666666667,0.6531631324319065,-0.9379254700111053,0.5,0.9983451974754975,-0.05264374560843037,0.022517207312517176,0.005336487681013009,0.9960668297075628,-0.368337048251992,0.0,-0.06520278647908832,-0.12580630080613528,6.453440919021794e-06,0.3922718924221922,0.39136113901203806,0.3928764668291687,0.3937865832081069,0.6925867108051159,-0.9741476621551861,0.4314459695187088,0.9227799822922959,-0.04071992257925491,0.017385520376320508,-0.3827750460348927,0.8785908366438666,-0.23386387409615184,0.01641261692406637,0.00021117950359247732,-0.0007276308168123599,0.0002633721163018914,0.4350706321402418,0.37131531717668176,0.41546808408750896,0.39515016033381456
690,5.75,0.6614803502116683,-0.9409593225571364,0.5,0.998342733941089,-0.052908991889000605,0.021990555517496742,0.00537025440305826,0.9996711904880594,-0.35964183912631764,0.0,-0.0636738569396054,-0.12670472797576185,6.248157175377245e-06,0.39225764342303115,0.3913684130498943,0.39289783354804725,0.3937865989135008,0.6982483667546977,-0.9759975679285274,0.431423125849646,0.9228299951573078,-0.041585678296771525,0.017070555055512453,-0.38257551875238677,0.8647727196311461,-0.22714649000271647,0.02048695628725783,0.00029491407875937176,-0.000698684290021435,6.507193668360857e-05,0.4359221639761198,0.3777287385606049,0.4198083710269361,0.3940080761749145
691,5.758333333333333,0.6698271930675664,-0.9439205038361853,0.5,0.9983403418396908,-0.05316781024823537,0.021460237650603183,0.005404073352254433,1.0031881506946099,-0.35090396516450684,0.0,-0.062130854830368946,-0.1275816242715211,6.041798953321936e-06,0.3922433229258929,0.39137586721146356,0.3929190396558153,0.39378620692437055,0.704014172160086,-0.9776429785880153,0.4314415563432761,0.922852205756845,-0.041136709122035216,0.01685991358151974,-0.3825798227904323,0.8714393482858962,-0.22426892926625808,0.0013884833023003473,-0.00033549376758516884,-0.0006764902179951766,5.2743621128030634e-05,0.4347994047739602,0.379421881628011,0.4200241240082681,0.39139594428416735
692,5.766666666666667,0.6782029296658856,-0.9468086636297648,0.5,0.9983380215102837,-0.053420143115362806,0.020926344505079783,0.005437942820661163,1.0066171174731269,-0.3421244986386075,0.0,-0.06057412253196275,-0.12843674369858196,5.834400383708527e-06,0.3922289358031599,0.391383500301304,0.3929400792630631,0.39378540731733863,0.7098111323719702,-0.9794213618138774,0.4315640919155276,0.9229370232555751,-0.04038130937534066,0.01658892843848515,-0.3824675259555168,0.8694674892038456,-0.22361077415794517,0.01633837889775669,-0.00045721846448144133,-0.0008913357423530449,5.871292900468831e-05,0.43860852751508683,0.3823154988316323,0.4226364076718333,0.3948951145628397
693,5.775,0.686606823809143,-0.9496234607027181,0.5,0.9983357732813591,-0.05366593436786895,0.02038896788284158,0.0054718610917062135,1.0099575132008691,-0.33330452118950465,0.0,-0.0590040071334223,-0.1292698463202409,5.625995920969379e-06,0.39221448693758376,0.3913913110325972,0.39296094650678054,0.3937842002921549,0.7154948182248817,-0.9811588693724833,0.43150416631811245,0.9229106077660989,-0.04121137546352122,0.015985995670881714,-0.3824684046396841,0.8775214585128532,-0.20674592170641937,-0.003267188986888492,0.00015730028947279028,-0.0007128216968274529,-8.127160537211922e-05,0.4377663628291615,0.38120357361363405,0.4187432527443706,0.3912938210162507
694,5.783333333333333,0.6950381345638567,-0.9523645628800494,0.5,0.9983335974708342,-0.05390512935084816,0.01984820056877414,0.0055058264404688395,1.01320877565184,-0.32444512358233696,0.0,-0.057420860315339474,-0.13008069835581276,5.416620331313501e-06,0.3921999812200697,0.3913992980274319,0.39298163555277243,0.39378258617175627,0.7212749105744822,-0.9827619651318351,0.4314908700900699,0.922964305691991,-0.04136996666382808,0.015531960784711177,-0.38234039084422805,0.8950830946766408,-0.19933779242220506,0.0013242338501417983,-0.0003241585237247048,-0.0006515682007105367,0.00012754679545015835,0.438803218994216,0.38386481908500464,0.4239977117442782,0.3948869436821164
695,5.791666666666667,0.7034961163896751,-0.955031647121704,0.5,0.9983314943859741,-0.05413767489585577,0.019304136304629065,0.005539837133965704,1.0163703581578087,-0.31554740545870497,0.0,-0.05582503823076962,-0.1308690722760621,5.2063086818082e-06,0.39218542354747726,0.39140745981710756,0.3930021405981069,0.3937805654022427,0.7270497905221532,-0.9843773428476021,0.43156546499093296,0.9229680559973108,-0.04160140248604819,0.014813271138509353,-0.38233474589411276,0.8634418843735503,-0.20365576456921053,0.021254645207774425,-0.00023812253895953546,-0.0007856107661064118,0.00011502466634409245,0.43780132328994253,0.38142873474867317,0.42325665741421997,0.39562767917230074
696,5.8,0.7119800192698214,-0.9576243995952627,0.5,0.9983294643233127,-0.05436351933925434,0.018756869762526853,0.005573891431439272,1.019441729764893,-0.30661247508576644,0.0,-0.054216901383996506,-0.13163474689612503,4.995096331438312e-06,0.39217081882040605,0.39141579484249867,0.39302245587352563,0.3937781385528239,0.7327575050809177,-0.985980031904433,0.43150617990578005,0.922959546278198,-0.042240598830492505,0.014259711328616642,-0.38230624946135644,0.8801189631619577,-0.20232922479151982,0.011045665460418519,-0.0003591940376803244,-0.0007152343968264093,7.389668359510285e-07,0.4363172085825342,0.38360279860712027,0.4190150872323978,0.38774484934351217
697,5.808333333333334,0.7204890888428206,-0.960142515746534,0.5,0.9983275075685789,-0.05458261254004424,0.018206496518077667,0.0056079875846486065,1.0224223753856314,-0.2976414491022993,0.0,-0.052596814507214096,-0.1323775074659064,4.7830189189111e-06,0.392156171940981,0.39142430145448587,0.39304257564584544,0.3937753063156894,0.7385573685576605,-0.9875332913482264,0.4315119287398703,0.9229979140595782,-0.042558562019853086,0.013578103347644789,-0.3822031587388451,0.8896723936889894,-0.1866399373013694,0.009421580260476903,-0.0005457599152258155,-0.0007358882680414007,0.00017457989211970207,0.43799522355399345,0.3837118242524129,0.4207447411484645,0.39096137765607863
698,5.816666666666666,0.7290225665354735,-0.9625857003680132,0.5,0.9983256243966232,-0.05479490589717048,0.01765311302313083,0.005642123838162446,1.0253117959464872,-0.28863545226182125,0.0,-0.05096514643521882,-0.13309714575783302,4.570112352750982e-06,0.392141487810646,0.39143297791441645,0.3930624942203627,0.3937720695058255,0.7970959670993838,-1.0013649785313472,0.4318754611050839,0.9231834833054336,-0.04572664065910906,0.005187334207277856,-0.3815945781191096,0.8852910797582325,-0.1750884189238633,0.024052714069083825,-0.000790662358006325,-0.0010546590045084436,0.00013002097468853334,0.4367428172950577,0.38344294977972854,0.4222457466242797,0.39155117924099614
699,5.825,0.7375796896970319,-0.9649536676651858,0.5,0.9983238150713492,-0.05500035236629716,0.017096816578164514,0.005676298429654519,1.0281095085307181,-0.27959561717286063,0.0,-0.049322269978105536,-0.13379346015200144,4.356412800421081e-06,0.39212677132794055,0.39144182239461656,0.39308220594322857,0.39376842906080245,0.8030080320149195,-1.0025897780911024,0.4319825509851863,0.9232320093259628,-0.046053985208794404,0.004178075803051251,-0.3814501685475017,0.8915336916820893,-0.19675676269819142,0.006602428595797738,-0.0007688437111866075,-0.0004506103232251431,0.0001913752106435704,0.43072034673529935,0.3777576091073959,0.42232838402341516,0.39124927001695603
700,5.833333333333333,0.7461596917345457,-0.9672461413206563,0.5,0.9983220798456461,-0.05519890647604161,0.01653770530432621,0.00571050959020098,1.0308150465165524,-0.27052308403646086,0.0,-0.04766856179207058,-0.1344662557186186,4.1419566762252585e-06,0.3921120273862762,0.39145083297897326,0.39310170520383536,0.3937643860404633,0.8089556604534224,-1.0037972026539679,0.43201695779403604,0.9232812662761717,-0.04614976826127081,0.0035135685336437463,-0.38132605086600047,0.8973931763265441,-0.17868273116024014,0.005358152368212243,-0.00013722924230139883,-0.0005296970205145637,0.00032033874191293623,0.4371402498731411,0.3810861240536345,0.4225505270765321,0.39465862379998223
701,5.841666666666667,0.7547618022493336,-0.9694628545560708,0.5,0.9983204189613261,-0.05539052434366025,0.0159758781151362,0.005744755544579875,1.0334279597106173,-0.26141900038102184,0.0,-0.04600440224837378,-0.13511534429765149,3.926780630811311e-06,0.3920972608717397,0.391460007663549,0.3931209864371746,0.3937599416265682,0.8148719648246214,-1.0048827109765646,0.43211645602287146,0.9233058084776621,-0.04629522852986176,0.0026791878456274283,-0.3812557642833305,0.8969992890718981,-0.15788285045763573,-0.001054599072336515,0.0003932930123645321,-0.0005791737374065494,7.498001775549762e-05,0.43562308600024624,0.38132377128872663,0.42416082070534694,0.39455722070067334
702,5.85,0.7633852471745419,-0.9716035501918194,0.5,0.998318832649062,-0.05557516369017885,0.01541143468786539,0.005779034511572554,1.035947814476553,-0.2522845207945668,0.0,-0.04433017530054202,-0.13574054457575355,3.7109215403150625e-06,0.3920824766608899,0.3914693443572433,0.39314004412616527,0.39375509712240037,0.8207839556290668,-1.0059816412166602,0.4322693195101532,0.9233069517821745,-0.04658114299205864,0.0018719565092792396,-0.38122298682934963,0.879138052091788,-0.1651010244644091,0.008057255169574562,-0.0008562892920206598,-0.0003709144665390643,0.00011670999999965761,0.4344572913644145,0.3831079945155155,0.427108340385295,0.39454029980867983
703,5.858333333333333,0.7720292489137525,-0.9736679807044966,0.5,0.9983173211283289,-0.05575278385495971,0.014844475434599099,0.005813344704266943,1.0383741938587738,-0.2431208066545268,0.0,-0.04264626834983963,-0.13634168216033352,3.4944164948869094e-06,0.39206767961853656,0.391478840882513,0.3931588728039933,0.39374985395231016,0.8267114817781085,-1.007058443578822,0.4322751692795601,0.9233305741663247,-0.04695525154838104,0.001338318977034747,-0.38112211174901567,0.8817929577484729,-0.14704570319252763,0.02344083691364074,-0.0007876508519465282,-0.00034625820463998454,3.6309581179278335e-05,0.43472950609918,0.38491827735492146,0.42442907965835236,0.3903245063784195
704,5.866666666666667,0.7806930264805939,-0.9756559082820944,0.5,0.9983158846073507,-0.05592334580969899,0.014275101472999397,0.005847684330362582,1.0407066977013106,-0.23392902585514788,0.0,-0.040953072109072966,-0.13691858965075457,3.2773027870258015e-06,0.39205287459554894,0.3914884949761506,0.3931774670564011,0.39374421366119305,0.8327349570269618,-1.0080978813663142,0.43244398998901085,0.9233065030864602,-0.04747721013995121,0.0006219404812758923,-0.38111760529476607,0.8875786768590133,-0.12656629971241617,0.04052588899896015,-0.0010207861459402413,-0.0004865216923617061,-0.00012714202551376426,0.4304121475994131,0.38259353470591556,0.4233769972610368,0.38728557085188003
705,5.875,0.7893757956393221,-0.9775671048769139,0.5,0.9983145232830445,-0.05608681217184692,0.01370341459677755,0.005882051592477309,1.0429449427616906,-0.22471035253260954,0.0,-0.03925098046486634,-0.13747110670662968,3.059617898853312e-06,0.392038066426678,0.39149830429009186,0.3931958215239881,0.3937381779139039,0.8595225289850866,-1.0122790992165813,0.4329330620612308,0.9233779088253218,-0.048470046295770466,-0.0020689101468974293,-0.38081440586756393,0.9062740371159728,-0.14449737963575515,0.009530773934396386,-0.0005714221369171726,-0.0005099267583190451,0.0004186810504612908,0.42535459717042906,0.3794443569367071,0.4223178797084646,0.3842930786954743
706,5.883333333333333,0.7980767690463201,-0.9794013522561764,0.5,0.9983132373409738,-0.05624314721744547,0.013129517245889517,0.005916444688455538,1.0450885628198092,-0.2154659667879614,0.0,-0.037540390338368645,-0.1379990801131589,2.841399492758273e-06,0.3920232599283692,0.39150826639226616,0.39321393090448276,0.3937317484946396,0.8655289202580945,-1.0130842802103035,0.4330634224635374,0.9234406487976294,-0.048372583638033324,-0.002713581875716158,-0.38067058958343286,0.8983471670733434,-0.1310173958645411,0.01151985724950344,-0.0006053243524730035,-0.00045978194353419,-5.04577246714433e-05,0.43256240996710654,0.38054903426623343,0.42546422924215616,0.39358214613065884
707,5.891666666666667,0.806795156392482,-0.9811584420503117,0.5,0.9983120269552994,-0.056392316893375906,0.012553512476466551,0.005950861811678014,1.0471372087817408,-0.206197054407972,0.0,-0.03582170154452351,-0.13850236384350434,2.622685398483496e-06,0.3920084598965897,0.3915183787675318,0.39323178995496155,0.3937249273062582,0.8745421616254658,-1.0142484569648167,0.43317855838481995,0.9234506730074735,-0.04864778826362596,-0.003513084530071901,-0.38060465769113533,0.8996243264984938,-0.11471900575641403,0.0337168220171602,-0.00028569809485418156,-0.0007658226858892474,6.455649227993375e-05,0.43146609887981663,0.3820717280627412,0.4258483047760941,0.3913496407680937
708,5.9,0.8155301645464361,-0.9828381757989129,0.5,0.9983108922887379,-0.05653428882901179,0.011975503930493802,0.00598530115137294,1.0490905487784532,-0.19690480658399384,0.0,-0.03409531664999006,-0.13898081911813118,2.403513600720761e-06,0.39199367110468425,0.3915286388186175,0.39324939349408594,0.39371771636952724,0.880561349961113,-1.0149621648710234,0.43321289323605383,0.9234825157064983,-0.048788214249988644,-0.0038899262536239766,-0.380505744777179,0.8903789263666861,-0.11158629746677029,0.015367381086467402,-0.00044963301940179447,-0.0003930564795195209,0.00014760260513846688,0.42641022621038766,0.37840656174949217,0.4232312170141427,0.38736313887997886
709,5.908333333333333,0.8242809976985632,-0.9844403649943392,0.5,0.9983098334925182,-0.056669032347270665,0.011395595805249613,0.0060197608929284,1.0509482682593785,-0.18759041962894585,0.0,-0.0323616408297112,-0.1394343144611155,2.183922229188201e-06,0.39197889830121785,0.39153904386713356,0.39326673640429133,0.39371011782234255,0.8865066383872346,-1.0156574057602894,0.4333305230196511,0.9235142610237052,-0.04896112605073233,-0.0044685328813908924,-0.38040011834326765,0.8858131186153417,-0.10906754638919658,0.044898586641700655,-0.00039563311003944896,-0.0005862951836550433,8.071423831668259e-05,0.42972276819674715,0.38312231799365387,0.4262150020552884,0.3889790409978814
710,5.916666666666667,0.8330468575057709,-0.985964831122947,0.5,0.9983088507063452,-0.05679651847505995,0.01081389282251841,0.00605423921820598,1.0527100700808034,-0.17825509469251477,0.0,-0.030621081722271407,-0.1398627257533556,1.963949544171381e-06,0.39196414620784337,0.3915495911546329,0.3932838136339545,0.3937021339188731,0.9043917081923942,-1.0175381215264558,0.43353015832197533,0.9235326588170214,-0.04958904137650385,-0.005671774052183881,-0.3802580519237213,0.9037837647400959,-0.09595204555341574,0.0038841837856906647,-5.707297496698137e-05,-0.00031687727758442053,9.821082652976665e-05,0.4256097582869528,0.37964399434343543,0.42073784747473947,0.3828560211301304
711,5.925,0.8418269432369749,-0.9874114057039449,0.5,0.9983079440583645,-0.056916719953111594,0.010230500197590404,0.006088734305855458,1.054375674589044,-0.168900037474683,0.0,-0.028874049284070058,-0.14026593628267522,1.7436339262311834e-06,0.391949419517207,0.3915602778436915,0.3933006201995413,0.39369376702864894,0.9103427960036172,-1.018086394952768,0.4335468509437964,0.9235695089567877,-0.04938609221588608,-0.006055110765892965,-0.3801890472575122,0.8901447526839079,-0.10171973573134263,0.026579674823729027,-0.0004477015481713222,-0.00046768960178674373,0.00019706961165260014,0.43042200574825173,0.3827003761928334,0.42901439221855997,0.39288138932865885
712,5.933333333333334,0.8506204519192491,-0.9887799303258489,0.5,0.9983071136651299,-0.05702961124520097,0.009645523608061052,0.006123244331630524,1.0559448196983667,-0.1595264579376834,0.0,-0.027120955642420844,-0.14064383679080647,1.5230138644805463e-06,0.39193472289083503,0.3915711010190611,0.3933171511877101,0.3936850196356227,0.9163497319213675,-1.018611017095652,0.43350654276282347,0.9235765995312443,-0.049321306295093806,-0.006437449799193082,-0.38017395069064397,0.8994240904506845,-0.08888742052524101,-0.015617323247685277,4.109047972052447e-05,-0.00043734716378857134,0.00024814845376636434,0.42904951786315976,0.3815929708581877,0.4234335833280053,0.38707589622940525
713,5.941666666666666,0.8594265784845972,-0.9900702566805313,0.5,0.9983063596315742,-0.057135168546745704,0.009059069162443664,0.0061577674687053685,1.0574172609636252,-0.1501355700164882,0.0,-0.02536221494758866,-0.1409963255171972,1.3021279434560773e-06,0.3919200609570439,0.3915820576888507,0.3933334017574001,0.3936758943371691,0.9222822912815252,-1.0190658938228,0.43358068878903117,0.9236075278978749,-0.0493326967237121,-0.00667907048403371,-0.3800931589252985,0.9053345829408199,-0.07568067837055992,-0.005224497570849307,-0.0002076744230805005,-0.0001564969031913415,9.494305843133746e-05,0.43468812412026797,0.3877872696618027,0.4315856873612966,0.3946775074543028
714,5.95,0.8682445159173038,-0.9912822465948508,0.5,0.9983056820509841,-0.05723336979278004,0.008471243368608525,0.006192301887992095,1.0587927716475851,-0.1407285913279383,0.0,-0.023598243223885332,-0.14132330823964107,1.0810148308362105e-06,0.39190543830890406,0.3915931447857662,0.393349367141883,0.3936663938429915,0.9282512919704907,-1.0194908396595863,0.4336058662201219,0.923625333455855,-0.049307635172754424,-0.007046281145652739,-0.3800465108828757,0.8881460848717215,-0.07043010745684253,-0.0012064640064812782,-0.0008123499037024319,-0.00031496381234994065,0.0001996858245500327,0.4322904629090536,0.3855805172514554,0.430332721967234,0.39322602270883844
715,5.958333333333333,0.8770734554018178,-0.9924157720598514,0.5,0.9983050810049755,-0.05732419466530127,0.007882153102061936,0.006226845758458804,1.060071142782903,-0.13130674287861832,0.0,-0.021829458219944316,-0.14162469831167449,8.597132670432744e-07,0.39189085950219243,0.3916043591683822,0.3933650426507766,0.39365652097402826,0.9342569271928591,-1.0198977859352167,0.43357376433677897,0.9236333182119549,-0.04957787609993829,-0.007412560707142531,-0.37998497553713334,0.8877310329436616,-0.062445130120569736,0.007511151609784772,-0.0005050474052907529,-0.0002996727140303713,-2.5289672317658005e-05,0.4319821733321534,0.38767824708832166,0.42951066038624824,0.390030574867821
716,5.966666666666667,0.8859125864711258,-0.9934707152575215,0.5,0.9983045565634745,-0.05740762459998499,0.0072919055740790105,0.0062613972474483215,1.0612521832287418,-0.12187124877158913,0.0,-0.020056279258113475,-0.14190041669679004,6.382620510603926e-07,0.39187632905335695,0.3916156976224529,0.39338042367203,0.393646278661311,0.9402246248083144,-1.020288066282238,0.4336065826517593,0.9236682486995457,-0.049578908623439194,-0.007730813410128094,-0.3798935807407659,0.9004918471886447,-0.017994384993191836,-0.02083366455205571,0.0006641111918388839,-0.00024146021520612558,0.00010834758577536288,0.43030487794097594,0.3867119882542987,0.42835728971351184,0.3881288679445638
717,5.975,0.8947610971555718,-0.9944469685851032,0.5,0.9983041087847003,-0.05748364279226529,0.0067006082997032234,0.006295954520997385,1.0623357197219947,-0.11242333591207594,0.0,-0.01827912708315435,-0.1421503919993696,4.1670002818607055e-07,0.39186185143754504,0.3916271568622724,0.3933955056738989,0.3936356699447015,0.9462119323222442,-1.0205426613635968,0.43356683530138185,0.9236728493441914,-0.04923293981761408,-0.007808494505832826,-0.3799257985907912,0.8795135642134189,-0.03217085248536922,0.003431192631986324,-5.105613209035068e-05,-9.601973713535412e-05,-0.00011177885023864042,0.42934278730317404,0.3895317504259127,0.4373891313019373,0.3934864614267903
718,5.983333333333333,0.9036181741320726,-0.9953444346769436,0.5,0.9983037377151502,-0.05755223420277787,0.006108369065627331,0.006330515744156261,1.0633215969230971,-0.10296423371223416,0.0,-0.01649842371030774,-0.14237456049233746,1.9506608086271304e-07,0.3918474310866254,0.39163873353207457,0.39341028420683327,0.3936246979716659,0.9522346155684357,-1.020834577369582,0.4334844101376851,0.9237128339504964,-0.04900080519376044,-0.008086802307835097,-0.37985276767971593,0.8916532701128133,-0.012063851962929029,-0.019257656333426798,0.0004945059915385007,-3.671130740195275e-05,0.00011387103110319732,0.42912379897433517,0.3888254726819835,0.43049969419252976,0.3869625968915612
719,5.991666666666667,0.9124830028736898,-0.9961630264238848,0.5,0.9983034433895899,-0.057613385562163125,0.0055152958979686785,0.006365079081308666,1.0642096774564118,-0.09349517379509042,0.0,-0.014714592272743807,-0.14257286614160997,-2.6600887718247757e-08,0.3918330723872308,0.3916504242074696,0.39342475490536416,0.39361336599596614,0.9581947000206646,-1.02108759359915,0.43352975325222265,0.9237156023957364,-0.049143623903722664,-0.008444103037036459,-0.3798198089149529,0.8794322291417078,-0.019163443979408612,-0.004797018242846951,-0.0007663166204077286,3.6878018795304046e-05,-5.659723661410183e-05,0.4308996556603971,0.39133787205028797,0.43579518478432605,0.39162823244829037
720,6.0,0.9213547677995126,-0.9969026669901788,0.5,0.9983032258310437,-0.05766708537522706,0.004921497029952862,0.006399642696491869,1.0649998419451654,-0.08401738969776983,0.0,-0.012928056868529388,-0.14274526062717197,-2.4826196322672023e-07,0.39181877967885137,0.3916622253969253,0.393438913489968,0.3936016773762623,0.9641605357042853,-1.0212563741482383,0.43350421955609403,0.9237109257831433,-0.04921573413039227,-0.008600136541818463,-0.37981834441521767,0.9063638799695961,-0.00709678417092352,-0.02833803990172079,1.143464982000488e-05,-0.00010247103005657218,9.842813683606811e-05,0.4306598955896909,0.39109395245523215,0.43184194821432004,0.38760186853887696
721,6.008333333333333,0.9302326524247991,-0.9975632898279292,0.5,0.9983030850507908,-0.05771332392445826,0.004327080869520166,0.00643420475371693,1.06569198904093,-0.07453211657412787,0.0,-0.011139242407177617,-0.14289170336088494,-4.698782329563139e-07,0.3918045572519378,0.39167413354328606,0.39345275576884253,0.3935896355747345,0.9701551530188116,-1.0213892655579528,0.43346877516111665,0.9237478384477193,-0.04885664340983762,-0.00874625947303573,-0.37977159228030805,0.8897488473044946,0.0020767242682184772,-0.014076715238570126,-0.00010913161444523967,-0.0003560055498743532,9.252421638089248e-05,0.4335336197333404,0.39169588038241543,0.43647939614616393,0.3945512525837524
722,6.016666666666667,0.9391158395113406,-0.9981448386890508,0.5,0.9983030210483631,-0.05775209327289951,0.003732155966867888,0.006468763417288911,1.0662860354476336,-0.06504059089688326,0.0,-0.009348574455839793,-0.14301216150100443,-6.914107991487506e-07,0.3917904093460437,0.39168614502531557,0.393466277639691,0.39357724415561285,0.9760777414973452,-1.02150869338026,0.4334907529508369,0.9237426882288797,-0.048980797752279905,-0.008946354702082548,-0.3797634660321836,0.8786649241440014,-0.016361640719275705,0.004761998421903835,-0.0005044181285943735,-0.00019143604871355718,-4.004595661827779e-05,0.4315528488632461,0.39192017639408466,0.43386425357536845,0.389742615144792
723,6.025,0.9480035112179943,-0.9986472676347453,0.5,0.9983030338115456,-0.057783387266372443,0.0031368309819431316,0.006503316852127012,1.0667819159400904,-0.05554405015937342,0.0,-0.007556479085220283,-0.14310660996334126,-9.128207889962797e-07,0.39177634014798607,0.3916982561593019,0.3934794750914328,0.39356450678368,0.9820224361122911,-1.0215968637344213,0.4334740836611073,0.9237685815595928,-0.0488081991310353,-0.009075546229886858,-0.3797196358915251,0.8937732440980062,0.019262619913407164,-0.030185380025843367,-7.109463480699166e-05,0.00018800261693699926,-4.4540676337562063e-05,0.4322572636562837,0.39092395701779564,0.4278673052934932,0.38536179461621967
724,6.033333333333333,0.9568948492513447,-0.9990705410424909,0.5,0.9983031233163812,-0.05780720153505476,0.002541214651899733,0.006537863224084506,1.0671795833770508,-0.04604373257703573,0.0,-0.0057633827153234524,-0.1431750314291407,-1.1340693701830662e-06,0.3917623537900435,0.39171046320067177,0.3934923442058973,0.393551427222724,0.9880068033776762,-1.0215754014298206,0.43335941375049464,0.9237467876659876,-0.048574079185450585,-0.009234441355242989,-0.3797988364923086,0.8894987613441874,0.025304395061587215,0.022449716089378846,0.00018217216893518258,-0.0004966772483576018,4.805461905625076e-05,0.4337069077865721,0.39457368938834797,0.43698284592309383,0.3923842962325558
725,6.041666666666666,0.9657890350164476,-0.9994146336105421,0.5,0.998303289527177,-0.05782353349440928,0.0019454157585332788,0.006572400700268366,1.067479008708758,-0.03654087678872596,0.0,-0.003969711961026903,-0.14321741634959093,-1.3551177597114633e-06,0.3917484543481931,0.3917227623456469,0.39350488115947047,0.3935380093339356,0.9938880509764857,-1.0215967813239615,0.43334671163105815,0.9237807964686393,-0.048436336428404184,-0.00950877753290774,-0.379726934176377,0.8830904406786688,0.020521234934212096,0.02009702832875271,-0.0009260040376619737,-0.00011929041861108085,-6.609033557437025e-05,0.42617953363054667,0.38687456214758226,0.42730255002220735,0.38281776518310684
726,6.05,0.9746852497676027,-0.9996795303599406,0.5,0.9983035323965151,-0.057832382345464284,0.0013495430957086215,0.006606927449358522,1.0676801809790173,-0.027036721557990643,0.0,-0.002175893477684832,-0.14323376294704854,-1.5759272377416367e-06,0.3917346458403661,0.3917351497329585,0.39351708222466264,0.39352425707428956,0.9998025559282492,-1.0215665441395687,0.4332780663036532,0.923759975116079,-0.04862734531714528,-0.009611521738854408,-0.37975058697889036,0.900921659020204,0.03564819021686372,-0.003554761350260671,-0.0005725243845909556,-1.1046724498736368e-05,0.00010952327055823135,0.4283895494187613,0.3885847934969779,0.42635101061332364,0.3823453251918678
727,6.058333333333334,0.9835826747591255,-0.9998652266340375,0.5,0.9983038518652653,-0.05783374907444604,0.0007537054367931014,0.006641441641926595,1.0677831073217772,-0.017532505474389767,0.0,-0.0003823538067165118,-0.14322407721290967,-1.7964591606071945e-06,0.3917209322247357,0.39174762144555264,0.39352894377170033,0.39351017449485787,1.0057897796046422,-1.0214557166343952,0.433203667452085,0.9237773987220407,-0.048637044525394295,-0.00977121310983616,-0.3797028824021979,0.8976872910287037,0.0543259198122259,0.0045898560890655915,0.0005900372447143685,-0.00038518547635120774,0.00011534876522190012,0.430827220776374,0.3902047380252985,0.4314503454459458,0.3883058753739611
728,6.066666666666666,0.9924804913960529,-0.9999717280955274,0.5,0.9983042478626013,-0.05782763645176281,0.00015801150211048405,0.006675941450754057,1.067787812952221,-0.008029466654998325,0.0,0.0014104807786992802,-0.14318837290214792,-2.016674971350163e-06,0.3917073173980685,0.3917601735123592,0.3935404622700132,0.3934957657390769,1.041368759499913,-1.0200170909687551,0.43305262259803057,0.9237980787371222,-0.04830848180343546,-0.010647160123333119,-0.37967096055500105,0.8830201204898636,0.04783473621778889,0.008835281105001869,0.00028808569504959095,-0.0003504654946097957,0.00011754571954842062,0.4281784709750874,0.389421867301956,0.4311568042378848,0.38617564789265385
729,6.075,1.0013778813847538,-0.9999990507209942,0.5,0.99830472030602,-0.05781404903034201,-0.0004374300735713633,0.006710425051149682,1.067694341152382,0.0014711575538199411,0.0,0.0032021844276671576,-0.1431266715245611,-2.2365362125353894e-06,0.391693805194089,0.3917728019100786,0.39355163428969075,0.3934810350409992,1.0472720024460074,-1.0196109184220963,0.43312414145187833,0.9238470707968206,-0.04805026099903753,-0.010977188990802982,-0.37957510919437126,0.8900999393256503,0.058799946851140206,-0.014770782941547766,-0.00010983234881217697,0.00017677945814168936,-0.0002323225995234025,0.42932713773740333,0.38648727338256395,0.4289414843677672,0.3879576420417178
730,6.083333333333334,1.010274026883388,-0.9999472207929774,0.5,0.9983052691013635,-0.05779299314332128,-0.0010325107735044072,0.006744890621266219,1.067502753251286,0.010968130874244577,0.0,0.004992331865435254,-0.14303900233269076,-2.4560045379286993e-06,0.3916803993818691,0.3917855025649895,0.39356245650291244,0.3934659867235032,1.0620009743980081,-1.0185584609382698,0.4331236648283977,0.9238507272894807,-0.047885158920319144,-0.011350827782768767,-0.3795760845344703,0.888960616043466,0.0814308768496641,0.028655865792343027,-1.5024497506195444e-05,-0.0002082471153786613,-8.90572886522616e-05,0.43264322439805464,0.38977488214769457,0.43331113291597834,0.3923620038632903
731,6.091666666666667,1.0191681106521753,-0.9998162748895547,0.5,0.9983058941428442,-0.05776447690109447,-0.001627122231362662,0.006779336342416169,1.067213128599631,0.02046021839433616,0.0,0.006780498546880015,-0.14292540230643913,-2.675041725287014e-06,0.39166710366427393,0.3917982713548163,0.39357292568530916,0.39345062519643365,1.0678853298283737,-1.0180222459580046,0.4331193544941574,0.9238566902395092,-0.04767758547034599,-0.011345652858454187,-0.3795878553176231,0.8742976493304466,0.07300651814550196,0.0042115529930331075,-0.000438908732095675,0.00017700943922467424,2.0997886560106224e-05,0.4237766024271572,0.381435114837646,0.42725114227351735,0.38579977768270896
732,6.1,1.0280593162034233,-0.9996062598714537,0.5,0.9983065953130728,-0.05772851018771482,-0.002221156263568262,0.006813760399386569,1.0668255645390208,0.029946186864761547,0.0,0.008566260809549267,-0.14278591613435868,-2.8936096882672263e-06,0.3916539216764498,0.3918111041105862,0.3935830387172931,0.3934349549547248,1.0737624186892627,-1.0174564007138058,0.4332160671901483,0.9238414680694219,-0.047717834868381576,-0.011590196937410844,-0.37961245691594625,0.8737783833788093,0.10284112958691694,0.019379042060496676,0.0005307614261261111,-0.00019385147011848197,-0.00011688118533516355,0.4300518715877464,0.3876196410166586,0.4296521340423607,0.3882926586576872
733,6.108333333333333,1.0369468279512712,-0.9993172328666904,0.5,0.9983073724830903,-0.057685104656657084,-0.0028145049015278487,0.006848160980752693,1.0663401763657632,0.0394248049948016,0.0,0.010349196026251563,-0.1426205961917004,-3.111670487191895e-06,0.39164085698435036,0.3918239966185221,0.3935927925853193,0.3934189805764955,1.079621321679446,-1.0169016280075014,0.43327767619803914,0.923843193541328,-0.0479801150788847,-0.011765088190254723,-0.3795698157180742,0.8850141019004498,0.11576322847743903,0.03498164135762316,0.0003354444468105464,-0.00022461456975145748,-1.0346973413271971e-05,0.42442489929570854,0.3851464278705702,0.42951537553495844,0.3850237062307887
734,6.116666666666667,1.0458298313611063,-0.9989492612527489,0.5,0.9983082255124005,-0.057634273725940634,-0.0034070604237655643,0.0068825362791905716,1.0657570972892556,0.04889484374753519,0.0,0.012128882757032385,-0.1424295025151816,-3.329186341433435e-06,0.39162791308327877,0.39183694462198704,0.39360218438310873,0.39340270672109856,1.0854934342625302,-1.0162705920737054,0.433361176830155,0.9238305962587967,-0.0478792128360191,-0.011796255057633615,-0.3796122479069066,0.8798406144996385,0.09986733997076058,0.045863339342094855,-2.8138106739174066e-05,-0.0006840319668327273,0.00010003226633895704,0.4210515724278693,0.38100867211256056,0.42749589207154637,0.38377332078776816
735,6.125,1.0547075130986063,-0.9985024226363026,0.5,0.9983091542490083,-0.05757603257261707,-0.003998715387938815,0.006916884491788231,1.0650764783849727,0.0583550766340874,0.0,0.013904900900541629,-0.14221270277446946,-3.5461196420307622e-06,0.3916150933964965,0.39184994382341554,0.3936112113128288,0.3933861381271358,1.1089893951177032,-1.0132796567270488,0.4338069285672038,0.9238625931257181,-0.04698988217375104,-0.012349514383522258,-0.3796279092622308,0.8908108739613452,0.1093650273422675,-0.006445120634357426,2.2588206332315638e-05,-9.073603722646002e-06,-2.263937268800235e-05,0.4228647870893367,0.3803115948990745,0.4228589103923652,0.381603361279315
736,6.133333333333333,1.0635790611783584,-0.9979768048304924,0.5,0.9983101585294597,-0.05751039812662412,-0.004589362662723045,0.006951203820355555,1.0642984885420825,0.06780428000683328,0.0,0.015676831844662203,-0.14197027224046693,-3.762432962234677e-06,0.39160240127388,0.3918629898862934,0.39361987068619986,0.39336927961043183,1.1148442514257284,-1.0124120432393573,0.43388174756917985,0.9238836845512793,-0.04668572160641677,-0.012456240826943608,-0.37961062008655877,0.8831392852547193,0.11970231065914216,0.025907932448904214,0.00021053851047702192,-0.0003564739386134852,-5.502905330517971e-05,0.4305881030133107,0.3849936097428328,0.4319577464623461,0.3937052278696161
737,6.141666666666667,1.0724436651120224,-0.9973725058297611,0.5,0.9983112381788837,-0.05743738906401023,-0.0051788954595524215,0.006985492471732678,1.0634233144057152,0.07724123335145754,0.0,0.01744425861631078,-0.1417022937503543,-3.978089070051649e-06,0.39158983999059016,0.39187607843714944,0.39362815992558287,0.3933521360619846,1.1235794590795896,-1.0110497583242393,0.4341116917070606,0.9239022009119728,-0.046494037184013064,-0.012608054910633886,-0.379584067905536,0.8660438720964336,0.13694167757440923,0.0231586009974194,0.0001856327260657334,-0.00035237648055964644,7.846154665685255e-05,0.42554108965317305,0.3808401818471059,0.42622735770855774,0.38710583738771437
738,6.15,1.0813005160559777,-0.9966896337822682,0.5,0.9983123930110391,-0.057357025799532856,-0.0057672073642022915,0.007019748658096808,1.0624511603139088,0.0866647195777524,0.0,0.019206766030437653,-0.14140885766942382,-4.193050938752774e-06,0.3915774127458039,0.39188920506755076,0.39363607656500144,0.3933347124458937,1.1288527822858212,-1.009816437164694,0.43314066236705767,0.9239807714074858,-0.04882658886007147,-0.011283076223781802,-0.3791413858713465,1.0569294695779607,0.026011511255252806,0.3266349732035878,0.003829899522409715,-0.00427232932121548,-0.000521454106290724,0.42450650191995926,0.3829341976984231,0.42774069493388966,0.3855431872183541
739,6.158333333333333,1.0901488069584224,-0.9959283069598801,0.5,0.9983136228283624,-0.057269330478634216,-0.006354192368200621,0.007053970597267388,1.0613822482292659,0.09607352530905716,0.0,0.02096394083804463,-0.14109006184977174,-4.407281758668155e-06,0.3915651226614936,0.39190236533615197,0.3936436182510821,0.3933170137972507,1.1346483332094894,-1.0087778077714542,0.4332923123975134,0.9239700677102487,-0.048486837162244875,-0.011219841762492683,-0.3792129424852812,0.7016318014245737,0.23726698091712795,-0.31016403008686244,-0.0036358967494683797,0.0044282999691146255,0.0010266495490360856,0.39381994979388246,0.30929388926528234,0.3619569786700034,0.3622765515939702
740,6.166666666666666,1.0989877327058757,-0.9950886537257624,0.5,0.9983149274220204,-0.05717432696879929,-0.006939744900054841,0.007088156513009518,1.0602168176653461,0.10546644117022998,0.0,0.022715371873173712,-0.14074601158582678,-4.620744949586711e-06,0.39155297278124646,0.39191555477073936,0.393650782743985,0.3932990452199852,1.1404922967391593,-1.0077740499164534,0.43349776141103696,0.9239697362597096,-0.048362443566530106,-0.0114580714499985,-0.37922251136645846,0.8843103849257572,0.13943470790718226,0.02420154956720988,-0.0004192463874821082,-0.0001554370729291183,3.05481268914589e-05,0.461021912855723,0.4577699551367215,0.4982776033919889,0.41834137967548424
741,6.175,1.1078164902690406,-0.9941708124995754,0.5,0.9983163065719642,-0.05707204085030014,-0.007523759856281114,0.007122304635335513,1.0589551256078384,0.11484226207405077,0.0,0.024460650198832482,-0.14037681956673817,-4.833404170545216e-06,0.39154096606912625,0.39192876887028855,0.39365756791827466,0.39328081188469427,1.146323541844585,-1.0067322919841488,0.43362379270086565,0.9239587267169835,-0.04807597313074881,-0.011360950040764865,-0.37928867758639107,0.8661371090759706,0.14964238489052484,0.03074235325646324,0.0002212643591175794,-0.0001321917747593401,-0.00013019818631104956,0.4243608882498851,0.37909278688881903,0.42713908687744634,0.38846151127424977
742,6.183333333333334,1.116634278847981,-0.9931749317202945,0.5,0.9983177600469861,-0.05696249940633144,-0.008106132632222656,0.007156413200804533,1.0575974464305367,0.12419978750594504,0.0,0.02619936925175023,-0.13998260582568095,-5.045223330998189e-06,0.39152910540857655,0.391942003107052,0.39366397176370893,0.3932623190264645,1.1520994654404397,-1.0056486012916714,0.4338653040925273,0.923961174044164,-0.04781670984221022,-0.01162307054918482,-0.37930754718276394,0.87054133039981,0.16631985171340347,0.04777617387989319,0.0003151512846089833,-0.00048026954080330786,-6.466623788026583e-05,0.42536109824601,0.3806768227748555,0.4253381852158592,0.38621729084231554
743,6.191666666666666,1.125440300016576,-0.9921011698066642,0.5,0.9983192876047804,-0.05684573161254257,-0.008686759152644632,0.007190480452820185,1.0561440718061699,0.1335378218069352,0.0,0.02793112498591622,-0.13956349768609744,-5.25616660303381e-06,0.39151739360137766,0.39195525292864625,0.39366999238600053,0.39324357194264925,1.16942276338084,-1.002208372255603,0.43449561328647396,0.9240019796284801,-0.045872729305999456,-0.01194090709975479,-0.3794383337069457,0.8825303729061096,0.17463639025243616,0.035189119281531234,0.00043671029784088535,-0.00019625675792741407,3.1092125157894404e-05,0.42147327569608317,0.3773698164114846,0.423162644876214,0.38350191220872765
744,6.2,1.1342337578662005,-0.9909496951153063,0.5,0.9983208889920061,-0.05672176812597127,-0.009265535902092406,0.007224504641925996,1.0545953106121173,0.1428551744547086,0.0,0.029655516014816957,-0.1391196297049005,-5.466198431293076e-06,0.39150583336666367,0.3919685137601572,0.39367562800751155,0.39322457599061506,1.1757934728967208,-1.0013132763781418,0.4358142972036626,0.9238828447603801,-0.04309328621665809,-0.01353846549878929,-0.3800002207794818,1.055915106185945,0.08249682540841796,0.3424908115905123,0.003902193568958553,-0.004849868372902712,-0.0006368945303765618,0.42407825432376933,0.37637785475437646,0.4241983765259564,0.38808863062629806
745,6.208333333333334,1.1430138591486,-0.9897206858964929,0.5,0.9983225639443527,-0.05659064127338495,-0.009842359955000891,0.007258484026098694,1.052951488831055,0.1521506603427119,0.0,0.03137214375228061,-0.13865114361268757,-5.675283543799675e-06,0.39149442733995593,0.3919817810062661,0.3936808769678971,0.39320533658548573,1.181559070124901,-1.0001219304814082,0.43601682841025485,0.9239180153800182,-0.04255643225731861,-0.013756862170871556,-0.37996736658953834,0.8647143788561351,0.1838810621828113,0.026091305524778008,0.001154661960115924,-0.0005519327544403984,-0.00016543229087259798,0.39264037879173674,0.3067712225293916,0.35631593444120335,0.35780403739672656
746,6.216666666666667,1.1517798134179078,-0.9884143302476067,0.5,0.9983243121866087,-0.05645238503903554,-0.010417129005542194,0.007292416871039181,1.0512129494465834,0.1614231000571608,0.0,0.0330806125519322,-0.1381581882509593,-5.8833869635774305e-06,0.39148317807226013,0.39199505005337143,0.39368573772470855,0.3931858591978438,1.1866977560364416,-0.9984554879835603,0.4350790042857567,0.9240181087087411,-0.044762476439946415,-0.012442901885088488,-0.37951551967470676,0.6858906295041045,0.3121215614901529,-0.3041938952084322,-0.0030612605070143156,0.004054780947099139,0.0008425766318118026,0.4275588996152124,0.38297393183767414,0.42241279372878443,0.3833022732085071
747,6.225,1.1605308331717683,-0.9870308260643017,0.5,0.998326133432733,-0.056307035051833834,-0.010989741397199262,0.007326301450461122,1.0493800523338728,0.17067132015187536,0.0,0.03478052984510701,-0.1376409195064193,-6.090474017565045e-06,0.39147208802923317,0.39200831627171956,0.393690208853907,0.3931661493514318,1.1953386623252698,-0.9963444405179719,0.43555462109372595,0.9239661273280099,-0.043936744210494295,-0.01231294294979188,-0.3797427412006405,0.8742648367934258,0.2083864349410769,0.0460008484129415,0.0008482777879118196,-0.00022622198712037223,-4.4858757001301064e-05,0.46014146231525793,0.4559514593198992,0.49663646945285334,0.4177341826218858
748,6.233333333333333,1.1692661339915222,-0.9855703809893863,0.5,0.9983280273859291,-0.05615462857195051,-0.011560096152053367,0.007360136046377073,1.0474531741453865,0.17989415342083798,0.0,0.036471506277214634,-0.13709950024242104,-6.296510348243953e-06,0.39146115959035943,0.3920215750175535,0.3936942890503468,0.39314621262083194,1.2010862251092547,-0.9950153747926342,0.4358339703862215,0.9239464402785901,-0.04370942004020704,-0.012451618860852649,-0.3798123474612358,0.8562438291504826,0.2002502180226795,0.04908607276009058,0.000724001546983279,-8.491402720998818e-05,-0.00021890076408674508,0.4209226330123469,0.37517749116620147,0.42194364408035573,0.3836789366246234
749,6.241666666666667,1.177984934681421,-0.9840332123594457,0.5,0.998329993738721,-0.0559952044768499,-0.012128092999773686,0.007393918949382049,1.0454327081917236,0.18909043916838592,0.0,0.038153155842470525,-0.13653410022750526,-6.501461923585222e-06,0.39145039504820023,0.39203482163526754,0.39369797712820953,0.39312605462910216,1.2068376309386952,-0.9936791537690268,0.43602530786890026,0.9239855034638326,-0.04352385474893885,-0.012489536134044249,-0.37973737627949916,0.848236222017773,0.18730831764907085,0.053785959341973166,-5.544525280149728e-05,-0.0003724356197485554,3.796026069924254e-05,0.4247701580254455,0.37735558025483534,0.41874945411133985,0.3822252579263997
750,6.25,1.186686457406814,-0.9824195471492279,0.5,0.9983320321730333,-0.055828803246764314,-0.01269363240629637,0.007427648458934452,1.043319064317642,0.1982590234769289,0.0,0.039825096016914606,-0.13594489606114923,-6.705295046640844e-06,0.39143979660768624,0.3920480514595512,0.3937012720213599,0.3931056810454387,1.226816947856331,-0.9883574148535996,0.43707087246243426,0.9239379859301176,-0.041197425217110575,-0.01288707723756755,-0.38009905755099094,0.8597474387202819,0.20581164096038496,0.022119160480693623,0.0006022079827603689,-0.00019779846875582732,-0.00010624951559180713,0.42694621972242924,0.37793690179164036,0.41552076005869143,0.38066712285942156
751,6.258333333333333,1.1953699278312866,-0.9807296219138064,0.5,0.9983341423602733,-0.055655466949615776,-0.013256615602182368,0.007461322883634285,1.0411126687733134,0.20739875947211558,0.0,0.041486947889709316,-0.13533207109676793,-6.907976366574836e-06,0.39142936638545783,0.3920612598175513,0.3937041727836619,0.39308509758279403,1.2325525022345332,-0.9867600145807507,0.4373584484544546,0.9239591593148003,-0.04059549826901081,-0.01307566896849547,-0.3801059119766553,0.8560686122329075,0.22127206429620738,0.05150986182702599,0.001471271432997149,-0.0005423959794923335,-1.8204264474048e-05,0.4308609969774394,0.37961318552760837,0.4210300751199771,0.38826573270718107
752,6.266666666666667,1.2040345752526975,-0.978963682728553,0.5,0.998336323961415,-0.05547523922539291,-0.013816944610641726,0.007494940541498553,1.0388139640808647,0.216508507585343,0.0,0.04313833629257129,-0.13469581536195407,-7.10947288772891e-06,0.39141910640927136,0.3920744420310406,0.39370667858922986,0.3930643099954733,1.2495156809352208,-0.9817511044741499,0.4382376463189938,0.9238798064087184,-0.03992224125108051,-0.01360924790532347,-0.38035129332648665,0.8680585626003268,0.23314298288915625,0.06248650965946512,-0.00032637761317642764,-0.0004737959736038419,-0.0003484535278796017,0.4256360351233687,0.3752766365673356,0.41612303644394044,0.382542333011726
753,6.275,1.2126796327380813,-0.9771219851269313,0.5,0.9983385766270868,-0.05528816526999107,-0.014374522275213547,0.007528499760233783,1.0364234088962716,0.22558713581352402,0.0,0.04477888992732912,-0.1340363254760683,-7.309751979347329e-06,0.39140901861743543,0.392087593418562,0.3937087887326357,0.393043324076748,1.255146363018532,-0.9799664650417008,0.4386321186167028,0.9238130898964317,-0.040019713856544945,-0.013765000175887278,-0.38049746675767165,0.8684792028946564,0.229851693243166,0.026799733730342723,0.0006902826367732734,-0.00035512386212225536,0.0001528494249465915,0.42273816116785357,0.36990362237474966,0.4147196002596124,0.3834410673729306
754,6.283333333333333,1.2213043372573746,-0.9752047940361419,0.5,0.9983408999976613,-0.0550942918185237,-0.014929252287090274,0.007561998877505592,1.0339414778666616,0.23463351997602255,0.0,0.04640824149157667,-0.13335380456518772,-7.508781384172464e-06,0.391399104858291,0.3921007092975964,0.393710502629046,0.3930221456564587,1.2608085956498538,-0.9782480251244501,0.43895808343173104,0.9237453652719789,-0.04042551260206672,-0.013830531734128184,-0.3806165977218409,0.8614373873720327,0.24537007285203583,0.03922455020735072,0.0002781489147647219,-0.00048744272718672066,0.00012197374577543032,0.4296539598741298,0.37581252737476056,0.41971021600038383,0.38952680879320517
755,6.291666666666666,1.229907929815935,-0.9732123837106426,0.5,0.9983432937033474,-0.05489366712811299,-0.015481039212075528,0.007595436241205205,1.0313686614830855,0.24364654396866872,0.0,0.048026027802303556,-0.1326484621744805,-7.7065292302652e-06,0.3913893668897674,0.3921137849867368,0.3937118198143003,0.39300078059857424,1.266445712480519,-0.9764938936000414,0.4392303076234251,0.9237482578793055,-0.04068912302074471,-0.013958418935508475,-0.38057681730968856,0.8460013508550412,0.22940188509257275,0.05025271821175181,-0.0006099535486657333,-6.681942859455206e-05,2.374028038812054e-05,0.4261821841463425,0.3741970159921882,0.4186919222094617,0.3866362058470572
756,6.3,1.2384896555858051,-0.9711450376635633,0.5,0.9983457573642847,-0.05468634096016899,-0.01602978851716475,0.007628810209712842,1.0287054659288306,0.25262510001476657,0.0,0.04963188991744128,-0.13192051417802633,-7.90296403858741e-06,0.3913798063789885,0.3921268158078222,0.3937127399449731,0.39297923479874575,1.2748402945370805,-0.9736969631615605,0.439716819689652,0.9236331045761345,-0.040741292712312145,-0.014241504034984831,-0.38084014331738025,0.8546525387712833,0.27062523016774254,0.029656802455296782,0.00034428199721157036,0.000264002652564244,-0.00033700870926122773,0.42743274591789215,0.37434440924922563,0.4143287897829213,0.3833764543240564
757,6.308333333333334,1.2470487640356922,-0.969003048596049,0.5,0.9983482905906422,-0.05447236456216586,-0.016575406596738118,0.007662119152157951,1.0259524129233357,0.26156808891300704,0.0,0.05122547325534834,-0.13117018268616315,-8.098054730169835e-06,0.3913704249018965,0.3921397970880926,0.39371326279831864,0.39295751418191793,1.2832043761263319,-0.9708433912611266,0.4401241867997704,0.9236058946694281,-0.040629311154161664,-0.014702335576594672,-0.3809005798572861,0.8541812357965028,0.2667919228079074,0.043939676878407274,4.364846855613935e-05,-0.0002930956894263115,-3.611642882391403e-05,0.4254289261669369,0.3755956299927641,0.42196584231590106,0.3876257995735824
758,6.316666666666666,1.255584509059625,-0.9667867183245487,0.5,0.9983508929827164,-0.054251790648923805,-0.01711780079835551,0.007695361448676133,1.0231100395617767,0.2704744202822076,0.0,0.052806427712116376,-0.13039769595044925,-8.291770638968118e-06,0.39136122394295114,0.39215272416235203,0.39371338827219704,0.39293562469986304,1.2944357623786482,-0.9668704995863474,0.4408055499381513,0.9236153388337116,-0.039872883027628384,-0.015355804713542306,-0.3809318289822378,0.8533259177405883,0.25562499266585936,0.05618022909924525,-0.0002666194653815959,-0.00011609988929581756,7.235227211809633e-05,0.4244986249688578,0.37292375098696245,0.4182606349067719,0.3856991994285192
759,6.325,1.2640961491042553,-0.9644963577060843,0.5,0.9983535641310344,-0.05402467338340687,-0.017656879448143887,0.007728535490662753,1.0201788981503959,0.2793430128027971,0.0,0.054374407776632425,-0.1296032882661631,-8.484081517753927e-06,0.3913522048948923,0.39216559237509063,0.3937131163849617,0.39291357232871205,1.3139239654631247,-0.9595903448690956,0.4418902263824007,0.923478951262397,-0.04054876171186929,-0.016662280634473753,-0.38113618681908895,0.8403461899755937,0.25961962895664215,-0.011262275575429914,-0.0020527677387443565,0.00010996523057569484,-0.00013669805941117342,0.42502309029773977,0.3706013747875896,0.4137870755693504,0.3840575803415519
760,6.333333333333334,1.2725829472947565,-0.9621322865615227,0.5,0.9983563036164579,-0.053791068357045425,-0.018192551875766207,0.007761639681023131,1.0171595560376443,0.28817279445495253,0.0,0.05592907264339975,-0.12878719987255555,-8.674957546051312e-06,0.39134336905852607,0.39217839708261826,0.3937124472752377,0.3928913630665501,1.3253872472011379,-0.9555418105140066,0.4431930025744037,0.923382785223159,-0.039314819317185196,-0.01781703538783144,-0.3814461039066559,0.8496456468937819,0.3047636260529507,0.06875003130515922,0.00013886980292655238,-0.0005034279116463465,-5.369437562775233e-05,0.4336489664791462,0.38126416729089146,0.42684034605176097,0.39497365511739385
761,6.341666666666667,1.2810441715593068,-0.9596948335968798,0.5,0.9983591110102904,-0.05355103256959338,-0.01872472843896393,0.007794672434419265,1.0140525954412092,0.29696270275333286,0.0,0.057470086323034304,-0.12794967685082764,-8.864369340756684e-06,0.3913347176425624,0.39219113365519986,0.3937113812016897,0.39286900293094595,1.34736177182812,-0.946441745060281,0.44424318593544326,0.9232518265166351,-0.04008434776438608,-0.020136192430878448,-0.38156761347418844,0.8503897753313838,0.2936739365667407,0.060048641262128166,0.00011614203350437586,-0.00044577833419812997,0.00014827386509528017,0.41595484584075215,0.36583433006197763,0.4162633197482543,0.38207299616366697
762,6.35,1.2894790947520995,-0.9571843363226882,0.5,0.9983619858743863,-0.05330462440852996,-0.01925332054766215,0.007827632177512991,1.010858613271005,0.30571168497830875,0.0,0.05899711775038729,-0.12709097101985342,-9.052287962853928e-06,0.39132625176352415,0.3922037974791584,0.39370991854273346,0.392846497956491,1.352773221973332,-0.9441107810275889,0.44446883101747103,0.9231875288314884,-0.04020589256520685,-0.020798169069161754,-0.3816748733888773,0.8267385637296565,0.26612614000595114,0.03234601782057256,-5.166806667805995e-05,-0.00020699231346286688,-0.000215715550875264,0.4171024939953562,0.36535048691500865,0.4177754505610193,0.3851986985502776
763,6.358333333333333,1.2978869947748648,-0.954601140971453,0.5,0.9983649277612614,-0.05305190362801622,-0.019778240687629477,0.007860517349205533,1.0075782209482,0.3144186984036298,0.0,0.06050984089026152,-0.12621133982979774,-9.238684925395868e-06,0.3913179724457028,0.3922163839589672,0.3937080597961625,0.3928238541923687,1.3582054259859582,-0.9417706630462626,0.44463218929394005,0.9231775878161862,-0.04032956983238978,-0.0213043580761494,-0.3816579508905657,0.8277829007008242,0.3038917451347878,0.041787503000845216,-0.00014140285448659257,-0.00020866917908935986,4.483732203607773e-05,0.4258929713048619,0.37363629553184047,0.4189985371034999,0.38690275408596847
764,6.366666666666667,1.3062671546968585,-0.9519456024132316,0.5,0.9983679362142083,-0.0527929313274166,-0.020299402443683074,0.007893326400873382,1.0042120442203613,0.323082710520446,0.0,0.062007934840660084,-0.12531104625365105,-9.42353220100521e-06,0.3913098806211445,0.39222888851934395,0.3937058055787435,0.3928010776999097,1.363143293349718,-0.9391184139750866,0.4441296711958531,0.9230920219966072,-0.04265567240140779,-0.021263194366133713,-0.38161431983554683,0.8425352654111817,0.3119701977854161,0.052450851534013854,0.0010713520250006862,-0.0005682831468649806,4.399308489342493e-05,0.4196704587020775,0.3716067314848641,0.42113368109800187,0.38486010087526573
765,6.375,1.3146188628732967,-0.9492180840693638,0.5,0.9983710107674101,-0.05252776992939602,-0.020816720522431043,0.007926057796600426,1.0007607229727906,0.3317026992576233,0.0,0.06349108393354883,-0.12439035867670697,-9.606802230317443e-06,0.3913019771297,0.3922413066073282,0.3937031566257686,0.39277817455012626,1.368537646714801,-0.9366168186068673,0.4443855885738371,0.9230672408745003,-0.04278413042762305,-0.021867656953558516,-0.38162572317291554,0.816479712923468,0.27607000656468816,0.02888583656991406,-0.0005923571038779102,-9.415601753693185e-05,-0.0003206565293298848,0.41636496750521756,0.36713194934225435,0.42123320286529975,0.38612284553882725
766,6.383333333333333,1.3229414130621933,-0.9464189578243845,0.5,0.9983741509460606,-0.05225648315760315,-0.021330110774542867,0.007958710013406277,0.9972249110361413,0.3402776531982672,0.0,0.064958977833043,-0.12344955078405855,-9.788467927181535e-06,0.39129426271912765,0.3922536336943321,0.39370011379051606,0.3927551508213046,1.3739735809291356,-0.9341528915837296,0.4445323437493696,0.9229857960435366,-0.04322105255166138,-0.022397104870024883,-0.3817427544979038,1.01391121417862,0.25441865636230965,0.31057992252668254,0.005526238151247602,-0.002899771187507897,5.360338479807757e-05,0.4256829573049208,0.3749467393073376,0.42078632233989943,0.3871548520977847
767,6.391666666666667,1.3312341045395786,-0.9435486039361531,0.5,0.9983773562664819,-0.05197913601395095,-0.021839490216540716,0.007991281541470725,0.9936052759903872,0.34880657179240226,0.0,0.06641131163105014,-0.12248890144626207,-9.968502688826285e-06,0.39128673804523095,0.39226586527818197,0.39369667804368746,0.3927320125965709,1.3847008440013069,-0.9290729218454447,0.44479381669262424,0.9229013284363001,-0.04389804353277589,-0.023433517246834835,-0.38180750387328605,0.8397809407439061,0.30708852974115075,0.05073044738467258,-0.0010561582637877104,-0.0002882742799078411,-0.00013227534269738325,0.3869094331272184,0.3038535675188672,0.3683534994810096,0.36657795925287795
768,6.4,1.339496242213069,-0.9406074109442288,0.5,0.9983806262362486,-0.05169579475550495,-0.022344777052103592,0.008023770884354282,0.9899024989652369,0.3572884655657373,0.0,0.06784778594025077,-0.12150869460306928,-1.0146880400864998e-05,0.3912794036720773,0.3922779968851442,0.39369285047280306,0.39270876596143356,1.4037735023980042,-0.9200650819316909,0.4458511030763249,0.9228022134913171,-0.04219791643805706,-0.02589577019839021,-0.38207959865667385,0.8134882340756988,0.2865257117430131,0.04806383607942055,-0.0017074495538099176,9.684112537071232e-05,-0.00013098205760927206,0.41817668915135753,0.36798435363162096,0.4197991061605813,0.38554834917186465
769,6.408333333333333,1.3477271367337478,-0.937595775576527,0.5,0.9983839603543107,-0.0514065268709914,-0.02284589069287632,0.008056176559214737,0.9861172744370718,0.3657223563244423,0.0,0.06926810698441697,-0.12050921914543229,-1.0323575442953287e-05,0.3912722600722188,0.3922900240719228,0.39368863228151085,0.39268541700141335,1.4116843712126361,-0.9159164951030454,0.4459441567155387,0.9227621001283902,-0.04170377993969282,-0.0267281726993951,-0.3821733979354604,0.9884055524231883,0.26636758287821305,0.2544100921765158,0.0035161847187539486,-0.00268433207937232,-0.00010828089908958901,0.4213316151463467,0.3706945602152026,0.41823743099121347,0.38432603471407734
770,6.416666666666666,1.3559261046063458,-0.93451410265429,0.5,0.9983873581111207,-0.05111140105693553,-0.023342751778776972,0.008088497097019679,0.9822503100224964,0.3741072773558937,0.0,0.07067198668608751,-0.11949076879578754,-1.0498562697735907e-05,0.3912653076269925,0.39230194242765143,0.3936840247888592,0.3926619717996289,1.4169983064395382,-0.9131512963314938,0.445973090524838,0.9227947735727605,-0.041485223602112924,-0.02769666494775647,-0.3820493120531067,0.8398091408135855,0.34999844778593747,0.07223352954062734,-0.00047358246207835524,-0.0005665970177824306,8.115856767087133e-05,0.3942857137093346,0.3149961932915744,0.37923988787643786,0.3736084776055947
771,6.425,1.3640924682976752,-0.9313628049954037,0.5,0.9983908189887604,-0.05081048719344208,-0.023835282197794905,0.008120731042754918,0.9783023262685868,0.38244227362530875,0.0,0.07205914275142843,-0.11845364198668754,-1.0671817555684034e-05,0.3912585466268733,0.3923137475758566,0.39367902942852534,0.39263843643438906,1.424831885412697,-0.9089368806111836,0.44604488715464763,0.9227734050229698,-0.0411071557037579,-0.028817689986070087,-0.3820588769759551,0.7977980973670196,0.316127723962778,0.04587233485291442,-0.0010801355195591742,-0.0001307989337027511,-4.5190988542219585e-05,0.41045400992940956,0.3634666864884485,0.41917913987539146,0.3815304078539719
772,6.433333333333334,1.3722255563433094,-0.9281423033160991,0.5,0.9983943424610725,-0.0505038563196298,-0.02432340510527357,0.008152876955628791,0.9742740564399264,0.3907264019682295,0.0,0.07342929875238915,-0.11739814173784248,-1.08433159217566e-05,0.39125197727185196,0.3923254351763866,0.3936736477479999,0.39261481697682743,1.4299987372495833,-0.9060020671534298,0.4460117137108362,0.9227480070193005,-0.04092969280775425,-0.02931734248752278,-0.38210125519035076,0.8342015148001813,0.34360020280090886,0.041659526127613145,4.5018005690481576e-05,-0.0003913395575963608,0.00015530360535136414,0.4195174141184889,0.37338760941182053,0.42021775449032367,0.3818452643806273
773,6.441666666666666,1.380324703452462,-0.9248530261310695,0.5,0.9983979279937912,-0.05019158060873101,-0.02480704494267073,0.00818493340927224,0.9701662463025172,0.3989587312787812,0.0,0.0747821842060506,-0.11632457553165716,-1.1013034219979102e-05,0.39124559967188044,0.39233700092733714,0.39366788140769327,0.39259111948853803,1.4351623339341222,-0.9031228159653951,0.4460048205043512,0.9226741408265249,-0.041218544565128724,-0.029900761152043227,-0.3822033567572309,0.8148305070572626,0.36586095822640496,0.03653915632485516,0.0003256284542048106,-0.0007968765741586596,2.4401477551964413e-05,0.41718567111225596,0.3696099151178046,0.4236872960361798,0.3867277106245581
774,6.45,1.388389250611056,-0.9214954096520407,0.5,0.9984015750446763,-0.04987373334286883,-0.025286127455790983,0.008216898991934686,0.9659796539046582,0.4071383426936711,0.0,0.07611753465112792,-0.11523325518732401,-1.1180949400396364e-05,0.39123941384734323,0.3923484405669484,0.39366173218001493,0.3925673500192264,1.4403458776713651,-0.9002176103617762,0.4459261935789861,0.9226837715255856,-0.04167459494978139,-0.03076469690689458,-0.38206206213561644,0.8152715448149772,0.3500816094816006,0.03947880263589498,-0.0005821703613919814,-0.0007200126247493202,-9.426049879391116e-05,0.4153815720053329,0.3726004069147693,0.426578433871598,0.38481748303791835
775,6.458333333333334,1.3964185451829496,-0.9180698976848296,0.5,0.9984052830636486,-0.0495503888875236,-0.025760579712483838,0.008248772306675591,0.9617150493548805,0.4152643297718595,0.0,0.07743509172165426,-0.11412449673351356,-1.1347038943932374e-05,0.3912334197295978,0.3923597498754675,0.3936552019483968,0.392543514604375,1.4506015524958769,-0.894161683942389,0.44578492177234025,0.9225554233871757,-0.04174888765266547,-0.03225312786075837,-0.38224109787132005,0.8048968438284732,0.3444981379920442,0.029147280778646367,-0.0008504741736217606,-0.0006647411065735103,5.363904064776255e-05,0.4174080163324552,0.3724774193363398,0.42433828693900894,0.3847432511569071
776,6.466666666666667,1.4044119410092981,-0.9145769415249281,0.5,0.998409051492928,-0.04922162266570073,-0.02623033011980248,0.008280551971551711,0.9573732145970317,0.4233357986698639,0.0,0.0787346032177455,-0.11299862027979052,-1.1511280867898023e-05,0.3912276171615516,0.3923709246769892,0.3936482927062687,0.3925196192629297,1.4582543889997674,-0.8896334485563623,0.4456615530838659,0.9225493934780713,-0.04181937676791325,-0.03334076597029905,-0.3821546148412968,0.8175446100514794,0.3719047737047232,0.0377521583234508,-0.000484402979599015,-0.00035053136867953325,-0.00019783893806045802,0.4196160933596807,0.3756203470689675,0.4258984566992576,0.3853253149011771
777,6.475,1.412368798506024,-0.9110169998516482,0.5,0.9984128797671702,-0.04888751113181227,-0.02669530844061753,0.008312236619799934,0.9529549431826053,0.4313518683126431,0.0,0.08001582317350324,-0.11185594988675486,-1.1673653730377362e-05,0.3912220058982657,0.39238196084126736,0.39364100655601014,0.3924956699950012,1.4733807708615763,-0.8801050318822803,0.44526400190971854,0.9225074213708767,-0.04057472904181136,-0.03539795276627029,-0.3822050939205236,0.8007340328868517,0.39238349691722574,0.04120443746639113,-4.2151553516244046e-05,-0.0005184458572490912,-2.6128282643705357e-05,0.4147331826474452,0.3722993916401016,0.4274821177163069,0.3853025322567805
778,6.483333333333333,1.4202884847593815,-0.9073905386208647,0.5,0.9984167673136093,-0.048548131745284225,-0.027155445809681093,0.008343824900015761,0.9484610400404025,0.4393116705600193,0.0,0.08127851192198902,-0.11069681343500457,-1.1834136634770835e-05,0.39121658560763634,0.3923928542855049,0.39363334570780206,0.39247167277959966,1.4783803264460547,-0.8769085416389958,0.4450599609243416,0.9225180761764877,-0.040404020657688416,-0.03619193422991972,-0.3821230929151263,0.8201730727711576,0.37792517624145594,0.059796780445742215,-0.00076507982448337,-0.0005551854416733386,2.429779998369944e-05,0.4113504855473505,0.3733117906583147,0.429167732611309,0.38258794349357705
779,6.491666666666667,1.428170373619581,-0.9036980309563967,0.5,0.9984207135521993,-0.0482035629439023,-0.02761067474913611,0.00837531547632728,0.9438923212436303,0.4472143503685899,0.0,0.08252243615722071,-0.10952154249305437,-1.1992709235303899e-05,0.3912113558710971,0.3924036009761064,0.393625312478475,0.3924476335723795,1.4858244031143097,-0.8720126041686315,0.44472797526120406,0.92250485759122,-0.03989046565353693,-0.036989682097895216,-0.3821325710912947,0.8159807411471043,0.3806374548733116,0.013441497030752814,-0.0002262486020176811,-0.00015226487402296128,-4.965531950605295e-06,0.41138215496920727,0.3683761150981147,0.4240156768328832,0.3824475205391362
780,6.5,1.4360138457924703,-0.8999399570400572,0.5,0.9984247178957569,-0.047853884116908336,-0.028060929183467326,0.008406707028564674,0.9392496137745204,0.45505906594909923,0.0,0.08374736899325542,-0.1083304721841494,-1.214935174047825e-05,0.3912063161843609,0.3924141969304123,0.39361690929032017,0.3924235583033926,1.4907566482326133,-0.8686850406166049,0.4446050636259079,0.9224449818217919,-0.03978065465881072,-0.03745126595870247,-0.3822435842559049,0.8015738895280178,0.4008583230614149,0.02489863133257053,-2.6360835029996668e-05,-0.0004618018167520453,-9.568995544409594e-05,0.4190280906746097,0.3770311671420855,0.43200476150082845,0.38938686809093986
781,6.508333333333333,1.44381828892923,-0.8961168040004219,0.5,0.9984287797501079,-0.04749917557785994,-0.028506144453888646,0.0084379982524252,0.9345337552865745,0.4628449889192123,0.0,0.0849530900202493,-0.10712394105213527,-1.2304044917426857e-05,0.39120146595823085,0.3924246382183818,0.3936081386698143,0.39239945287489575,1.4956236214101055,-0.865388728677272,0.44436612596283187,0.9224432791138921,-0.03998889210342432,-0.03806957985756955,-0.38216487595724824,0.8017597428867207,0.39731343298693433,0.014345662084480626,-9.457935133774975e-05,-0.0007502930925232498,-4.0874496935730055e-05,0.415060742065941,0.3766472079581768,0.4316649081426645,0.3854343401908256
782,6.516666666666667,1.4515830977140851,-0.892229065800342,0.5,0.9984328985142331,-0.04713951853726622,-0.02894625733216435,0.008469187859633586,0.929745593864528,0.4705713044516738,0.0,0.08613938535755343,-0.10590229092648544,-1.2456770095340894e-05,0.39119680451942496,0.39243492096425026,0.39359900324633995,0.39237532315917256,1.5004913755952576,-0.8619764737780201,0.44406375819629174,0.9224351930779919,-0.03982388765338618,-0.03835017260844535,-0.3821735689503409,0.7947821980498704,0.4084599589110671,0.023595000561854595,-8.076469310968556e-05,-0.0011501822837199764,0.00015091146841602048,0.4176960392280644,0.3786637806492173,0.4329673684744124,0.38739192895310753
783,6.525,1.4593076739500006,-0.8882772431232491,0.5,0.9984370735804163,-0.046774995075011684,-0.029381206033859793,0.008500274578097867,0.9248859877821284,0.4782372114178048,0.0,0.0873060477038043,-0.10466586678644649,-1.2607509169143896e-05,0.3911923311114509,0.3924450413481813,0.3935895057508393,0.39235117499636063,1.5053603477200197,-0.8584961222155693,0.44386331266330026,0.9224221108408419,-0.039494668383752665,-0.038721142062577124,-0.3822019018248766,0.7583983507088554,0.39591285199761517,-0.008229329373427019,-3.991864999527278e-05,-0.0005362387659320007,0.00016567730383907804,0.4155475235229311,0.3778776067367503,0.4319910362966696,0.3850789640630649
784,6.533333333333333,1.4669914266423496,-0.8842618432582867,0.5,0.9984413043343933,-0.04640568811258155,-0.029810930231018835,0.00853125715206056,0.9199558052578268,0.4858419225263094,0.0,0.08845287638395138,-0.1034150166244587,-1.2756244603405291e-05,0.3911880448955252,0.3924549956078466,0.39357964901444203,0.3923270141923313,1.510204789659268,-0.8550157524124258,0.44360489381979673,0.9224155740716761,-0.03911065010673601,-0.03913468226674118,-0.3822150473256252,0.7485308494041387,0.47841031979527493,-0.04752839503243678,8.924786516783936e-05,-0.0006593497454805775,0.000123077358190746,0.42296609702002497,0.38802252884371446,0.43529715655182516,0.38566745428232774
785,6.541666666666666,1.4746337720805331,-0.8801833799843102,0.5,0.9984455901555038,-0.04603168138510116,-0.030235371064264948,0.008562134342245223,0.9149559242084857,0.49338466445736007,0.0,0.08957967739332724,-0.10215009130889902,-1.2902959434734317e-05,0.3911839449515303,0.39246478003997687,0.3935694359670519,0.3923028465165875,1.515007404142374,-0.8515344583787002,0.44323287087137353,0.9224584209057806,-0.03851250902067724,-0.03947011148668787,-0.3821378791067101,0.7307206096164975,0.5308926529040692,-0.05242958625705785,0.0008758427384110279,-0.00029010004789192237,-9.387269176469922e-05,0.4179758485404314,0.3948486436428829,0.4507952199932933,0.38944972485138907
786,6.55,1.48223413391754,-0.8760423734527913,0.5,0.9984499304168418,-0.04565305941320157,-0.030654471154323487,0.008592904925998299,0.9098872320011909,0.500864677991934,0.0,0.09068626343862511,-0.10087144444621922,-1.3047637274250269e-05,0.39118003027900844,0.392474391001914,0.3935588696358681,0.39227867770018576,1.5315583652907314,-0.8390578374872396,0.44209117001716974,0.9224421004405708,-0.03702751319616194,-0.04077127367646206,-0.3821874381034721,0.7189737024016152,0.5201805127381665,-0.04886465451789945,0.0006931500972070099,-0.000626694330042148,7.114210062073405e-06,0.41242574298494666,0.3969189730438886,0.4564456598042715,0.3874515345126251
787,6.558333333333334,1.4897919432474278,-0.8718393500696722,0.5,0.9984543244854098,-0.04526990747472535,-0.031068174612962848,0.008623567697426298,0.9047506252032778,0.5082812181363753,0.0,0.0917724539758401,-0.09957943224253532,-1.3190262311816962e-05,0.3911762997981896,0.3924838249130831,0.3935479531439038,0.3922545134336981,1.5454683490175505,-0.827881596417791,0.4410569857654027,0.9224665273128593,-0.03551048726349245,-0.04125231557634749,-0.3822208232700739,0.7032225471764963,0.5096052401008411,-0.04487551264490408,-0.00035301079974970793,-0.0004989347727484765,-9.128325539675093e-05,0.41338280805455613,0.3969967546423362,0.4549856476725313,0.3868369161292947
788,6.566666666666666,1.4973066386807128,-0.8675748423762015,0.5,0.9984587717222728,-0.04488231157628415,-0.03147642705335247,0.00865412146752821,0.8995470093306631,0.515633554242157,0.0,0.09283807524519996,-0.0982744133647629,-1.3330819316721872e-05,0.3911727523510689,0.39249307825643803,0.3935366897084538,0.3922303593651937,1.5500816228429313,-0.8241713110520651,0.44064232403441334,0.9224536514024794,-0.03545747656533706,-0.04133757285028991,-0.3822476075016019,0.7164431297478568,0.5449317129613163,-0.05330036540562855,0.0003656157058087128,-0.0002125708095765624,9.05017919196084e-05,0.41478070055991956,0.3975489584670265,0.453024880932419,0.3856704886500347
789,6.575,1.5047776664176524,-0.8632493889288013,0.5,0.998463271482713,-0.044490358424681735,-0.031879175599836024,0.008684565064323208,0.894277298594586,0.522920970120824,0.0,0.09388296030300622,-0.09695674880135807,-1.346929364008393e-05,0.3911693867024987,0.3925021475799006,0.3935250826395033,0.3922062210982686,1.554618163393598,-0.8203546800345592,0.44026968668247196,0.9224710694771111,-0.03507644824805555,-0.04145700125475442,-0.38222779308027777,0.7135672262215342,0.5417212829324947,-0.0584786246535407,0.00020746850515942122,-0.0004867564958557248,-4.680862220628055e-05,0.41213172315033214,0.3969378458766359,0.45808624685530686,0.3888273428883692
790,6.583333333333334,1.512204480319412,-0.858863534177998,0.5,0.998467823116387,-0.044094135398214905,-0.032276368897118504,0.008714897332973572,0.8889424156468554,0.5301427641540966,0.0,0.09490694905044646,-0.09562680172272539,-1.3605671218534614e-05,0.391166201541332,0.39251102949772215,0.393513135338135,0.39218210419008936,1.5591445309495446,-0.8164824314897053,0.43988603531932097,0.9224861307125181,-0.034611527500861966,-0.041406525300123065,-0.38223929739062007,0.6887362030006727,0.5268009922482775,-0.050207474619079484,-0.0005564016764588122,-0.0005573080387693393,6.797147170634239e-05,0.4145327301535636,0.39808436473878356,0.4578551296713034,0.3897277340850022
791,6.591666666666667,1.5195865419770995,-0.8544178283464594,0.5,0.9984724259674832,-0.04369373051786527,-0.032667957118865894,0.008745117135902819,0.8835432913237046,0.537298249399118,0.0,0.09590988825935161,-0.09428493734137947,-1.373993857397681e-05,0.39116319548161527,0.39251972069181607,0.39350085129488666,0.39215801414947016,1.563627848825519,-0.8126483344700918,0.4394537696244441,0.9225010858841238,-0.033945820645752384,-0.04124626575382985,-0.38228022884353197,0.6830320912658561,0.5890806681539518,-0.04997004309970077,0.0004420994552225538,-0.00011144449256440037,-3.3456046442559e-05,0.4163078922154077,0.39978792261138374,0.453843028816951,0.3857392351397145
792,6.6,1.5269233207786599,-0.8499128273061829,0.5,0.9984770793748801,-0.0432892324183947,-0.033053891975716905,0.008775223352909069,0.8780808643883543,0.5443867536888296,0.0,0.09689163159489389,-0.09293152277193241,-1.3872082814864184e-05,0.39116036706377544,0.3925282179130673,0.3934882340880668,0.39213395643500654,1.5680606943562367,-0.8087613172080891,0.43908468542280227,0.9225111462583809,-0.033675539899454966,-0.04114435466801897,-0.3822908383946449,0.6540145718705981,0.5739691469784924,-0.06009271209627687,0.00016382800039269163,0.00014411225155318765,-2.056085767934906e-05,0.4088115870786516,0.39959532182738067,0.45980896799928417,0.3845793336191413
793,6.608333333333333,1.5342142939736156,-0.8453490924548692,0.5,0.9984817826723046,-0.0428807303193572,-0.03343412672270606,0.008805214881273567,0.8725560812723809,0.5514076197274622,0.0,0.09785203963526805,-0.09156692689095292,-1.400209163831146e-05,0.3911577147558509,0.3925365179825883,0.39347528738204385,0.3921099364532439,1.5725257360832074,-0.8048145640386917,0.43868942714727527,0.9225838715282775,-0.032684823055967704,-0.04106594656896737,-0.3822097465660576,0.6486091862595522,0.6078311717404805,-0.05649884686053652,0.0009149933234454641,-0.00024006251634895495,5.5514427915280606e-05,0.41337504941882536,0.4044508581048516,0.45890673924774833,0.383185202295561
794,6.616666666666667,1.5414589467356508,-0.8407271905915257,0.5,0.9984865351884938,-0.042468313996040015,-0.033808616166098086,0.008835090635864415,0.8669698958159914,0.5583602051811352,0.0,0.09879097988833478,-0.09019152019680803,-1.4129953332006097e-05,0.39115523695478976,0.39254461779294275,0.3934620149255021,0.39208595955683995,1.5900451788160053,-0.7886874235924752,0.4370773447519582,0.9227641142989175,-0.029399359867971996,-0.03979572053172555,-0.38217583339197225,0.6786365983970422,0.6107596363759682,-0.06528208286649129,0.001027639128679133,-0.00011772419535369616,0.00015749178497429433,0.40944841233785223,0.40426722634401785,0.4609858593058774,0.38175165042255105
795,6.625,1.548656772223021,-0.8360476937913388,0.5,0.998491336247355,-0.04205207375034663,-0.034177316669633695,0.008864849549235457,0.8613232690073044,0.5652438827635508,0.0,0.09970832680517201,-0.08880567466950227,-1.4255656773208211e-05,0.3911529319877431,0.3925525143093135,0.3934484205496869,0.39206203104279164,1.5964359666124033,-0.7825800208697444,0.4364472964872008,0.9227983389348972,-0.02833638663959386,-0.03914329684010612,-0.3822408627602411,0.6498583591988405,0.6030469581800313,-0.06426839283001362,0.001336049291465586,2.8736488550280967e-05,-3.053170758234986e-05,0.41251361511762935,0.3999619141374817,0.46204227355465805,0.39030600727597214
796,6.633333333333333,1.5558072716367857,-0.8313111792798606,0.5,0.998496185168127,-0.041632100381634854,-0.034540186160186885,0.008894490571720322,0.8556171687207422,0.5720580403167782,0.0,0.10060396179070043,-0.08740976363062901,-1.437919142899171e-05,0.39115079811337555,0.3925602045706339,0.39343450816658754,0.392038156150741,1.6007059005996127,-0.7784396166712345,0.4361295197238197,0.9228411651920904,-0.027622134408021994,-0.038563013654743836,-0.382248735113034,0.651518986521693,0.6130707161503879,-0.06200001337449135,0.0005766628510974653,0.00012865022604604417,3.652188290548183e-05,0.4151852425137021,0.4028846733700128,0.45986537728451327,0.38753704334703654
797,6.641666666666667,1.562909954276861,-0.8265182293065423,0.5,0.9985010812655436,-0.0412084851575216,-0.034897184132834914,0.008924012671521661,0.8498525694546193,0.5788020808871298,0.0,0.10147777321125738,-0.08600416160350917,-1.4500547358731013e-05,0.39114883352324986,0.39256768569069816,0.3934202817671,0.392014340061246,1.604880449344414,-0.7742973720616084,0.4357025051400705,0.922838745155423,-0.027197233884110848,-0.037759587923567706,-0.38236523695134683,0.6411442530648959,0.6237198055005555,-0.0405503163041554,0.0009139310121469293,0.00028517466993785646,2.378105058974621e-05,0.41483812471809495,0.4018425963595528,0.4596563473633157,0.388163359856417
798,6.65,1.569964337595878,-0.8216694310176642,0.5,0.9985060238499956,-0.04078131978466824,-0.03524827165534151,0.008953414834795493,0.8440304520680447,0.585475422796118,0.0,0.10232965639913523,-0.08458924417352541,-1.4619715211910099e-05,0.39114703634320136,0.3925749548592051,0.3934057454191919,0.391990587894118,1.6091372584396384,-0.7701186634706778,0.43526489281844044,0.9229585250168206,-0.02625019488135682,-0.03702988901078946,-0.3822136518850606,0.6239188009023788,0.6386381539073005,-0.05845166494014564,0.001343066150409444,0.00015553318042876813,0.0002717838888679215,0.4113440848984978,0.3986585246518785,0.4561530063061209,0.38429948329871694
799,6.658333333333333,1.5769699472508447,-0.8167653763286966,0.5,0.9985110122276946,-0.04035069637955809,-0.03559341137205467,0.008982696065730737,0.8381518035172237,0.5920774997064996,0.0,0.10315951365421021,-0.08316538784876366,-1.4736686228697567e-05,0.39114540463473885,0.39258200934276294,0.39339090326599596,0.3919669047068454,1.6132320185151638,-0.7659089328023638,0.4348953367434853,0.922991723827692,-0.025160709301733006,-0.03632465991328168,-0.3822744243801874,0.6053877384297301,0.6162139334806027,-0.07138063088827362,0.0007473582947999302,0.00031392078592760254,-0.00015364624295467812,0.4137713705578937,0.40317975821307006,0.459489053070306,0.3856165443649483
800,6.666666666666666,1.5839263171526095,-0.8118066617961386,0.5,0.9985160457008373,-0.03991670743927912,-0.03593256750722062,0.009011855386623883,0.8322176165912637,0.5986077606834078,0.0,0.10396725424257017,-0.08173296992107232,-1.4851452241228594e-05,0.391143936396516,0.3925888464858474,0.3933757595239064,0.3919432954929836,1.623534392798575,-0.7553104762557792,0.4338812409833174,0.923146678847438,-0.02277206183013846,-0.03445546506413673,-0.3822230545900702,0.6356246950985467,0.6422686805505173,-0.06271109430696087,0.0008326359426729813,0.0006259723491419245,0.0001598612680348431,0.42055234200999897,0.4073919529066237,0.45771189559512215,0.3862459735706987
801,6.675,1.5908329895131226,-0.806793888488867,0.5,0.9985211235677703,-0.03947944581232381,-0.03626570586771601,0.009040891837948832,0.8262288896475801,0.6050656702505794,0.0,0.10475279439217092,-0.08029236832750987,-1.4964005669414714e-05,0.3911426295657733,0.39259546371174,0.39336031848065883,0.3919197651806125,1.6356114650542921,-0.7423643549615095,0.43254217637267006,0.9233228267611108,-0.01912751339887137,-0.03194644876838175,-0.3822152799459186,0.6142565092867036,0.6411030353809299,-0.07386566780806514,0.0019918947726306857,-9.283824663399186e-05,7.675664489424725e-05,0.4179459679998311,0.40052248467005896,0.45801242610247594,0.39114147271564303
802,6.683333333333334,1.5976895148904853,-0.8017276618590481,0.5,0.998526245123155,-0.039039004669419106,-0.03659279384519982,0.009069804478421893,0.820186626347004,0.6114507084416775,0.0,0.1055160572855969,-0.0788439615122843,-1.5074339522449555e-05,0.3911414820198014,0.39260185852340235,0.39334458449336046,0.39189631863087787,1.6396588370270329,-0.7380580372249885,0.43206669734874814,0.9233717265732473,-0.018176800940969195,-0.03096985373662152,-0.38222392210878875,0.5936453230706018,0.6401368486982362,-0.06440678082209605,0.0012952701181297708,0.00033048204063946895,5.66721146462527e-05,0.42316549911912776,0.40308078318455587,0.4574411087991271,0.39302739864489317
803,6.691666666666666,1.604495452231796,-0.7966085916126415,0.5,0.9985314096581323,-0.038595477474397996,-0.03691380041768787,0.009098592385061926,0.8140918353886837,0.6177623708467239,0.0,0.10625697304992637,-0.07738812828929799,-1.5182447398003063e-05,0.3911404915774835,0.39260802850429816,0.39332856198650995,0.3918729606365241,1.643564824188457,-0.733704841254095,0.4317100169934675,0.9234440710981991,-0.017076184393218233,-0.030173113173798782,-0.382163622969997,0.6363656551418684,0.6519525704830942,-0.0018137552715402627,0.004216768438211373,0.00024044329526939093,2.7133103324240354e-06,0.42354408003037286,0.40350145372875057,0.4544242739219684,0.38994703776459305
804,6.7,1.6112503689137823,-0.7914372915795447,0.5,0.9985366164604895,-0.038148957955125386,-0.03722869615055241,0.0091272546532457,0.8079455302448816,0.6240001686536517,0.0,0.10697547874365426,-0.07592524770532053,-1.5288323479915183e-05,0.3911396560008199,0.39261397131918524,0.3933122554500052,0.3918496959204748,1.64752197984931,-0.7292774937730262,0.4312935853979246,0.9234817508287121,-0.016135027745631438,-0.02910871325752252,-0.38219602245245266,0.6062914543404352,0.6514297553648962,-0.052240896526384306,0.0015551579849434637,0.0003571101020238631,0.00010042177737415464,0.41410653896687816,0.3873527348466799,0.4438826068031401,0.38625109799846097
805,6.708333333333334,1.6179538407812255,-0.7862143795834133,0.5,0.9985418648148255,-0.037699540074490195,-0.03753745319694984,0.009155790396758394,0.8017487288957605,0.6301636286849884,0.0,0.10767151834080393,-0.07445569890383631,-1.539196253621221e-05,0.39113897299645284,0.39261968471486847,0.3932956694371352,0.3918265291344773,1.6515165355164636,-0.7248879472833786,0.4311152314741938,0.9235803825518555,-0.013828418802051013,-0.027630083025225845,-0.38215786045929057,0.5864844756333865,0.6504080998028794,-0.03812590202622035,0.0013039069475674356,0.0002254971228458022,9.367645259243707e-05,0.4241014334537539,0.3987341255855408,0.45081253869098487,0.39163526659206604
806,6.716666666666667,1.6246054521831743,-0.7809404773112045,0.5,0.9985471540027174,-0.037247318001475405,-0.03784004529767932,0.009184198747839335,0.795502453564257,0.6362522934296858,0.0,0.10834504271218404,-0.07297986098963986,-1.5493359918278445e-05,0.3911384402172485,0.3926251665208999,0.3932788085625203,0.39180346485778567,1.655238011158442,-0.7205229568093475,0.4304921319274183,0.9235696051972578,-0.014179744659358723,-0.027407895883869764,-0.38218703070668897,0.5751837195192344,0.659793524079133,-0.04583309165267502,0.0014739461424853732,0.00030369093101393724,-3.265163146761216e-05,0.4245003362382762,0.39809387370821997,0.445780531078373,0.3876937413050123
807,6.725,1.631204796006948,-0.7756162101824762,0.5,0.9985524833028867,-0.03679238608231824,-0.038136447780476194,0.0092124788572229,0.7892077304511353,0.6422657210701116,0.0,0.10899600960381652,-0.07149811289430495,-1.5592511559228174e-05,0.39113805526389084,0.3926304146502167,0.3932616775000746,0.3917805075958773,1.6585559682856565,-0.7164837595760276,0.4293413776237366,0.9233266885366128,-0.01627966650529004,-0.025796108750594748,-0.38280198467068693,0.5703732322775545,0.6708842993196629,-0.05509375419381901,0.0008306077988991785,7.524810321256268e-05,0.0002028681781582401,0.42503679839916014,0.4003912993362882,0.4481093008503978,0.388287435686215
808,6.733333333333333,1.6377514737099357,-0.770242207218486,0.5,0.9985578519913658,-0.036334838811771936,-0.03842663755874376,0.009240629894174684,0.7828655894703174,0.6482034855042279,0.0,0.10962438361261595,-0.07001083324249009,-1.5689413969645176e-05,0.39113781568645656,0.3926354270997695,0.39324428098093905,0.391757661779225,1.6623305297291502,-0.7120103053003546,0.4288982998306353,0.9233191849589787,-0.015358622263539968,-0.024851318395405657,-0.3829206280456347,0.5208526552835879,0.6520078619286496,-0.137633554026656,-0.0011373095900438777,0.0009413197499763274,-0.00031036505238212896,0.4248535082714336,0.40055503141122345,0.4518714280250542,0.39164716612768696
809,6.741666666666667,1.6442450953491896,-0.7648191009111329,0.5,0.9985632593416646,-0.035874770804480725,-0.03871059312972715,0.009268651046522887,0.7764770639845832,0.6540651763629676,0.0,0.11023013615929672,-0.0685184002191869,-1.5784064238633967e-05,0.3911377189860539,0.3926402019510785,0.3932266237913915,0.39173493176209995,1.6660931371532113,-0.7075440033588174,0.4285414203220644,0.9234024275538851,-0.014013866352919185,-0.024181763674503583,-0.3828143292028464,0.5514756149292532,0.6711473326175721,-0.047998584641001374,0.0016166322242512142,0.0002193754073012423,9.63440159083488e-06,0.44215800559801016,0.4198195077578486,0.462118747250171,0.3997337831596237
810,6.75,1.6506852796088187,-0.7593475270917747,0.5,0.9985687046249372,-0.0354122767664796,-0.038988294572133785,0.009296541520684955,0.7700431905417328,0.6598503990228398,0.0,0.11081324545854342,-0.06702119143800186,-1.5876460026931216e-05,0.39113776261646127,0.3926447373707422,0.39320871077075165,0.3917123218214313,1.682793150020865,-0.6874070600492319,0.4268057017062317,0.9236099911750854,-0.010106201306391147,-0.021217470417846055,-0.38261242510637533,0.5551888878398747,0.690699682487439,-0.053961481113190546,0.001463526462972278,8.268414895560205e-05,0.00021316695386942,0.4269739427132477,0.4008074348095926,0.44784011048935163,0.3895503930768505
811,6.758333333333333,1.6570716538251866,-0.7538281247999667,0.5,0.998574187110148,-0.03494745146683017,-0.03925972354320477,0.009324300541689538,0.7635650086113057,0.6655587746137852,0.0,0.11137369648651506,-0.0655195838104837,-1.5966599566767832e-05,0.3911379439857364,0.39264903161093656,0.3931905468092604,0.3916898361557293,1.6863925719419957,-0.682941427681022,0.42645218530355183,0.9235940608524545,-0.009668226383799675,-0.020823709688807264,-0.38268382415704544,0.5251761941395205,0.6462524512735213,-0.06050157413794999,0.0005174390670131692,0.00028302066425372834,-4.822721267129452e-05,0.4277941991314062,0.39803182677705806,0.4498721187616906,0.3952553165540854
812,6.766666666666667,1.6634038540099172,-0.748261536152159,0.5,0.998579706064239,-0.03448038970940363,-0.03952486327524193,0.009351927353193698,0.7570435603219446,0.6711899400223077,0.0,0.11191148094568362,-0.06401395341655744,-1.605448165952362e-05,0.3911382604579034,0.39265308300982094,0.39317213684598273,0.3916674788840013,1.689955683738757,-0.6784382351292173,0.42607416232957734,0.9236158130739072,-0.009454515039610391,-0.020218227718797156,-0.38266913287212234,0.5252615132965266,0.6710442682213547,-0.046477471499239975,0.0002490003492027702,0.0004654252035837069,2.3247493332731948e-05,0.4360336176765199,0.4026411493441918,0.4447001423473712,0.39344741114121845
813,6.775,1.6696815248707169,-0.7426484062103893,0.5,0.9985852607522946,-0.03401118630482213,-0.03978369857159527,0.009379421217495488,0.7504798901994982,0.676743547889913,0.0,0.11242659722704301,-0.0625046753761405,-1.6140105669154407e-05,0.39113870935460904,0.3926568899919268,0.3931534858666661,0.39164525404476486,1.6935835066587972,-0.6739117148634058,0.42573107733849475,0.923648812295348,-0.009104310770965872,-0.019701029881176155,-0.3826249501697449,0.5313345797892222,0.6708120586310984,-0.05431427216556206,0.0003267780599609072,2.8542938928103665e-05,0.00015541310543185663,0.4313314844933243,0.39966366540808107,0.44477211897416047,0.3919555101126338
814,6.783333333333333,1.6759043198300159,-0.7369893828510174,0.5,0.998590850437709,-0.0335399360425692,-0.040036215802116304,0.00940678141554186,0.7438750449059492,0.6822192666068797,0.0,0.11291905036975036,-0.06099212372199809,-1.6223471522010778e-05,0.39113928795679304,0.39266045106850406,0.39313459890158814,0.39162316559509874,1.6971191740951488,-0.6693824732208933,0.42537204224167785,0.9236797691093332,-0.008750767583204214,-0.01941987082310335,-0.3825728385837755,0.5178557240799853,0.671394977606421,-0.051810109743755106,0.0004550159324430463,0.00017089697588144718,-0.00019019345609208504,0.43380641279112603,0.3995894585453828,0.44528187184634205,0.3949996913679778
815,6.791666666666666,1.682071901041441,-0.7312851166335292,0.5,0.9985964743823518,-0.033066733663280085,-0.04028240289808243,0.009434007246931969,0.737230072979259,0.6876167803014033,0.0,0.11338885201819306,-0.05947667127388176,-1.630457970192272e-05,0.3911399935063986,0.39266376483780346,0.3931154810234228,0.3916012174097043,1.7006497603809712,-0.6648693268373983,0.42502595299120716,0.9236689118170008,-0.008386157626785318,-0.01892677683206693,-0.3826319260357214,0.5156707546533301,0.6808024194529083,-0.05453781338644603,0.0005440764796193658,0.0003310415085858214,0.0002523516660364431,0.43433935224483045,0.4004307342978,0.44413409443229174,0.3934838152109876
816,6.8,1.6881839394041238,-0.7255362606694589,0.5,0.9986021318467329,-0.032591673831222634,-0.040522249346598094,0.009461098029915857,0.7305460245742156,0.692935788824136,0.0,0.11383602037654698,-0.05795868951400188,-1.6383431245627772e-05,0.3911408232080408,0.39266682998532504,0.39309613734509286,0.3915794132800579,1.7041672481691195,-0.6602482899932914,0.42472111375338245,0.9237447701721514,-0.007579891089461244,-0.018490622726116845,-0.3824869170336051,0.534850904510753,0.6917834024278924,-0.04350235105065603,0.00025377146605531936,0.00030072258901423605,-4.7547939266189346e-05,0.4345628066233177,0.4005476029657709,0.4449446724590398,0.3944826952446621
817,6.808333333333334,1.6942401145748531,-0.7197434704914625,0.5,0.9986078220901679,-0.03211485110697901,-0.04075574618447852,0.009488053101388609,0.7238239512043714,0.6981760077281678,0.0,0.11426058016090491,-0.056438548463886934,-1.6460027739528815e-05,0.3911417742307069,0.3926696452840281,0.39307657301760185,0.39155775691359557,1.7228468030596507,-0.6350439889923956,0.42311312796287426,0.9236715191823641,-0.005267054919596892,-0.016493218572198563,-0.38279388255946223,0.5125330976690989,0.6891429466494681,-0.03646784018794258,0.00028815621023964484,-7.125190961561384e-05,0.00010626482374003667,0.4328085795076157,0.3958295853819738,0.44342625565982147,0.3958992802941788
818,6.816666666666666,1.7002401149780866,-0.7139074039225788,0.5,0.9986135443709427,-0.03163635992033828,-0.04098288599162206,0.009514871816879959,0.7170649054851537,0.7033371682444799,0.0,0.11466256254892271,-0.054916616562690146,-1.65343713158482e-05,0.3911428437094801,0.39267220959448756,0.3930567932278678,0.39153625193292685,1.72621846245645,-0.6304497087101301,0.42294115367157925,0.9237279196141163,-0.005118463481820615,-0.01629735689195005,-0.382668169587305,0.45252437146368063,0.7229329496520998,-0.046632442169636246,0.0019431942840345891,0.00036981792395649843,-0.000572119229571718,0.4318031397529014,0.39403308587900376,0.44285290040304615,0.3960844658184453
819,6.825,1.7061836378138229,-0.7080287209457223,0.5,0.9986192979464787,-0.031156294543410595,-0.04120366288387753,0.009541553550539409,0.71026994087824,0.7084190172529115,0.0,0.1150420051270929,-0.053393260546994475,-1.6606464647442656e-05,0.3911440287472463,0.39267452186499496,0.3930368031965727,0.3915149018751117,1.7312860589540016,-0.6235805001216538,0.4226286624648364,0.9237346355575927,-0.005010720700579173,-0.01604696822040862,-0.38266396558896915,0.503334980342296,0.7074719783271566,-0.02706359760079602,0.0007415308817599885,8.006724310004963e-06,-2.0336736233222716e-05,0.42969278425765206,0.4025878352888154,0.447876681411481,0.3903398296379064
820,6.833333333333334,1.7120703890633546,-0.7021080835734359,0.5,0.9986250820734953,-0.030674749063971947,-0.041418072505412885,0.009568097695116884,0.7034401114372723,0.7134213172486814,0.0,0.11539895183569075,-0.051868845332145856,-1.6676310942388348e-05,0.39114532641639504,0.3926765811316384,0.3930166081759892,0.3914937101909903,1.734734808346227,-0.6190128526012979,0.4231026086113595,0.9237826784495826,-0.0038159813272573644,-0.01674790436450852,-0.38253170977374246,0.5184730014231587,0.6978774108129082,-0.036872290180406386,0.0007351035990472536,-0.00044833228202298945,4.696987945096963e-06,0.4287895184674578,0.3920802396737166,0.44292626255433243,0.3951374008990474
821,6.841666666666667,1.7179000834929052,-0.6961461557179494,0.5,0.9986308960081738,-0.030191817359049963,-0.04162611202059196,0.009594503661938973,0.6965764715549977,0.7183438463045043,0.0,0.1157334529113992,-0.05034373389518063,-1.6743913940464594e-05,0.3911467337605325,0.3926783865183371,0.3929962134478014,0.3914726802445558,1.7383325097098585,-0.6145466184281696,0.42296981974129144,0.9239415876671127,-0.004555021742297258,-0.016963626039850452,-0.3821301214870177,0.5080351406254069,0.6943286841978091,-0.013952694341234917,-0.0001751632956424599,-0.00014991727005452197,9.064141676543012e-05,0.4331323092499936,0.39236737453234927,0.44207080316771646,0.39827240004693404
822,6.85,1.7236724446551706,-0.6901436030615722,0.5,0.9986367390063194,-0.029707593068759662,-0.041827780105366155,0.00962077088088077,0.6896800757119151,0.7231863980283487,0.0,0.11604556482768519,-0.04881828715938173,-1.680927790889252e-05,0.39114824779621626,0.3926799372368103,0.39297562432094857,0.3914518153123543,1.7429917679769251,-0.6076939450155213,0.4220418725681055,0.9239743845244823,-0.006239003592223211,-0.015831933749932442,-0.38207559651267714,0.4205888840226324,0.7326690574836148,-0.048178708293178385,0.0013694520104554873,0.00020042409918327842,-0.0005882239865248766,0.4297467241788365,0.38927547915967664,0.4378973277841817,0.39388071478160647
823,6.858333333333333,1.7293872048887686,-0.6841010929274631,0.5,0.9986426103235241,-0.02922216957039896,-0.04202307693818808,0.009646898800333377,0.6827519782265091,0.7279487815168776,0.0,0.11633535023294267,-0.04729286388052383,-1.6872407635525402e-05,0.39114986551466885,0.39268123258650695,0.3929548461294684,0.39143111858295015,1.7460339132237455,-0.6028550202004891,0.4218472690887577,0.9238398518140325,-0.005061601253055915,-0.015579791792706783,-0.38242852728408955,0.4135000281224821,0.6737435775392875,-0.23121888041409133,-0.0023314660315163134,0.00332805523838012,-3.009615374178959e-05,0.42938143284954655,0.40384774444616794,0.4489995674412721,0.3899810759889121
824,6.866666666666667,1.7350441053156196,-0.6780192941508081,0.5,0.9986485092153272,-0.028735639952812756,-0.042212004190454545,0.00967288688716711,0.6757932330071458,0.7326308213046233,0.0,0.11660287788651626,-0.04576782053483075,-1.693330842348923e-05,0.39115158388348464,0.39268227195450767,0.39293388423033254,0.3914105931564408,1.7493902371722765,-0.5984630413582522,0.4217337614275253,0.9239868031181008,-0.005991359576706267,-0.015742689194264994,-0.3820532148941393,0.48325829249575847,0.6759276718230844,-0.017994050230557557,0.00025927822765293887,4.339196918181552e-05,0.00027089267368390993,0.4683404449015048,0.43496646383477466,0.47135586380542566,0.4201094061990629
825,6.875,1.7406428958362663,-0.6718988769504453,0.5,0.9986544349373756,-0.028248096991034356,-0.042394565016485954,0.009698734626690431,0.6688048933057115,0.7372323573089413,0.0,0.11684822259256672,-0.04424351120869922,-1.6991986085567422e-05,0.39115339984833913,0.39268305481539206,0.3929127440012622,0.39139024204402467,1.754221939766771,-0.591569559047278,0.4215445000518453,0.9240660542127254,-0.005563874693957701,-0.01575620289574684,-0.3818674021442816,0.48842930528265605,0.7079087178338161,0.0034060397945234744,0.0003666170510273911,-0.00019600246167806386,-2.0515768254868323e-06,0.432957791667816,0.39075574266913815,0.4365718981734019,0.39436241567882635
826,6.883333333333333,1.7461833351231493,-0.6657405128009666,0.5,0.9986603867455843,-0.027759633121213524,-0.042570764043050255,0.009724441522604689,0.6617880114730673,0.7417532447707956,0.0,0.11707146513188288,-0.04272028749024577,-1.704844694154061e-05,0.3911553103347131,0.39268358073103354,0.39289143083859956,0.39137006816758235,1.7589525223837192,-0.5846722171889988,0.4214298603134345,0.9240866062238878,-0.005590360668970578,-0.01584543276954703,-0.3818135858315597,0.46412638207324886,0.6825281488773038,-0.012684239709370715,-0.0005959746542563654,-6.505634157968513e-05,-0.00013919433091129382,0.4262878649142929,0.3855306710602768,0.43628067799100184,0.39259673594554134
827,6.891666666666667,1.7516651906118563,-0.659544874305336,0.5,0.9986663638962942,-0.027270340415838895,-0.04274060735843869,0.009750007096954633,0.6547436387163955,0.746193354191424,0.0,0.11727269219166328,-0.04119849836266283,-1.7102697808361184e-05,0.39115731224960043,0.39268384935035505,0.39286995015517384,0.3913500743593234,1.763633125453419,-0.5777593577585959,0.42136431544523745,0.9241682423942544,-0.005571519549219891,-0.01591700540979336,-0.3816132425094966,0.4753808974035989,0.684269806948834,-0.014389090770444701,-0.0003240610254272894,0.00018757631495317805,0.0003987502061072812,0.4322628086083308,0.39050223647007815,0.43574141916372344,0.39302259529742267
828,6.9,1.7570882384903543,-0.65331263506806,0.5,0.9986723656464304,-0.026780310559263897,-0.04290410250110145,0.009775430890074875,0.6476728248585132,0.7505525712649362,0.0,0.11745199629336102,-0.03967849009949323,-1.7154745995665542e-05,0.3911594024831934,0.39268386040907194,0.39284830737813475,0.39133026336150584,1.7667714381110522,-0.5731689303722276,0.4213318516863183,0.9241503734255082,-0.005751404481614318,-0.015855587852489774,-0.3816564017252095,0.4376176918545305,0.6787311400394569,-0.007114657723744644,-0.0006302486287012657,0.00023610808774676725,-3.169120621531228e-05,0.432394457544233,0.3888595423631608,0.4363137585696929,0.3955097064446173
829,6.908333333333333,1.762452263686233,-0.6470444695689308,0.5,0.9986783912536598,-0.02628963482354318,-0.04306125844785155,0.009800712460532218,0.640576618099214,0.754830796806905,0.0,0.1176094757185707,-0.03816060616181068,-1.7204599300180493e-05,0.39116157791059686,0.39268361372937616,0.39282650794682433,0.39131063782615677,1.7728486645553647,-0.5639608749144467,0.42144786354885844,0.9241519508876856,-0.006063479588064595,-0.015873269894918943,-0.381647016480691,0.4630015907957308,0.6765442663232424,-0.005250964765834976,0.00027790190600349103,0.00010187107560393666,7.697560334217211e-05,0.4321792063382428,0.39164678058570085,0.4339127745170386,0.39002439703253905
830,6.916666666666666,1.7677570598519616,-0.640741053037396,0.5,0.9986844399765458,-0.025798404044588732,-0.04321208560164462,0.009825851385063986,0.6334560647787277,0.7590279466789918,0.0,0.11774523443305333,-0.036645187097364536,-1.725226599894568e-05,0.3911638353935033,0.3926831092195721,0.3928045573106677,0.3912912003148672,1.7774081238835324,-0.5570601632573228,0.4214126396132639,0.9242221926644378,-0.0058664035355862195,-0.015783925356586962,-0.3814836714676455,0.43927985799832037,0.6830071884492139,-0.013121309329883202,-4.4960767911227116e-05,0.00020952785355176916,0.0002404121585748276,0.43166197589748606,0.387148501335328,0.43404648088806885,0.39415136083899877
831,6.925,1.7730024293481943,-0.6344030613275677,0.5,0.9986905110747041,-0.025306708598652014,-0.04335659577894367,0.009850847258512358,0.6263122091433432,0.7631439517096803,0.0,0.11785938200898101,-0.0351325704416987,-1.729775484314751e-05,0.39116617178188123,0.39268234687368353,0.39278246092706626,0.39127195329861053,1.7803676589234394,-0.5524149633740643,0.421517842729892,0.9242728156361439,-0.005264208540166995,-0.015680434499427316,-0.38137406094068516,0.45753844693137147,0.6988426856906038,0.010024506349232132,-6.138501637914474e-06,-8.403068176503827e-05,-0.00011930322400879988,0.4323721659036779,0.3906279563910151,0.4357524144041841,0.39315370590066673
832,6.933333333333334,1.7781881832251252,-0.6280311707939177,0.5,0.9986966038089562,-0.024814638379140552,-0.04349480219667657,0.009875699693754805,0.6191460931132828,0.7671787576111595,0.0,0.11795203354536203,-0.03362309062129745,-1.7341075050198405e-05,0.3911685839156395,0.3926813267710194,0.39276022425928064,0.3912528991576369,1.7833663272538487,-0.5477835235398588,0.42164881654194325,0.9242821378309918,-0.005065119720676446,-0.015636985241393193,-0.38135594782479465,0.44649114705674897,0.7096085780974315,0.021925961017532636,0.0012489717975617772,-0.00018129716628639296,0.00027556390632345725,0.4274819838905621,0.3839431240051403,0.4330552185264863,0.39219286013392474
833,6.941666666666666,1.7833141412019256,-0.6216260581676818,0.5,0.9987027174414822,-0.024322282773775607,-0.04362671945879558,0.00990040832163062,0.6119587560528795,0.7711323248924277,0.0,0.11802330958681842,-0.03211707885880763,-1.73822362994e-05,0.3911710686262928,0.3926800490756876,0.3927378527743497,0.39123404018140207,1.7863625508513952,-0.54318237829892,0.42176695541012377,0.9243350307977731,-0.004639911084296203,-0.01580277657777621,-0.38122630328669943,0.4258491304095058,0.6779580995514012,0.015934239801917993,-0.00014669856050195118,7.797383042114483e-05,7.602862006185356e-05,0.4248251235796895,0.38275624137049213,0.4315823229969354,0.38929934026642016
834,6.95,1.788380131644277,-0.6151884004340071,0.5,0.9987088512359721,-0.02382973064209795,-0.04375236354244722,0.009924972790863656,0.604751234543127,0.7750046287686696,0.0,0.11807333604066553,-0.030614863080338898,-1.742124872333977e-05,0.39117362273862055,0.3926785140360988,0.39271535194102575,0.39121537856849453,1.7907185101551877,-0.5362338739892907,0.4219646490542028,0.9243841850496428,-0.004097681799149983,-0.0157743451227611,-0.381114493912169,0.45755606821720196,0.7027507872489069,0.040807311485441256,0.00038590411211102024,-0.00033715322546984703,0.00011353845457059954,0.4304698020122669,0.3860165507342567,0.42794380081238104,0.3880381452556392
835,6.958333333333334,1.7933859915400225,-0.608718874709874,0.5,0.9987150044577765,-0.023337070293328804,-0.04387175178376185,0.009949392767981307,0.597524562156664,0.7787956590669735,0.0,0.11810224409237166,-0.029116767824829345,-1.74581229009773e-05,0.39117624307229204,0.3926767219844069,0.3926927272277103,0.3911969164266738,1.7936004240053955,-0.5316056018828659,0.4220315144427447,0.9243913861064168,-0.004203506546225282,-0.01564456596861403,-0.38110122458557794,0.4411003949187364,0.6841066329899892,0.04166973479687308,-0.00016385865157809805,-0.00041903921927346235,9.347691866862172e-05,0.42369826385451553,0.3773135246157341,0.426548928481656,0.3885810930730548
836,6.966666666666667,1.7983315664729473,-0.6022181581228265,0.5,0.9987211763740552,-0.02284438946459225,-0.043984902863270975,0.009973667937229742,0.5902797692352626,0.7825054201284389,0.0,0.1181101701195379,-0.027623114155622453,-1.7492869851052327e-05,0.39117892644349816,0.3926746733359044,0.3926699841004106,0.3911786557729349,1.8080363581149896,-0.5085354795752414,0.4238462107096867,0.9244943756869642,-0.003240318424641027,-0.016713612507502376,-0.38081531589029693,0.3616561303552146,0.744410723141542,0.00775108300472005,0.00136537368621858,0.00047677152787745905,-0.0007720554715639814,0.42645346339144186,0.3784938302014465,0.42352609866018204,0.3871334749315384
837,6.975,1.8032167105947314,-0.5956869276905272,0.5,0.9987273662539248,-0.02235177529950504,-0.04409183679096303,0.009997798000485544,0.5830178826698561,0.7861339307067589,0.0,0.11809725560433343,-0.026134219574173126,-1.7525501024545642e-05,0.39118166966656615,0.39267236858842075,0.39264712802071194,0.39116059853357754,1.8107931144617877,-0.5038948407131565,0.42409546565130535,0.924541584379451,-0.0033711365258904287,-0.016876568612874496,-0.3806923634951366,0.44761060829991983,0.6887009070314254,0.04348873741648607,-7.198655866819326e-05,-0.00014826370840129245,-7.144971949777538e-05,0.42094169505625306,0.39195403126556805,0.43820177901172436,0.3828388676067929
838,6.983333333333333,1.8080412865950684,-0.5891258602011851,0.5,0.9987335733686055,-0.02185931432714068,-0.04419257489098494,0.010021782677163726,0.5757399256831979,0.7896812238633153,0.0,0.11806364704449346,-0.024650397935930428,-1.7556028297426203e-05,0.39118446955555247,0.392669808321647,0.3926241644437692,0.3911427465443636,1.813850661469154,-0.49929002714212395,0.42469864810961555,0.9245124306059118,-0.003917351805989389,-0.017631528822602507,-0.3807237176764212,0.4005602483541981,0.6975668423979897,0.0409291215539731,-0.0004472515808849485,2.2782551055217343e-05,1.0909480753147026e-05,0.42267651003557744,0.3746434676544652,0.42556051098778425,0.3892893986192093
839,6.991666666666667,1.8128051656699977,-0.5825356320948685,0.5,0.9987397969915662,-0.02136709244137273,-0.04428713978600051,0.010045621704122227,0.5684469176151773,0.7931473468588769,0.0,0.1180094958629737,-0.02317195936847231,-1.7584463963569996e-05,0.3911873229258354,0.39266699319644344,0.39260109881631877,0.3911251015506818,1.8163324400680738,-0.49452042363930115,0.4246407211984953,0.9245759108034418,-0.002769413542516403,-0.017126532481613426,-0.38060267654835644,0.4058366818190162,0.6979621456839447,0.0397969106454954,-0.0003874120370918236,-0.0002527256297394649,3.730696151545407e-05,0.42177404227672577,0.38070822586410974,0.42669912529995013,0.38343050247105354
840,7.0,1.817508227488453,-0.5759169193457399,0.5,0.9987460363986673,-0.02087519488060343,-0.04437555538121361,0.01006931483556293,0.5611398737108674,0.7965323610419449,0.0,0.11793495831621163,-0.021699210191816833,-1.7610820726011826e-05,0.39119022659567476,0.39266392395409994,0.3925779365747032,0.3911076652077893,1.8190615507378092,-0.4898661396730005,0.42486736964300376,0.9246247411072697,-0.002427671173325244,-0.017223875316540665,-0.38048197416443985,0.38756964558224194,0.6998409181431353,0.046724731641334394,-0.00041657331850945514,-0.0001327072878990189,5.028610765296675e-05,0.42316713131580974,0.3797228808435293,0.4257866526308274,0.3849393155592493
841,7.008333333333333,1.822150360157063,-0.5692703973452433,0.5,0.9987522908683034,-0.020383706207883073,-0.04445784684806663,0.010092861842929282,0.5538198049113507,0.7998363417338268,0.0,0.11784019540121767,-0.020232452841067877,-1.7635111690793986e-05,0.3911931773877584,0.39266060141556236,0.39255468314292896,0.3910904390810744,1.821791087609213,-0.4851759555519419,0.42510495298673506,0.9246558444697496,-0.002298965513020742,-0.017418689600286412,-0.3803983087477036,0.38690359278878983,0.7080771544537845,0.05457899548166334,-0.00020967584284321987,5.0148859078832446e-05,2.3261960696696914e-05,0.4223213884614072,0.3804052970007889,0.42409042361409016,0.38174037400319555
842,7.016666666666667,1.826731460183224,-0.5625967407862527,0.5,0.9987585596815437,-0.01989271029142431,-0.04453404060762345,0.010116262514800568,0.5464877176473664,0.8030593781105044,0.0,0.11772537276137196,-0.018771985791244245,-1.765735035737931e-05,0.39119617213074154,0.39265702648066186,0.39253134393072225,0.3910734246463423,1.8243939612493436,-0.4804946240970066,0.42542476699875004,0.9246400586682569,-0.0024691705300481713,-0.017612112442779042,-0.3804267059476225,0.38655752888066,0.7015100659057083,0.04006178000195981,-0.0009406172969982637,0.00017480813018454057,-0.00027436130314633674,0.42031829466735526,0.37869204447834104,0.42336381181033,0.38072957389658324
843,7.025,1.8312514324364622,-0.5558966235482363,0.5,0.9987648421222709,-0.019402290285517806,-0.044604164313646055,0.010139516656782893,0.5391446136358478,0.8062015730813541,0.0,0.11759066059107837,-0.017318103484459224,-1.7677550613152092e-05,0.3911992076607624,0.39265320012725624,0.39250792433162296,0.39105662329017915,1.8385124663662462,-0.45489736700225397,0.42746572768788865,0.9246062447713882,-0.004849263973574493,-0.019718645949172137,-0.3803826386293117,0.40236607065469165,0.7023894646372097,0.04319962458116389,0.00026678423348683663,-0.00022776792828109091,0.0002925122294276234,0.4237247072373055,0.3806191470332306,0.42474893884875703,0.38352150850191336
844,7.033333333333333,1.8357101901081212,-0.5491707185834365,0.5,0.9987711374773184,-0.01891252861185224,-0.04466824683537558,0.01016262409139694,0.5317914896793782,0.8092630431648042,0.0,0.11743623353935215,-0.01587109625938521,-1.7695726723224864e-05,0.39120228082293534,0.3926491234103609,0.3924844297211187,0.39104003631032536,1.8410729212117942,-0.4501489476107933,0.4277061270016029,0.9246764656214508,-0.004475521229470206,-0.019674829676300465,-0.3802187590226909,0.3678777036352443,0.6985729088246573,0.03828766305918885,-0.0002927746363237346,0.00012960869852153691,-2.0034037777377216e-05,0.41725314989000184,0.37604947259322746,0.4293081405161319,0.38627271161314664
845,7.041666666666666,1.8401076546693873,-0.5424196978041096,0.5,0.9987774450366074,-0.0184235069412444,-0.04472631824002631,0.01018558465796261,0.5244293374686286,0.812243918360983,0.0,0.11726227061234872,-0.014431250283028873,-1.7711893322857643e-05,0.39120538847281633,0.3926447974612712,0.39246086545475906,0.39102366491611024,1.8435639052135688,-0.4454653239849425,0.4279471372257521,0.9246486621802064,-0.004319394500326585,-0.019815647519014965,-0.3802808626172337,0.38780779270959354,0.6946457251901683,0.03158909576157498,-0.0004582203617571916,-0.0001503234788908519,-0.0003489351152212971,0.41900439965060676,0.3802948480761292,0.4286525819553711,0.3830734910180345
846,7.05,1.8444437558276912,-0.5356442319708323,0.5,0.9987837640932787,-0.017935306175782227,-0.04477840977500342,0.010208398212480513,0.5170591433878041,0.8151443420214445,0.0,0.11706895507490346,-0.012998847484851885,-1.7726065410592767e-05,0.3912085274778735,0.39264022348663236,0.3924372368663245,0.3910075102288967,1.8455389507939637,-0.44058119913933014,0.42772553340920605,0.9245100268579585,-0.0029883678294545133,-0.019021347045161875,-0.3806710761975492,0.512670011038141,0.6256312303781153,0.16906234640398088,-0.002885796267856481,-0.0013065950480972866,0.0008474910303275424,0.4210698005670504,0.378612362181441,0.4290772441038524,0.38718777627898177
847,7.058333333333334,1.8487184314814955,-0.528844990581919,0.5,0.9987900939438272,-0.017448006431386075,-0.044824553849853614,0.010231064627510488,0.5096818883231624,0.8179644707160261,0.0,0.11685647435112478,-0.011574165493214803,-1.7738258338244675e-05,0.3912116947189083,0.3926354027674757,0.3924135492660206,0.39099157328259027,1.847942592574515,-0.4359212958857521,0.4279953816891433,0.9245552845567669,-0.0027838238789718523,-0.019185274061677582,-0.38055446572329826,0.34293143725903086,0.6885584006456669,0.02028283312571766,-0.0004903426175664517,-1.991574138362237e-05,5.4770079515272804e-05,0.4101027969254827,0.3396747573547019,0.39658374403954216,0.3827489005111312
848,7.066666666666666,1.8529316276735075,-0.5220226417639577,0.5,0.9987964338882324,-0.01696168702079068,-0.044864784017959174,0.01025358379204715,0.5022985474746305,0.8207044740969229,0.0,0.11662501992417205,-0.010157477574191833,-1.7748487804199534e-05,0.39121488709147295,0.39263033665822805,0.39238980793868783,0.390975855024181,1.8504006871197078,-0.43121457620596726,0.4282021107652265,0.9245550709672228,-0.0025153340312201113,-0.01930341071103172,-0.38055087988129294,0.3504449119152042,0.693201199058957,0.009177898172635368,0.00016088414545296236,-0.00010008466072608124,7.599875380550494e-06,0.4257545223389799,0.3855173854158187,0.4273148818274767,0.38327457513941543
849,7.075,1.857083298542337,-0.5151778521634909,0.5,0.9988027832300855,-0.016476426436951862,-0.04489913495798459,0.01027595561139253,0.4949100901705636,0.8233645347600451,0.0,0.1163747872351669,-0.00874905257274599,-1.7756769843296598e-05,0.3912181015072583,0.39262502658571,0.3923660181420335,0.3909603563143076,1.8528045888364506,-0.42652644024753955,0.4283685208247883,0.9245507691179585,-0.002274133017734622,-0.019540253327026674,-0.38055076158421336,0.35379390480367867,0.7137579901095203,0.02346934694862357,0.0005659605404917995,-0.00041141029924731775,-2.6962289780631423e-05,0.42722555174073495,0.3857187490516783,0.4300425812383238,0.3872053442473998
850,7.083333333333334,1.8611734062726248,-0.50831128683987,0.5,0.9988091412767189,-0.015992302336881044,-0.04492764245508672,0.01029818000702593,0.48751747968568787,0.8259448481037318,0.0,0.11610597558137235,-0.007349154856259274,-1.7763120820612696e-05,0.3912213348954548,0.3926194740480976,0.39234218510490965,0.39094507792786054,1.8578904931494749,-0.41731144429063016,0.4287576619507901,0.9247687920269408,-0.002431930389902626,-0.020120486789660517,-0.37998938540301147,0.3375992861901489,0.6905132247443602,0.01262835617252267,0.00015649939749720062,-0.00011804891420350853,0.00017501371267343634,0.42275525354529575,0.38250310238748547,0.4296900126200486,0.38558949837627166
851,7.091666666666667,1.8652019210436737,-0.5014236091592983,0.5,0.9988155073393302,-0.015509391525910432,-0.04495034338189739,0.010320256916470993,0.4801216730622595,0.8284456221848931,0.0,0.11581878801366044,-0.005958044260423932,-1.776755742085353e-05,0.39122458420410194,0.39261368061384755,0.3923183140256041,0.3909300205546264,1.8656374277394818,-0.40100466845369787,0.4285879489009825,0.9247952090272141,-0.0030675765336585655,-0.020039156942682105,-0.3799247866664512,0.4047602768595837,0.6599974258313823,0.03326372777834874,-0.0018145362541519404,5.928021749422443e-05,0.0008164757859384699,0.42670414514146865,0.38560119786838143,0.4290798070027374,0.3859758080063902
852,7.1,1.8691688209766002,-0.4945154806900858,0.5,0.9988218807331061,-0.01502776994239172,-0.04496727567928923,0.010342186293160114,0.472723620934477,0.8308670775726559,0.0,0.11551343123334028,-0.0045759760375451465,-1.777009664143299e-05,0.3912278464014002,0.39260764792060693,0.39229441007015564,0.3909151847999748,1.869829027134879,-0.3914373876628546,0.42880290863699183,0.9246089448834511,-0.002080096078021248,-0.020248560107115236,-0.3803734586632012,0.26570899213673727,0.7544711235206059,-0.0019485590206202996,0.0021930360417310693,-0.00036586068017384685,-0.000711696028837337,0.4257166725770337,0.372343272907679,0.4243697202999869,0.3935719460268533
853,7.108333333333333,1.8730740920800457,-0.48758756109913626,0.5,0.9988282607773432,-0.014547512642830588,-0.04497847833693432,0.010363968106296207,0.4653242673561772,0.8332094471995884,0.0,0.11519011548840513,-0.0032032008071965893,-1.777075578334071e-05,0.3912311184770197,0.3926013776740796,0.39227047837073004,0.39090057118554683,1.8720380691984548,-0.38684112521402403,0.428895106201965,0.9246447304023853,-0.002031312233135051,-0.02075069281192032,-0.38025965478543355,0.22755261034483887,0.7252958649861974,-0.007282860751650633,0.0011612194771694188,-1.641762527108165e-05,-0.0010024586657849796,0.41868228845271,0.3944881857194758,0.44072631953311875,0.38039373608892285
854,7.116666666666667,1.876917728194463,-0.48064050804968805,0.5,0.9988346467955691,-0.0140686937874594,-0.04498399137366599,0.010385602340711978,0.45792454963185,0.8354729762105725,0.0,0.11484905446924404,-0.0018399645092720515,-1.7769552439918408e-05,0.39123439744334,0.3925948716469103,0.3922465240239749,0.3908861801500252,1.874510745636961,-0.38221901992950036,0.42909318868423324,0.924829893117297,-0.002653018863356468,-0.02133640674608822,-0.3797728110788411,0.3398781248556526,0.6881432405586252,0.012633597879357916,-0.00023286544796759378,-0.0006317050534297727,0.0002992427208298206,0.42288392229422395,0.39947380629248963,0.4380969349296859,0.3769613120810739
855,7.125,1.8806997309350153,-0.473674977100323,0.5,0.9988410381156585,-0.013591386626249941,-0.044983855817653406,0.010407088996726684,0.45052539815099657,0.8376579218094032,0.0,0.11449046520388578,-0.00048650835940244473,-1.7766504493651504e-05,0.39123768033669953,0.39258813167751966,0.3922225520894372,0.39087201204989697,1.8766343086516566,-0.3774980515668636,0.42920932389258654,0.9247643776470658,-0.0024612959379338344,-0.021541784449423444,-0.3799220174984278,0.24686017786328396,0.7373083484674914,-0.002267425318536187,0.0009198306946175205,-0.00024359353328359638,-0.0006387853196005166,0.42456171332974874,0.3822978268644654,0.431035195780015,0.38912216926920123
856,7.133333333333333,1.8844201096331121,-0.4666916216052672,0.5,0.9988474340699502,-0.013115663485368039,-0.04497811368639931,0.010428428090000491,0.44312773622586293,0.8397645531031903,0.0,0.11411456795280119,0.0008569311932363755,-1.776163010355769e-05,0.3912409642186397,0.3925811596688848,0.39219856758803345,0.3908580671602348,1.8798152755503246,-0.37053037658134547,0.42941479893976225,0.924830508242455,-0.002395505123842374,-0.02212595094626601,-0.3797278431639262,0.41938134399166493,0.6610774808111508,0.051032423456987,-0.0014231296801466866,-0.0007703657147352102,0.00097256704880134,0.42096666725183923,0.39579942826672054,0.43843106626089623,0.37921875169515745
857,7.141666666666667,1.8880788812766056,-0.45969109261600094,0.5,0.9988538339953597,-0.0126415957540717,-0.044966807966570634,0.01044961965138653,0.4357324799325758,0.8417931509446297,0.0,0.11372158610337123,0.002190122505743258,-1.7754947695815954e-05,0.3912442461770604,0.392573957587366,0.3921745755004907,0.3908443456755647,1.8818698818182507,-0.36582793517472545,0.4294370520273281,0.9248698067755341,-0.0026145418197975447,-0.02242261697444388,-0.3796132649606389,0.32987715031607134,0.6613172071984419,-0.19179266560172548,-0.003390432843004994,0.0026989705939807,0.0007033652113966474,0.42267212687584566,0.3654944366017668,0.4213291163420066,0.3944167619006672
858,7.15,1.8916760704486868,-0.4526740387841883,0.5,0.9988602372334914,-0.01216925387205371,-0.04494998259367214,0.010470663726780672,0.42834053795569765,0.8437440077722304,0.0,0.11331174606401406,0.003512838778933591,-1.7746475958494747e-05,0.3912475233273974,0.39256652746145965,0.39215058076587284,0.39083084771071375,1.8839233076566995,-0.3611283360028972,0.42958098364649805,0.9248133802054446,-0.0023497894924685045,-0.02259967115628922,-0.3797419454655344,0.38719764181798233,0.6620059836500158,0.03277293023445926,-0.0014314502147542815,-0.00030229498268092816,0.0007596205542626396,0.4625640043716603,0.4181484768347465,0.46113796812799646,0.4214786283003084
859,7.158333333333333,1.8952117092654968,-0.44564110626595865,0.5,0.9988666431307484,-0.011698707317230385,-0.044927682431573045,0.010491560376969107,0.42095281143623825,0.845617427448562,0.0,0.11288527715809238,0.004824858092421079,-1.7736233828383706e-05,0.3912507928137506,0.39255887138054496,0.3921265882801281,0.39081757330170713,1.8859517568804003,-0.35642062247140155,0.4296974395389265,0.9248549768386798,-0.002231022059805551,-0.022713726242635554,-0.3796345360968476,0.2877699453650129,0.7173080061812442,0.0006898930271059811,0.0002125953297192364,-6.342599448452545e-05,-0.00010126139487733061,0.4264580390383968,0.3722644273360995,0.4236806434026569,0.3936462028139753
860,7.166666666666666,1.8986858373124973,-0.4385929386275338,0.5,0.9988730510384396,-0.01123002459397637,-0.04489995325189638,0.010512309677473856,0.4135701938231243,0.8474137250966077,0.0,0.11244241151761045,0.006125963437335255,-1.7724240485481567e-05,0.3912540518099814,0.39255099149364053,0.3921026028946254,0.3908045224067079,1.887934356039518,-0.3517660774360375,0.42974039951653276,0.9248733937674625,-0.0026731852321448817,-0.022851003345030922,-0.3795785705593725,0.1372640442411699,0.7312024434011855,-0.21867784320496186,5.934396105809422e-05,0.002956090080043156,-0.001029244741955707,0.42429162342161697,0.3889650527192082,0.43467338326010535,0.3857255095383008
861,7.175,1.9020985015796126,-0.43153017675223815,0.5,0.9988794603128851,-0.010763273221807135,-0.0448668417132812,0.010532911718396158,0.40619357072816653,0.8491332269342876,0.0,0.11198338397673935,0.00741594274666694,-1.771051534454112e-05,0.3912572975208169,0.3925428900080939,0.3920786294147975,0.390791694906926,1.8896790484540653,-0.34695917174564755,0.4298067638969081,0.924752847496851,-0.0015804422672015866,-0.022681036363291586,-0.3798884623651958,0.2899007857700031,0.7071961475409116,0.011982495441476004,0.0010447883659938154,-0.0004013293472186807,-7.746751743272261e-05,0.4570759275482146,0.44360055635557955,0.4727799860756659,0.4018880382720816
862,7.183333333333334,1.9054497563951873,-0.4244534587488906,0.5,0.9988858703155198,-0.01029851972450874,-0.04482839534052752,0.010553366604257966,0.3988238197845263,0.8507762701072376,0.0,0.11150843196527391,0.00869458892331115,-1.769507804274314e-05,0.3912605271828816,0.3925345691882848,0.3920546725987815,0.3907790906076069,1.891851480575598,-0.3423522995817904,0.42992698098330956,0.9248803755736834,-0.002168227977388859,-0.02299614463081037,-0.3795560129918108,0.25912889655086424,0.7196418500894253,0.016694406907197257,0.0006243186895936851,-0.00022207936660695896,-2.434598178554959e-05,0.423592764752358,0.38593184078597187,0.4312361109209483,0.38459202111018476
863,7.191666666666666,1.9087396633587774,-0.41736341986160674,0.5,0.9988922804129942,-0.009835829619715625,-0.04478466250363337,0.0105736744538415,0.39146181050871137,0.8523432025199108,0.0,0.11101779540205006,0.009961699865745613,-1.7677948432997734e-05,0.3912637380657044,0.39252603135431263,0.3920307371560665,0.3907667092390603,1.8940351875509023,-0.3376601545768602,0.430654847370432,0.9249496715962454,-0.0006662885273466634,-0.024260798367949026,-0.3793139527306447,0.2421587541897141,0.7124739850142225,0.0023596374819911947,0.0005105223087692087,6.578409322405051e-05,0.00014777255131905343,0.4218134038934792,0.38806311584944103,0.4316515430253865,0.381164721493316
864,7.2,1.9119682912728146,-0.41026069238100593,0.5,0.9988986899772733,-0.009375267408935763,-0.04473569239673435,0.010593835400026988,0.3841084041661006,0.8538343826650846,0.0,0.11051171658838478,0.01121707849137834,-1.7659146576037496e-05,0.39126692747272745,0.3925172788806598,0.39200682774621454,0.39075455045765867,1.8954279456631558,-0.3328851568109179,0.42992992066013247,0.9248009720053466,-0.0016612560144023958,-0.022944166109714285,-0.3797551417004792,0.31021676462894554,0.7161181799053729,0.09474508295904682,0.0026267319682055806,-0.00022624601933065103,0.00034858892010685295,0.4257133043925271,0.3930931004403927,0.4319539684654646,0.380410704321488
865,7.208333333333334,1.9151357160731637,-0.4031459055568569,0.5,0.9989050983857338,-0.008916896568023443,-0.044681535016955015,0.010613849589628646,0.37676445364002337,0.8552501794518417,0.0,0.10999044010153988,0.012460532757609725,-1.7638692730198233e-05,0.3912700927422775,0.3925083141948446,0.3919829489776089,0.3907426138468676,1.8973783993183615,-0.3281552802804304,0.43000684563943414,0.9248035177996201,-0.0010191787352033786,-0.023032540477964516,-0.379745858198986,0.2594480936442878,0.6941554558676954,0.03094898267334001,0.0005589562297644116,-0.00034587902903806573,0.00018456313195440132,0.4108321339868149,0.3676749756612608,0.4175375125309692,0.37643194172027933
866,7.216666666666667,1.9182420207586075,-0.3960196855121587,0.5,0.9989115050212579,-0.008460779538098958,-0.04462224114318179,0.010633717183228983,0.3694308033044,0.8565909720321033,0.0,0.10945421268831751,0.013691875680589204,-1.761660734212519e-05,0.39127323124846997,0.39249913977606044,0.3919591054062277,0.3907308989183476,1.899146069570746,-0.3234316911755223,0.4300559789836198,0.9248281422225572,-0.0008526162235107089,-0.022925951538732534,-0.3796927457099921,0.24028738687933426,0.6762571705749343,-0.07191960499007277,-0.002422449655276886,-8.653761806919512e-05,-0.00018922527214149137,0.4247685851046522,0.38439061011612996,0.4243277539145651,0.38046533665920634
867,7.225,1.9212872953192912,-0.3888826551586808,0.5,0.9989179092723262,-0.008006977716914608,-0.04455786231476708,0.010653438355011497,0.3621082888999531,0.8578571496257886,0.0,0.10890328315885832,0.014910925351687948,-1.7592911039968594e-05,0.39127634040212733,0.39248975815378745,0.3919353015344673,0.3907194051130353,1.9010305693938157,-0.3187352955228531,0.4300968054534568,0.9248841264627493,-0.0005562668389957136,-0.02329037623324645,-0.37953471719903953,0.2526306593218841,0.7263852270951332,0.014854157716931438,0.0005653070908005263,-0.0003844844254192901,0.00014913136216414656,0.4438816482053589,0.4037277806569035,0.4392634085016958,0.3951451207875637
868,7.233333333333333,1.9242716366641508,-0.38173543411395783,0.5,0.998924310533107,-0.007555551450665683,-0.044488450810174045,0.010673013292591828,0.35479773741399423,0.8590491113446773,0.0,0.10833790228061219,0.016117504951701746,-1.7567624621533766e-05,0.39127941765165236,0.39248017190641726,0.3919115418099841,0.3907081318022499,1.9025223617284548,-0.31380934370129154,0.43059436247064786,0.9249836506808109,0.0007083421656828487,-0.023065640622975184,-0.3793055766097146,0.2518780860890857,0.7236521246051397,0.01087879787333712,0.0005739272762288914,-0.00042606997888259337,0.0002132484964757527,0.4237173453894655,0.38728145174836814,0.43045552922440106,0.38271599654228705
869,7.241666666666667,1.9271951485473597,-0.37457863861976914,0.5,0.9989307082035455,-0.007106560026246079,-0.044414059625571635,0.010692442196847474,0.34749996696380125,0.8601672660150451,0.0,0.10775832267258866,0.017311442762813822,-1.7540769047994474e-05,0.39128246048385157,0.39247038365987547,0.391887830624569,0.39069707828883943,1.9042835055129117,-0.3090545993109975,0.4305851398347468,0.9249654275622644,0.0007369031930280846,-0.02304702814937508,-0.3793510897331439,0.22659990664617435,0.691656154129644,-0.01611996569158558,-3.610802199021275e-05,-0.00010137928557196693,-2.674799926116299e-05,0.4259260517836748,0.3873960960110162,0.4294466441615733,0.3837985628009702
870,7.25,1.9300579414938208,-0.3674128814620914,0.5,0.9989371016894469,-0.006660061663946316,-0.044334742453388976,0.010711725281746066,0.34021578668357993,0.8612120319991516,0.0,0.10716479869990635,0.018492572178335245,-1.75123654355281e-05,0.3912854664247702,0.39246039608617583,0.3918641723130982,0.3906862438083143,1.9062963923633756,-0.3045397635833957,0.43072213138232884,0.9251362512928458,-0.0005339036562413931,-0.023433689479712094,-0.3789109310749359,0.23777970449425645,0.7173101872286203,-0.022817942622010978,-9.916744410266664e-05,0.0002069045456127635,1.309260959715844e-05,0.43462450538592695,0.3946077068493871,0.42960205558267084,0.38539354028003775
871,7.258333333333333,1.9328601327237331,-0.36023877189255904,0.5,0.9989434904025626,-0.006216113510593479,-0.04425055366083867,0.010730862774172373,0.3329459966150288,0.8621838370156482,0.0,0.10655758636873891,0.01966073171020774,-1.7482435043073702e-05,0.3912884330404628,0.3924502119020224,0.39184057115247634,0.3906756275300293,1.9184323775632628,-0.2691218435608954,0.4316484015122034,0.9250760485292768,0.0023237374266628858,-0.02441582994345578,-0.3789891448709359,0.3225230883915797,0.6578628768953265,0.02189204353294505,-0.001668910556790373,-0.0002943594038282883,0.001027335505602606,0.4316049887909832,0.3936988415204705,0.43480399594584834,0.3886096275776179
872,7.266666666666667,1.9356018460762705,-0.3530569155514085,0.5,0.9989498737606681,-0.005774771633130005,-0.04416154826841816,0.010749854913754043,0.325691387601486,0.863083117958987,0.0,0.10593694322162468,0.02081576499434668,-1.745099926706191e-05,0.39129135793772585,0.3924398338674036,0.3918170313606208,0.39066522855837904,1.9199013314009485,-0.26446783479068675,0.4317166403180029,0.9250763338709889,0.0020220273508083815,-0.024490697890470703,-0.378985347518926,0.20884473002362736,0.6809523533509887,-0.007873343985126402,-0.0007019126832136019,0.000229018744565385,-0.00017059660790397295,0.42945548882967693,0.3749156702797406,0.4232632255548959,0.39370787449689243
873,7.275,1.9382832119323892,-0.3458679143919532,0.5,0.9989562511876434,-0.0053360910126311065,-0.04406778192839805,0.01076870195268614,0.31845274118568884,0.8639103207178953,0.0,0.10530312823326372,0.02195752079379809,-1.741807963210988e-05,0.39129423876483915,0.3924292647841267,0.39179355709551716,0.39065504593399086,1.9220820822680706,-0.25745330390471705,0.4316238127245925,0.9250469036275056,0.0019307558862963236,-0.0245988247893768,-0.37905065108749436,0.22098424507648318,0.7095859244433456,-0.02328532078370027,9.03638282868212e-05,-0.00014734166343837807,8.184453494747421e-05,0.43064294908733786,0.39311310966649265,0.4300446468877262,0.3834393247579962
874,7.283333333333333,1.9409043671368074,-0.33867236660655387,0.5,0.998962622113549,-0.004900125538756771,-0.04396931090330693,0.01078740415555464,0.31123082951111014,0.8646658999929983,0.0,0.1046564017068094,0.023085852999746196,-1.7383697780881842e-05,0.39129707321225177,0.3924185074944002,0.3917701524542733,0.39064507863494174,1.9234920518018326,-0.2528016685541186,0.4315213212534724,0.9250469747817572,0.0014730450702329896,-0.024413042930081893,-0.37906454321161986,0.20655352661536064,0.7120255152573918,0.007477596335009329,-0.0002941307292075192,0.00012454604218762027,0.0001143018099982175,0.4290656429570638,0.3935417879623192,0.4370592238936965,0.3884082609418616
875,7.291666666666666,1.9434654549191779,-0.33147086655413416,0.5,0.998968985974699,-0.004466928004637997,-0.04386619204442085,0.010805961799158824,0.30402641522690443,0.8653503191136501,0.0,0.1039970251706696,0.024200620630410025,-1.734787546682319e-05,0.3912998590132303,0.392407564879389,0.39174682147222745,0.3906353255780022,1.9249523284283898,-0.24807354128842138,0.43149434680604626,0.9250807600912313,0.0011659582340906147,-0.024355090793060908,-0.3789868828902762,0.19645668689045603,0.7030480593438387,0.0026574664629852585,0.0004669460660065191,-0.0007430629742856431,0.00028620790671217406,0.4236938420538002,0.38907410389021346,0.4321611559116022,0.38258095564283634
876,7.3,1.9459666248144887,-0.3242640046892107,0.5,0.9989753422137331,-0.0040365501021931375,-0.04375848277026718,0.010824375172332753,0.29684025139642883,0.8659640498540582,0.0,0.10332526127595326,0.025301687827827293,-1.7310634544714064e-05,0.3913025939444808,0.3923964398577596,0.39172356812210324,0.39062578561988254,1.9322581863177961,-0.22219208713116018,0.4311909851547707,0.925091912084611,0.0006864320678220373,-0.02485804753970081,-0.37892817324549616,0.16888119685531944,0.6999932480180326,-0.022714330762552137,-5.4467355254493634e-05,0.00020802969329801417,-0.0002390042498640659,0.4256048179847994,0.3905213437215588,0.4318109330129389,0.38273834137958884
877,7.308333333333334,1.9484080325827176,-0.31705236749246835,0.5,0.9989816902796859,-0.0036090424178728607,-0.043646241045150753,0.010842644575765847,0.28967308140935566,0.86650757224876,0.0,0.10264137369450971,0.026388923852591423,-1.7271996962784156e-05,0.39130527582674685,0.39238513538423436,0.39170039631317133,0.3906164575585052,1.933991125770032,-0.2152016534629146,0.43022076632577877,0.9251161650347938,-0.0005590436157975741,-0.024120987135277785,-0.37891680701860087,0.19801919873703167,0.6957292455464559,-0.025380732466201428,0.00020768491994322986,-0.00032167084533902786,-7.427858843346096e-05,0.42620285675892555,0.39685487654724083,0.43946823653702954,0.3846217987356413
878,7.316666666666666,1.9507898401277743,-0.30983653740287154,0.5,0.9989880296280531,-0.0031844544288300264,-0.04352952535771135,0.010860770321822621,0.28252563889735405,0.866981374407533,0.0,0.10194562701766409,0.027462203076484976,-1.7231984755068652e-05,0.39130790252539477,0.39237365444812433,0.39167730989047506,0.3906073401342612,1.9351991602208192,-0.21059281825844128,0.43007822869666507,0.9251367269525647,-0.0011299471809389126,-0.02407557096240382,-0.37886821791448594,-0.012076605303246168,0.7682839260162,-0.3342201160575542,0.0018613152565788243,0.0032914730455805207,-0.0006370034417290897,0.42680496592408074,0.39248257199216763,0.4407428941704988,0.39087090277941205
879,7.324999999999999,1.9531122154157594,-0.302617092751323,0.5,0.9989943597208563,-0.002762834499512137,-0.04340839469952117,0.010878752734361688,0.27539864765334326,0.8673859523298016,0.0,0.1012382866556264,0.028521404973142837,-1.719062003049162e-05,0.39131047195091934,0.3923620000718876,0.3916543126340956,0.3905984320312992,1.937571655472067,-0.20116901635107678,0.4298728947644497,0.925138938364512,-0.001154455711795435,-0.024005419382206385,-0.3788671954578249,0.17600043581227354,0.6715516461750892,-0.01879685020655386,-0.0009925196685904355,0.00022480668351233454,7.76317604608262e-05,0.4666926925280325,0.46963094393430915,0.5001971218483751,0.4129197990166415
880,7.333333333333334,1.9553753323925636,-0.2953946076958731,0.5,0.9990006800267051,-0.00234422987867286,-0.04328290854373007,0.010896592148554082,0.2682928215543047,0.8677218097186125,0.0,0.10051961873772301,0.029566414106717502,-1.7147924967309686e-05,0.3913129820594472,0.3923501753096638,0.39163140825842974,0.3905897318788393,1.9391927321571285,-0.19418354752898495,0.42977771186729774,0.9251665983700273,-0.00133795092869304,-0.023830587908485256,-0.378810082003741,0.1787332826889365,0.6950154312029638,-0.024185690170763774,0.0002841550084811913,0.0005234877602195811,-8.919835688803578e-05,0.4262806138773975,0.3926593312670001,0.4379741694360278,0.3873802931574111
881,7.341666666666667,1.9575793709008478,-0.28816965215847556,0.5,0.9990069900208561,-0.0019286866967990193,-0.043153126823767395,0.010914288910700941,0.2612088644876331,0.867989457794249,0.0,0.09978989001336579,0.030597120118544804,-1.7103921803785296e-05,0.3913154308532467,0.39233818324580355,0.3916086004115229,0.3905812382524499,1.940812678199091,-0.1871434767624888,0.42967561462658754,0.9251848402321871,-0.0008931220935306075,-0.023688457681166064,-0.3787757525372448,0.17115981710766892,0.7073538177220479,-0.013790164252214243,-0.00021262631776064713,0.00020313362130410962,3.140628767767945e-05,0.4259120562612293,0.3924184926156972,0.4414619438215542,0.3907417665039201
882,7.35,1.9597245165964234,-0.2809427917633074,0.5,0.9990132891852713,-0.0015162499639502734,-0.04301910991210835,0.010931843378050678,0.254147470281033,0.8681894151075508,0.0,0.09904936775386368,0.031613417711891384,-1.7058632828330887e-05,0.391317816381127,0.39232602699341557,0.3915858926744452,0.3905729496753862,1.9423829516332747,-0.1800655742574684,0.4295704641080779,0.925182899910721,-0.0004559276761934862,-0.023197915063777035,-0.37881162941419383,0.17351077889364852,0.6903621814546512,-0.001081938464153609,-0.0002102309263454563,6.379773259452964e-05,0.000234224274520193,0.42281338462709933,0.3908819297876335,0.44105735009879743,0.3888070096734168
883,7.358333333333333,1.9618109608640693,-0.2737145877766398,0.5,0.9990195770086711,-0.0011069635680070046,-0.04288091859911288,0.01094925591861564,0.24710932263592697,0.868322207353007,0.0,0.09829831965516476,0.03261520663481146,-1.701208037364465e-05,0.39132013673884913,0.39231370969292395,0.39156328856067635,0.39056486461991735,1.9438785959982505,-0.17313012855099394,0.429443913041359,0.9252610547239254,0.00031820434248888826,-0.022626466430503766,-0.3786554137656496,0.15314330191473768,0.6968465249803518,-0.0351313363116057,0.0001469760385715679,0.00028759348921035126,-0.00010271296614665709,0.4232779271323295,0.3876448561762408,0.4366134486314661,0.38808336710233765
884,7.366666666666667,1.9638389007328092,-0.2664855970482649,0.5,0.9990258529865881,-0.0007008702733229017,-0.042738614071944916,0.010966526910988395,0.2400950950643696,0.8683883671816928,0.0,0.09753701374142137,0.033602391661103584,-1.6964286809323208e-05,0.39132239006954445,0.3923012345105946,0.39154079151555343,0.39055698150862816,1.94535843543059,-0.16613007599597598,0.4293713972571571,0.9252952129002103,0.0016290832193745148,-0.022195549729954876,-0.3785940737042833,0.16552669906764184,0.7123961280191132,-0.0008669471149469477,0.0009290406756176601,-0.00020571025686084505,0.0001584586938541906,0.4285919205810076,0.39526139894125506,0.44248001335893405,0.39161774410064365
885,7.375,1.9658085387906827,-0.2592563719544927,0.5,0.9990321166214168,-0.0002980117197786599,-0.04259225789357996,0.010983656744157619,0.23310545082945708,0.8683884340141095,0.0,0.09676571826954308,0.03457488256942824,-1.6915274531176597e-05,0.3913245745640455,0.39228860463706905,0.39151840491576745,0.390549298715765,1.9466541266642037,-0.1591658724207121,0.42933079065948054,0.9253583861516426,0.0023347966461690684,-0.02156934603703626,-0.3784721511749356,0.15671200028888332,0.7030973492490211,0.0031184791922100885,0.00010193866568598847,-6.115339272369951e-05,-0.00010975865706150434,0.42193395631147645,0.38743516140363304,0.43797258784249526,0.3883403098222725
886,7.383333333333333,1.9677200830990387,-0.2520274603426971,0.5,0.9990383674224611,0.0001015715777680984,-0.04244191198190829,0.011000645817323771,0.2261410428892009,0.868322953853001,0.0,0.09598470163475069,0.03553259412062211,-1.6865065953897314e-05,0.39132668846119306,0.3922758232859411,0.3914961320688487,0.3905418145685927,1.9476004519498962,-0.15451896465286458,0.429222694390514,0.9254010050543194,0.0030233953849039723,-0.021115254365666483,-0.37838866917215647,0.1387722089656096,0.676338093731127,-0.009318406620645314,0.0008793811797860518,0.0003738768592355589,0.00014015706772100686,0.42304896970481565,0.386950745644594,0.4356044980280451,0.3875197282522474
887,7.391666666666667,1.9695737471063754,-0.2447994054774285,0.5,0.9990446049059792,0.0004978402296403553,-0.04228763858894159,0.011017494539714496,0.2192025138438575,0.8681924790962064,0.0,0.09519423227709344,0.03647544603322205,-1.681368350535395e-05,0.3913287300481392,0.39226289369230255,0.39147397621271945,0.39053452734873434,1.948588152619771,-0.14990173693399234,0.4291301258800351,0.9254726678823525,0.004051182580941015,-0.02057816056993246,-0.3782333515569124,0.1737357274668172,0.7102071235763618,-0.01485660281317358,0.0012062575404535216,-9.91133278251263e-05,0.000218182766137379,0.4293468742079521,0.3908138281898978,0.4333940595349102,0.3878063419833976
888,7.4,1.9713697495617626,-0.23757274598808453,0.5,0.999050828595227,0.0008907559711112745,-0.04212950028013009,0.011034203330399912,0.21229049588669155,0.8679975683496145,0.0,0.09439457858905831,0.03740336295723759,-1.67611496177519e-05,0.3913306976606216,0.39224981911128526,0.3914519405152983,0.3905274352935052,1.9493296487788438,-0.14521658123513909,0.4291683177332025,0.9254591688777734,0.004499705085480944,-0.019913610670633932,-0.37829687747093965,0.12302745865435671,0.6982416715680007,-0.0033766225395581717,0.0008588680245566189,0.00022676281891767595,0.00010684537328394931,0.4272943515648077,0.3870587960452513,0.43780317034655225,0.3939545649035267
889,7.408333333333333,1.973108314427869,-0.23034801581813524,0.5,0.9990570380204981,0.0012802816617905563,-0.04196755991379772,0.011050772618107796,0.2054056107581464,0.8677387862402852,0.0,0.09358600882421596,0.03831627444621972,-1.6707486718816646e-05,0.3913325896831873,0.3922366028166389,0.3914300280741136,0.3905205365972699,1.9501346172025822,-0.14063762764688464,0.42913822403344287,0.9254770743780194,0.004689310115818719,-0.019674594365642215,-0.37826327538883164,0.11474912557825068,0.7130726275356186,0.024307642630061466,0.0008350271423040719,0.00022609155528091374,-0.000270186348213925,0.42740558233775977,0.3902594462240241,0.4332889721734359,0.38630102891835116
890,7.416666666666666,1.9747896707936254,-0.22312574417591446,0.5,0.9990632327191618,0.0016663812846317088,-0.04180188062070185,0.011067202841038761,0.1985484697034114,0.8674167032297957,0.0,0.09276879100701219,0.03921411492764834,-1.6652717225107243e-05,0.3913344045493778,0.3922232480992968,0.3914082419159561,0.3905138294128239,1.9509869679062442,-0.13612613155402584,0.42904763812586133,0.9255719605058148,0.005252087730494663,-0.01937363798475558,-0.37803918269291825,0.13837074283413742,0.6647877901973881,-0.01127630918077438,0.000231854727333206,-0.00012441843987422624,0.00020121505395762703,0.4211278619552772,0.38592009043887077,0.4303613810303252,0.3814048777730115
891,7.425,1.9764140527865526,-0.21590645548695164,0.5,0.9990694122356988,0.0020490199445658674,-0.04163252578372515,0.011083494446681458,0.19171967343334495,0.8670318954278792,0.0,0.09194319284370259,0.04009682367165959,-1.6596863536041517e-05,0.39133614074193185,0.39220975826595306,0.39138658499658135,0.3905073118527148,1.9517103256593398,-0.13144820280714842,0.4289723559705636,0.9255869880156231,0.006159105020939111,-0.018790594187463136,-0.3780181300038267,0.08686399098452036,0.6846250342144367,-0.008582815064528404,0.0006559204900502171,0.0004478744706666027,0.00018995095880564014,0.43411782926252945,0.388657946397591,0.4296381647475318,0.3910350280779178
892,7.433333333333334,1.9779816994847805,-0.2086906693478663,0.5,0.9990755761217343,0.002428163866766285,-0.04145955901770577,0.011099647891627889,0.18491981208874572,0.8665849444064124,0.0,0.09110948163440144,0.04096434475819134,-1.6539948023358043e-05,0.39133779679291864,0.39219613663765485,0.39136506020043027,0.3905009819906135,1.952509569161517,-0.12684494689586132,0.4288838959543592,0.9255794392456991,0.0071929807155228275,-0.018473567017648792,-0.37803397994848,0.09346885819920825,0.669818270669513,0.007801427027953611,0.0003570584427462132,-1.0162352126606906e-05,9.253201079949665e-05,0.4318189940217693,0.3939963380653697,0.4303745136216688,0.3842058717685181
893,7.441666666666666,1.9794928548287842,-0.20147890048180783,0.5,0.9990817239360692,0.002803780394548876,-0.04128304414941277,0.011115663641388891,0.17814946520793823,0.8660764370138125,0.0,0.09026792418639171,0.04181662704252567,-1.648199302796546e-05,0.39133937128385676,0.39218238654838483,0.3913436703403943,0.390494837862677,1.9531666902131506,-0.12228566058435818,0.4287550005719245,0.92564167373816,0.007732947821526924,-0.018098020077130787,-0.377889077675573,0.15684225637786486,0.6334717510188159,-0.023941401487914682,-0.0017267704281361004,0.0002968893134439416,0.0007829085486437023,0.43193862485051,0.38992831093374664,0.4250632138715757,0.3829897595882778
894,7.449999999999999,1.9809477675328715,-0.19427165869543517,0.5,0.9990878552447087,0.00317583798691416,-0.041103045197673244,0.011131542170209813,0.17140920169764354,0.865506965189905,0.0,0.0894187867286104,0.042653624119304,-1.6423020849187613e-05,0.3913408628458195,0.39216851134365766,0.39132241815763247,0.3904888774688812,1.955487697263487,-0.10621499465408478,0.4283664634248135,0.9257153777424206,0.010165423270698786,-0.017245074145433463,-0.3776907610713472,0.10222581018954902,0.6904924351358338,-0.04002341542577725,0.0007962159326653657,7.207942266499202e-05,0.00018713836903980956,0.44304211604680654,0.38714127986833957,0.4254355130908932,0.39730481852050115
895,7.458333333333334,1.9823466909964391,-0.18706944883744803,0.5,0.9990939696208868,0.0035443062157352687,-0.040919626353657215,0.011147283960886505,0.16469957980711863,0.864877125781316,0.0,0.08856233482741835,0.04347529428505099,-1.6363053738436585e-05,0.39134227015945827,0.39215451437915394,0.3913013063213801,0.3904830987744143,1.9560859643110107,-0.10176009310729904,0.4281874063198432,0.9258174371790914,0.010363763705991012,-0.017098748383707632,-0.3774417812334722,0.08516918865497658,0.6790173322657369,-0.02825608744113639,0.00013788900122364646,-9.00455162656783e-05,0.00024830742319460075,0.43866124549989155,0.39617324906332335,0.4345645203025727,0.3930985304178684
896,7.466666666666667,1.9836898832150354,-0.17987277075863872,0.5,0.9991000666450928,0.003909155762598279,-0.040732851961326796,0.01116288950458164,0.1580211471055175,0.8641875203574527,0.0,0.08769883330364128,0.04428160049921779,-1.6302113895750193e-05,0.3913435919550826,0.392140399019325,0.3912803374288243,0.39047749971099427,1.9567204477950735,-0.0972255277420362,0.4280463490379088,0.9258429681143471,0.01066543554416291,-0.016798266384035625,-0.37738424069423,0.08817335251338765,0.675135355729925,-0.02106339634675991,0.0001725014994802968,0.00015949228489675187,7.713876008927197e-06,0.43835395970312707,0.39553084177980313,0.43101369459202316,0.3898871118131198
897,7.475,1.9849776066912472,-0.17268211927348687,0.5,0.9991061459050903,0.004270358415299407,-0.0405427864980553,0.011178359300641419,0.15137444046246387,0.8634387550271218,0.0,0.08682854615085894,0.04507251034379657,-1.6240223457849277e-05,0.39134482701266166,0.3921261686360242,0.3912595140050168,0.3904720781782182,1.9577724816827788,-0.08810788342284341,0.4277478412810366,0.92581819749196,0.01134988332606045,-0.016196759254609738,-0.37745133504979356,0.07723847330047828,0.6772597223528589,-0.013927070112695894,8.843775552490701e-05,0.0001272642847545059,0.0003587825564374163,0.4381656957860183,0.393343987566184,0.42897745751284133,0.3897983636409059
898,7.483333333333333,1.9862101283454416,-0.1654979841232751,0.5,0.9991122069959377,0.00462788706400514,-0.04034949455542239,0.011193693856412744,0.14475998603179377,0.8626314402558438,0.0,0.0859517364550872,0.0458479959815575,-1.6177404494690812e-05,0.3913459741617807,0.39211182660716715,0.3912388385027938,0.3904668320449293,1.9583270144217413,-0.08360849681848015,0.42763824999992933,0.9259329833454358,0.011607025527921373,-0.015925656789195476,-0.377173382898698,0.054164976129311704,0.6618204543723083,-0.043027953940311114,0.00028465406150370395,-1.8211255299518568e-05,-5.041837263197867e-05,0.43680179098619637,0.3927430396600249,0.4280295264843889,0.388147776399506
899,7.491666666666667,1.98738771942639,-0.15832084994072115,0.5,0.9991182495200044,0.004981715697081048,-0.04015304082019069,0.011208893687060897,0.1381782992384351,0.86176619068392,0.0,0.08506866631574753,0.04660803411292724,-1.611367900224321e-05,0.39134703228162265,0.392097376315375,0.3912183133027523,0.3904617591505406,1.9587582567172943,-0.07914981340238778,0.42747965718673026,0.9259327793676617,0.01174405627823127,-0.01584663804630462,-0.37717296999816974,0.08194990914034417,0.6781101817948123,-0.022281223831699393,0.0011245138018932915,-5.7536751617656554e-05,0.00030244885494920673,0.4438613271107742,0.39991841567664294,0.4304076846156925,0.39041435461366725
900,7.5,1.9885106554217984,-0.15115119621612783,0.5,0.9991242730869849,0.005331819396594452,-0.039953490055469616,0.011223959315387777,0.13162988476840298,0.8608436249453,0.0,0.08417959676803932,0.047352605931542384,-1.604906889555351e-05,0.3913480003008888,0.3920828211466438,0.3911979407132522,0.3904568573063782,1.9598848434091984,-0.06791323680549746,0.42714267123835503,0.9260017043307168,0.013390007728390264,-0.015339548892193914,-0.37696982572803533,0.05541733011615868,0.6980079927353999,0.006560775802799679,0.000805574205093791,-8.815849696042864e-05,-7.198554907408574e-05,0.438878191888844,0.392632205226156,0.42898264027074096,0.3912796790336076
901,7.508333333333333,1.989579215968769,-0.14398949726502974,0.5,0.999130277313912,0.005678174333497684,-0.03975090708207172,0.01123889127165077,0.12511523656185874,0.8598643654873079,0.0,0.08328478770667225,0.04808169707854071,-1.598359600286231e-05,0.3913488771977056,0.3920681644890388,0.3911777229704423,0.3904521242970047,1.960493807082882,-0.061228668762987666,0.42695277129689896,0.926066576184655,0.013568268586353266,-0.015218344583939293,-0.37680897089815085,0.034537836294590285,0.6715092267870016,-0.012352288595890437,0.000986054153181984,0.00010200047331003792,2.7200350571408648e-05,0.4319660846616039,0.3904792992048807,0.42632639752660934,0.3838961560420828
902,7.516666666666667,1.9905936847642214,-0.13683622219734914,0.5,0.9991362618251658,0.006020757762496713,-0.039545356760066555,0.011253690093382274,0.118634837809223,0.8588290383912737,0.0,0.08238449781100479,0.04879529759560797,-1.591728205950103e-05,0.3913496619995079,0.39205340973138114,0.3911576622383299,0.39044755788154695,1.9609909953132263,-0.05454169063491485,0.4268328939432006,0.9260662745709312,0.013961469408100556,-0.014756581671085787,-0.3768137149463485,0.04290938365931751,0.6532335859306169,-0.01981767637090348,-0.00031160814470344514,0.0004064975877270091,-0.00021662844148132463,0.43821384858813456,0.3956427459366849,0.4261564709299056,0.3848274297076391
903,7.525,1.9915543494752954,-0.12969183488802916,0.5,0.9991422262524816,0.0063595480166122815,-0.03933690397053741,0.011268356325209953,0.11218916095028139,0.857738273194124,0.0,0.08147898447160984,0.04949340187681814,-1.58501487015298e-05,0.39135035378290356,0.3920385602619646,0.39113776060887273,0.39044315579500233,1.962227828802379,-0.03692486680011342,0.4265992143544424,0.9262315659568444,0.01411346149945695,-0.014200431466935776,-0.37642295915072443,0.04421243780663442,0.6611693334731148,-0.0032231615864630747,0.00014553611164451656,0.00030096711053858373,8.699441426258237e-05,0.44194406667905484,0.3951818346090658,0.4250569166387026,0.38784235661720823
904,7.533333333333333,1.992461501649763,-0.12255679394916164,0.5,0.9991481702349551,0.006694524501438495,-0.03912561359754552,0.01128289051867776,0.10577866767627264,0.8565927027109779,0.0,0.08056850371824921,0.050176008619322005,-1.578221745944736e-05,0.39135095167348943,0.3920236194672785,0.3911180201021144,0.39043891574955547,1.9624167772303696,-0.03253480593610228,0.4265119320828996,0.9262555804364331,0.013958658364612565,-0.014081913399241332,-0.3763740895466142,0.058355350090733005,0.6700402457787275,-0.022339002510790573,0.0009407342028554121,-1.0209755056596704e-05,7.292590058658935e-05,0.43655252151774876,0.3914236260601242,0.4251558063596328,0.38647632651290414
905,7.541666666666666,1.9933154366264727,-0.11543155270358096,0.5,0.9991540934190456,0.007025667689105843,-0.038911550510306654,0.011297293232067795,0.09940380893490301,0.8553929628587992,0.0,0.07965331014935884,0.050843120772915376,-1.571350975292053e-05,0.3913514548456652,0.39200859073074873,0.3910984426663369,0.3904348354358843,1.962672721012217,-0.02818219892304809,0.4264414181379419,0.9262615019282138,0.013957007026847885,-0.014070368858841149,-0.376360009459983,0.03131692733677749,0.6578472288934885,-0.015781170622336527,0.0008349049826789242,-7.937765729241322e-05,0.00018604855422278137,0.438959331895529,0.3923665342558977,0.4294854651083968,0.39221854515342613
906,7.55,1.9941164534458502,-0.10831655915992044,0.5,0.9991599954585769,0.007352959111954449,-0.038694779545584417,0.011311565030223021,0.09306502493825815,0.8541396924811501,0.0,0.07873365686294491,0.051494745488506785,-1.5644046884981562e-05,0.39135186252242943,0.39199347743150326,0.39107903017824125,0.3904309125244362,1.962799829616092,-0.02377871378695285,0.4263928394436246,0.9263122837921905,0.014276704067128106,-0.01386817622904299,-0.37623051750855624,0.028425500741091625,0.6406341977839722,-0.015067699228754616,-0.00013803489770114724,0.0001290465693153659,-0.0002202975561852207,0.43940503622839416,0.3940527151495563,0.42653349412540004,0.388096465632435
907,7.558333333333334,1.99486485476048,-0.10121225598912997,0.5,0.9991658760147365,0.007676381355923691,-0.038475365490304954,0.01132570648437091,0.08676274517357635,0.8528335331740944,0.0,0.07780979538897398,0.05213089406556071,-1.557385003652257e-05,0.391352173975136,0.3919782829431363,0.3910597844431773,0.3904271446667152,1.9629823671560431,-0.01948338850736545,0.4263576751386231,0.9263393279948445,0.014202474285590879,-0.01378423693168594,-0.3761698206215356,0.03187787907876771,0.6574709519729235,-0.019326821023385454,3.025471744074074e-05,0.00016291670717236153,9.49782231623488e-05,0.44173554028444334,0.3937145280409286,0.42392597771361756,0.3880902071899768
908,7.566666666666666,1.9955609467457913,-0.0941190805024339,0.5,0.9991717347560708,0.007995918053664666,-0.038253373064396815,0.011339718171948038,0.0804973884168414,0.8514751291132924,0.0,0.0768819756232814,0.052751581898521395,-1.550294026024697e-05,0.39135238852323473,0.3919630106325015,0.3910407071953871,0.39042352949655384,1.9631978164814534,-0.013035572599646618,0.4262816662490829,0.9264002704880219,0.014446525926445648,-0.013794491366775626,-0.37601003807918326,0.00035416392212272996,0.6365407118650378,-0.013326117876988341,-0.00034926855709035406,0.0004123054380662041,-7.020840389208695e-05,0.4404679056522082,0.3935459856066272,0.42671002123426865,0.3898403373648495
909,7.574999999999999,1.9962050390108732,-0.08703746463072481,0.5,0.9991775713584807,0.00831155387738186,-0.038028866903860634,0.011353600676425723,0.0742693627491541,0.850065126882335,0.0,0.075950445762952,0.053356828422278936,-1.543133847573203e-05,0.39135250553399115,0.3919476638585248,0.3910218000982748,0.390420064631374,1.9633806984769624,0.0019149298973615413,0.42622963210859766,0.9264515008684286,0.014174712474566607,-0.013222579934360521,-0.37591469437197955,0.02163790759848183,0.6335297889631439,0.002581901361475847,-5.452276844931663e-05,8.824429981436653e-05,0.00012572864536998838,0.44185376003231014,0.3958979168132668,0.42295915551658037,0.38517582396662514
910,7.583333333333334,1.9967974445094376,-0.07996783490538295,0.5,0.9991833855052137,0.008623274531410102,-0.037801911544071844,0.011367354587136691,0.06807906557584974,0.848604175302357,0.0,0.07501545224324377,0.05394665705670349,-1.5359065464211688e-05,0.3913525244221849,0.3919322459710307,0.39100306474470536,0.3904167476734411,1.9634670513114143,0.006132407428129371,0.42627013739108477,0.9265074632399596,0.01398259777740632,-0.01328485922972445,-0.3757817452129582,0.0012637136970861107,0.6373450203939728,0.02300669276664169,-7.793697904465133e-05,2.3146859901213123e-05,6.4234366277764855e-06,0.4379919082849965,0.38968722388837396,0.42187982778708355,0.3864123171509579
911,7.591666666666667,1.9973384794509588,-0.07291061244050523,0.5,0.9991891768868526,0.008931066744533728,-0.03757257140332075,0.01138098049910285,0.06192688364831061,0.8470929252629732,0.0,0.07407723967600738,0.054521095150281584,-1.5286141864385462e-05,0.3913524446497878,0.3919167603095847,0.3909845026573449,0.39041357621109324,1.9634089697686654,0.014614483981113624,0.42631403022473763,0.9265486893987799,0.014070334825288579,-0.012839799246352862,-0.3756922828680689,-0.0021290279571317683,0.6292068511148423,-0.01471131659295244,0.00014363560617068873,0.00022338365841163488,-2.367371888030863e-05,0.4340310904554198,0.3881917745576193,0.4188731836123528,0.3810092669590555
912,7.6,1.9978284632120054,-0.06586621291654504,0.5,0.9991949452013055,0.009234918262053679,-0.03734091076659314,0.011394479012864205,0.05581319308844727,0.8455320295545766,0.0,0.07313605078967442,0.055080173922931956,-1.5212588166396788e-05,0.391352265725626,0.39190121020234425,0.3909661152890243,0.39041054781996626,1.9633605614417005,0.020920256244615527,0.42640782591627213,0.9265788148528082,0.014429343892741496,-0.012950098687337272,-0.37560057087919696,-0.00037549606710651773,0.6352002584311004,0.01263315582205049,-0.00030143833452341554,-8.888623500684374e-05,0.00015061454041084629,0.440898495555074,0.3942231289099647,0.4245188138802378,0.3874742320159457
913,7.608333333333333,1.9982677182477933,-0.05883504656532845,0.5,0.9992006901537901,0.009534817837610019,-0.03710699376959489,0.011407850734308974,0.04973835941578699,0.8439221427020406,0.0,0.07219212637076403,0.05562392840797072,-1.513842470655816e-05,0.39135198720501974,0.3918855989649538,0.3909479040231038,0.3904076600642113,1.9633109231548047,0.027172936405369875,0.42641387169092476,0.9266515452193097,0.014498142137304632,-0.013091350688263299,-0.37541355084012273,0.008514065888576283,0.6103878591646594,0.014382263061862854,-0.0006284244236428401,6.755207531185488e-05,3.757895992150793e-05,0.43557920942508305,0.3891064621144652,0.42077969222207,0.3835674237638523
914,7.616666666666667,1.9986565700039751,-0.05181751815646529,0.5,0.9992064114568184,0.009830755224765198,-0.03687088438302405,0.011421096274504898,0.0437027375771519,0.8422639207998605,0.0,0.07124570520693368,0.05615239739333132,-1.5063671663589386e-05,0.3913516086893804,0.3918699298994546,0.3909298701738903,0.3904049104977006,1.9633438402993084,0.03335297271466371,0.4268830091340551,0.9266282864813145,0.013769693999867383,-0.013970778089851461,-0.3754666850459801,-0.01547429053481153,0.6381765209005926,-0.013448946692673491,-0.00023556065361192354,0.0006776293929568155,-0.00011141713449821982,0.43826943198933477,0.38731481959851943,0.4175509767778155,0.3848101786266251
915,7.625,1.9989953468286914,-0.04481402698511272,0.5,0.9992121088301783,0.010122721168355758,-0.03663264639709306,0.011434216249531847,0.03770667197886005,0.840558021348775,0.0,0.07029702403161352,0.05666562336205629,-1.4988349055242677e-05,0.3913511298258311,0.3918542062931863,0.3909120149870795,0.39040229666520343,1.9630647543356292,0.039557899659448434,0.4268618574480659,0.9266718889441372,0.0135051609197206,-0.014038535525409906,-0.3753661417729879,0.0022333910930649736,0.6349441055779788,0.012706380554927676,0.0001110688624459555,-0.0002530784209985688,0.00036814782090216605,0.438142835221143,0.394867128446391,0.42651604769692647,0.3861427034464468
916,7.633333333333333,1.9992843798849036,-0.03782496686110415,0.5,0.9992177820009132,0.010410707395618115,-0.03639234340630434,0.011447211280315684,0.0317504965214269,0.8388051030939017,0.0,0.06934631747016888,0.05716365243206751,-1.4912476731558481e-05,0.3913505503067961,0.3918384314177255,0.3908943396402116,0.39039981610355734,1.9629113191756848,0.04372898803529134,0.42683132096006704,0.9267248521869061,0.013025458073108764,-0.014126310877542013,-0.37524902814282374,0.0009529884646752862,0.6244741073662626,0.0018200316201477662,-0.0008481050691717887,0.0001836888817340544,7.888720113053106e-05,0.43386297785810424,0.3877470667101557,0.42241450147972237,0.38488438982412904
917,7.641666666666667,1.9995240030630277,-0.030850726099409087,0.5,0.9992234307032996,0.01069470660709566,-0.03615003879448191,0.01146008199246352,0.025834534636708137,0.8370058258644231,0.0,0.068393817987647,0.05764653429529329,-1.4836074371609408e-05,0.39134986986954273,0.3918226085278687,0.39087684524314487,0.3903974663428359,1.962682904235874,0.04782187663563092,0.42689670360498955,0.926717087546689,0.012870146798785325,-0.014211521418233227,-0.3752703447240924,-0.00670417514010424,0.6298352774061082,0.006485456999871797,0.000392285591766349,-0.00023034676784701677,0.00015507999645221593,0.4368057381724508,0.3891618415493923,0.4231100477718909,0.3871062040212237
918,7.65,1.999714552893891,-0.023891687511929716,0.5,0.9992290546788238,0.01097471246733329,-0.03590579572006163,0.011472829016100295,0.01995909932745277,0.8351608504148568,0.0,0.06743975583806805,0.05811432215618723,-1.4759161480424558e-05,0.39134908829573617,0.39180674086060036,0.39085953283857566,0.39039524490748506,1.9624660394864981,0.05188197040411355,0.426758094758285,0.9267120556001082,0.012198156899532445,-0.014262896431243646,-0.37530326505250144,0.04466522180279764,0.6251319389383069,0.1376754479463227,-0.001832555692813065,-0.001197617235319398,-5.972556269511852e-05,0.43530628830123375,0.3889644586595447,0.4229781360845732,0.38569483958386896
919,7.658333333333333,1.999856368462031,-0.01694822840060839,0.5,0.9992346536761555,0.011250719595366235,-0.03565967710164234,0.0114854529857068,0.014124493209214248,0.8332708382679423,0.0,0.06648435901532071,0.058567072669653227,-1.4681757383953626e-05,0.3913482054109828,0.39179083163408146,0.39084240340256826,0.3903931493174497,1.962206873335457,0.055995557976630646,0.42679462638983395,0.9268068477802852,0.012391599710238968,-0.014490843811339783,-0.3750540369197857,-0.03967481857600763,0.6275097148443973,0.010629088011049337,0.00015395751829878386,-0.00030378586990466636,0.00022352229293870807,0.41401003044011186,0.35963495268990436,0.40148652665708434,0.37208411229188404
920,7.666666666666666,1.9999497913193554,-0.010020720551834117,0.5,0.9992402274511187,0.011522723555009818,-0.035411745603800414,0.011497954539959106,0.008331008554575955,0.8313364515591785,0.0,0.06552785320559054,0.05900484587841686,-1.4603881224743969e-05,0.3913472210843277,0.39177488404669214,0.3908254578451056,0.39039117708928944,1.9616624030156686,0.060010467889738954,0.42668955332760705,0.9268015509870277,0.01093370095976575,-0.014338829287171654,-0.37511829766892973,-0.1437861176427191,0.5923679191157758,-0.02247082394207789,-0.0023696522711989594,0.0015098063213314899,-9.284246892219331e-05,0.43451724492755356,0.3915279343065342,0.4219859339660554,0.38153917896294026
921,7.675,1.999995165399181,-0.0031095302321422214,0.5,0.999245775766664,0.011790720844956437,-0.03516206362316982,0.011510334321569525,0.0025789273396537057,0.8293583528830397,0.0,0.0645704617413962,0.059427705149928824,-1.4525551959479032e-05,0.391346135227752,0.39175890127607793,0.3908086970106579,0.3903893257372767,1.9611779724808265,0.06601804978479807,0.4266769497579856,0.9269511835758718,0.010508503432064982,-0.01451098807923724,-0.37475392706130906,-0.03623412586306607,0.6130133980997176,0.01615090001179098,0.00022139850864682617,-0.00010085488695899356,0.00016247697333962732,0.442423431291134,0.4086062404859842,0.4238858751061272,0.3742262663101684
922,7.683333333333334,1.999992836930676,0.0037849818148237846,0.5,0.9992512983928347,0.012054708888686958,-0.03491069327478921,0.011522592977129003,-0.0031314787071845583,0.8273372051409025,0.0,0.06361240555715456,0.059835717112760284,-1.4446788355727477e-05,0.3913449477956935,0.3917428864781962,0.3907921216787802,0.39038759277445956,1.9609143267623144,0.07010211777810257,0.4266103460339095,0.9268873705464,0.010742546998982116,-0.014557583000417165,-0.37490328990653204,-0.03680423139937883,0.5799492207266166,-0.0015085534295244951,-0.0007898757320960728,-0.0001120016765753767,0.0006030036479236636,0.43333197982739957,0.3886512866947224,0.4213129396378304,0.38231949184667063
923,7.691666666666666,1.9999431543537145,0.01066246037007601,0.5,0.9992567951067348,0.012314686024202203,-0.03465769637871863,0.011534731156951101,-0.008799948054404996,0.8252736713907088,0.0,0.06265390314632531,0.06022895159256754,-1.4367608985453584e-05,0.39134365878447014,0.39172684278641473,0.39077573256474557,0.39038597571374206,1.9601263560595734,0.07453534791411695,0.4261215364409217,0.9269070764179254,0.01014731822141112,-0.014261105435239122,-0.3748825475946473,-0.18968470668485615,0.703554931165866,-0.13785317614639636,-0.0011170774238784893,0.0011370732599059778,0.00013841319946130288,0.4412461809130283,0.39150339991671085,0.4195604475611012,0.3858025312302571
924,7.699999999999999,1.999846468234171,0.01752255573981465,0.5,0.9992622656924923,0.012570651493582122,-0.034403134446926706,0.011546749514917522,-0.014426229314268454,0.8231684146983986,0.0,0.061695170520177554,0.060607481547713414,-1.4288032225432713e-05,0.3913422682317359,0.3917107733106355,0.3907595303201503,0.3903844720689476,1.9590311012864317,0.08816854047078246,0.42585946362927085,0.9270465167469988,0.011242976439319327,-0.013991027231714989,-0.3745164915261317,-0.06505080445340372,0.5861875983123516,-0.022461084712638302,-0.00044569960323815244,0.0004908909655929616,-0.0001702140858292677,0.4465917398568337,0.43264365493268914,0.458021548473716,0.3888683741015824
925,7.708333333333334,1.9997031311796647,0.024364923754729872,0.5,0.9992677099412243,0.012822605432378703,-0.03414706867045026,0.011558648708325243,-0.02001008118769929,0.8210220979911309,0.0,0.06073642116804133,0.06097138300444771,-1.4208076254324398e-05,0.3913407762159741,0.3916946811363967,0.3907435155335938,0.3903830793558045,1.958371144260981,0.09251107510899334,0.42575834258063583,0.9270005085923033,0.00930794173098659,-0.014437986626472854,-0.37466647012044907,-0.05712710322745007,0.6070115252675368,0.006406978570833166,9.373142481777732e-05,-0.0001289119394525293,0.0002541144659370956,0.44231162104046456,0.39722039094960215,0.4253268051949245,0.3865120981311116
926,7.716666666666667,1.999513497755777,0.031189225768083362,0.5,0.9992731276509952,0.013070548858849004,-0.033889559906827765,0.011570429397735218,-0.025551272407105495,0.818835383912325,0.0,0.05977786601915527,0.061320734991829114,-1.4127759045324487e-05,0.39133918285588903,0.3916785693240386,0.39072768873136177,0.39038179509297033,1.9579133207073443,0.09631051478021442,0.42570568135519826,0.9270658130704492,0.008805590511880785,-0.01465077506281077,-0.3745087376842133,-0.05165854308806228,0.5933470249395723,0.009405421946273584,0.0006596181970211803,-0.0005067655576822879,0.0004706479786434254,0.43408905485297594,0.3912959166142552,0.42445182689443395,0.3837309078333825
927,7.725,1.9992779244027523,0.03799512865259669,0.5,0.9992785186267785,0.01331448366303533,-0.03363066866780727,0.011582092246822807,-0.031049581677204972,0.8166089346785419,0.0,0.05881971340608378,0.06165561947634185,-1.4047098366411909e-05,0.39133748830981063,0.3916624409079001,0.39071205037808326,0.3903806168030568,1.9562558313191374,0.11015614590639411,0.4253104743812943,0.9271295756898451,0.008803338222567646,-0.014569295619039116,-0.3743540927283578,-0.06075496181225937,0.5964002747658779,-0.017924056963142254,0.0007644460618178899,-0.00013898148754489358,-5.0345563001951686e-05,0.4351909450365298,0.389705140698289,0.42253453154033405,0.3845806407205673
928,7.733333333333333,1.9989967693527064,0.04478230479615508,0.5,0.999283882680414,0.013554412595698753,-0.0333704551073307,0.011593637922229802,-0.036504797613898375,0.8143434119382328,0.0,0.05786216902965704,0.06197612129623987,-1.3966111778942678e-05,0.3913356927751295,0.39164629889549313,0.3906966008774648,0.39037954201357633,1.9551340314996117,0.11786684107928155,0.4251449324262098,0.9272467740225536,0.008390240694234954,-0.014717053728162094,-0.3740674167251442,-0.07426996323358637,0.6185639533811543,-0.02150349861334,-0.00015860378366516743,0.0004549499674003005,-1.8037805478410547e-05,0.4378783247619151,0.3952782829013227,0.4290944566038383,0.3882427316895736
929,7.741666666666667,1.9986703925473512,0.05155043209634225,0.5,0.9992892196305632,0.013790339257112484,-0.03310897900979453,0.011605067093418166,-0.041916718681235525,0.8120394766323711,0.0,0.05690543592547441,0.06228232809569394,-1.3884816632142149e-05,0.391333796487686,0.39163014626672576,0.39068134057302023,0.39037856825789746,1.9545499223797094,0.12181026266117041,0.42505982682443266,0.927241122463196,0.008213617120564346,-0.014670315941533374,-0.3740871811986681,-0.058802241756805707,0.577073312991877,-0.03290321595244006,0.00039732481604819094,-0.00015227395030241998,0.00014049303796814694,0.4346933653531939,0.3970925511222414,0.43347546479272075,0.3876860441171879
930,7.75,1.9982991555562561,0.05829919395382499,0.5,0.9992945293026646,0.014022268085721755,-0.03284629977858846,0.011616380432525508,-0.04728515312652409,0.809697788856997,0.0,0.05594971443193086,0.06257433025874325,-1.3803230062134006e-05,0.39133179972113946,0.3916139859731581,0.3906662697488047,0.3903776930761997,1.9539223440128328,0.1256992708237722,0.42505435750467774,0.9272596975538191,0.008528232061648013,-0.014681870794789154,-0.3740336418295389,-0.08518817715068572,0.601281915483802,-0.034700809553012135,0.00039323193300166276,4.4222320653351843e-05,-0.00011812647330455412,0.44198481492636865,0.3966672833891445,0.4302074318374398,0.39207263443924395
931,7.758333333333333,1.99788342149566,0.06502827926459909,0.5,0.9992998115288865,0.014250204346676308,-0.0325824764249119,0.011627578614222258,-0.052609918913622676,0.807319007727686,0.0,0.05499520215979579,0.06285222084310889,-1.3721368989627006e-05,0.3913297027863471,0.39159782093726,0.39065138863018395,0.39037691401638364,1.952682838705388,0.13339822429560305,0.424750109457592,0.9273548546871999,0.007925719033911753,-0.014583184757651767,-0.37381477657818984,-0.09018415888932818,0.5999413923075971,0.013950684973396132,0.00026946496240803686,-0.0003538172892840661,0.00033944351042456024,0.43933850826301196,0.40001979607905924,0.43317803259899607,0.38911112782618623
932,7.766666666666667,1.9974235549478467,0.07173738241112249,0.5,0.999305066148078,0.014474154120242395,-0.03231756755686944,0.011638662315570624,-0.05789084365447279,0.8049037912459678,0.0,0.05404209396329902,0.06311609551388435,-1.3639250117199707e-05,0.39132750603074623,0.39158165405170375,0.3906366973845917,0.3903762286349702,1.9523284025996537,0.13721531030705064,0.4251447429485518,0.9273339766011226,0.007541202673067528,-0.015397852878446363,-0.3738418545723931,-0.08467610522309155,0.5878511702203215,-0.009781069491343608,-0.0004380147582633673,-1.6872110030736716e-05,0.00011119139185932174,0.43038338327045306,0.39180672670033156,0.42608136205965913,0.3813475741235106
933,7.775,1.9969199218811022,0.07842620325233729,0.5,0.9993102930057198,0.014694124290100051,-0.03205163136884499,0.011649632215885318,-0.06312776453890614,0.8024527961677059,0.0,0.05309058191270177,0.06336605247711753,-1.3556889927349332e-05,0.3913252098376838,0.3915654881786794,0.39062219612233035,0.3903756344979928,1.9516701961957883,0.1410492028394328,0.42495378527310784,0.9273940343429845,0.007081249582606761,-0.015324770443753907,-0.3737048466105821,-0.08556674411226428,0.5880479781649419,-0.029014393891585444,-0.0006914287895180178,0.0004054991752290881,-0.0001523769344003568,0.43537060233966923,0.3949754204152162,0.42891975565911133,0.38592787575989806
934,7.783333333333333,1.996372889570265,0.08509444711260616,0.5,0.9993154919538709,0.014910122531532273,-0.03178472563115567,0.011660488996596042,-0.06832052826277762,0.7999666778734641,0.0,0.052140855268445266,0.06360219241339624,-1.3474304681330377e-05,0.3913228146257576,0.39154932614923266,0.3906078848973787,0.39037512918185674,1.9506311947185844,0.1467961588826588,0.42476555964848844,0.927412890739322,0.006346764274351214,-0.015473681471499126,-0.37366510922950624,-0.11098902024555546,0.5960064119522268,0.013960601419293894,-3.4590130377887457e-06,1.0580948850766542e-05,9.21696139980774e-06,0.43838399096737085,0.3978200440124619,0.43241862629179767,0.3896039777285946
935,7.791666666666666,1.995782826517884,0.09174182476958825,0.5,0.9993206628511178,0.015122157299512733,-0.0315169076799842,0.011671233341111843,-0.07346899095448163,0.7974460902408641,0.0,0.05119310045672213,0.0638246184113742,-1.3391510417415549e-05,0.3913203208481968,0.39153317076261246,0.39059376370818966,0.3903747102741721,1.9495707069554444,0.1525649336515622,0.424524952750855,0.9274334828848224,0.006294845935313607,-0.015394669113372117,-0.3736181391496782,-0.10092254952622781,0.5639518942249261,-0.008436890595420188,-0.00017201157039119474,-0.00011468618850211136,7.695147524250932e-05,0.4292786632868056,0.3932576849950003,0.42709004334551914,0.3798029364436218
936,7.8,1.9951501023759963,0.09836805244104574,0.5,0.9993258055625182,0.015330237816697293,-0.031248234407591318,0.011681865934687227,-0.0785730180998737,0.7948916855189604,0.0,0.05024750104654077,0.06403343590129038,-1.330852294737601e-05,0.3913177289921612,0.39151702478565537,0.3905798324985357,0.39037437537458786,1.9480991599346944,0.16013624242000185,0.4241746260388049,0.9275003408045023,0.005729163301679956,-0.015551970362468106,-0.3734547237795228,-0.10772665685179206,0.5839464096080799,-0.023912731028358225,0.00016520410445146908,0.0003239124020683584,2.370852500834138e-05,0.4368748896522013,0.39543338496001895,0.42722360642708007,0.38530465224026483
937,7.808333333333334,1.9944750878685409,0.10497285177062621,0.5,0.9993309199595457,0.01553437406132652,-0.03097876225280664,0.011692387464290153,-0.08363248446566916,0.7923041142046376,0.0,0.049304237728305715,0.06422875258858811,-1.322535785668955e-05,0.39131503957805386,0.3915008909522041,0.39056609115834195,0.3903741220955996,1.947395498191642,0.1639435585759286,0.42396164149260873,0.9275221301754136,0.005378566328996973,-0.015547858884014075,-0.3734059896991884,-0.10644025781629818,0.5699655105733892,-0.026113963914858873,9.373032448006813e-05,2.1724718875139697e-05,0.0001378468732394403,0.4359445886071058,0.3987341719082361,0.4333812199359007,0.38732995427001976
938,7.816666666666666,1.9937581547144174,0.1115559498126204,0.5,0.999336005920033,0.015734576755044746,-0.03070854719179855,0.011702798618471864,-0.08864727402135043,0.7896840249210484,0.0,0.04836348829380503,0.0644106783875699,-1.3142030502890853e-05,0.39131225315885804,0.39148477196252984,0.39055253952453217,0.39037394806333015,1.9466347460597566,0.1677777076841049,0.42387654290724847,0.9275351912864047,0.005216803193742062,-0.015541002615724655,-0.3733761255455797,-0.11584401872979377,0.5749953069805636,-0.006896977558551454,0.00042458488445455624,-7.04747994481252e-05,0.0001422747486130568,0.43800400643530646,0.39844991852109757,0.43227540678147447,0.3885409204432282
939,7.824999999999999,1.9929996755512032,0.11811707901571711,0.5,0.999341063328113,0.015930857350641866,-0.030437644729122065,0.011713100087238585,-0.09361727985963271,0.7870320642980986,0.0,0.04742542761767013,0.06457932535516274,-1.3058556014950914e-05,0.39130937031944724,0.391468670482764,0.390539177381905,0.3903738509182946,1.9457711041458525,0.1715150189247297,0.42373817181591183,0.9275280012295088,0.004403082344547205,-0.015397241069092987,-0.3734104240223077,-0.10475200051227596,0.551626092446042,-0.043958505762092814,-0.0006388039741328212,9.029408229625656e-05,5.669632178246606e-05,0.43409032911386386,0.3959746565224179,0.4297733246715333,0.3846368203621177
940,7.833333333333334,1.9922000238595408,0.12465597720577504,0.5,0.9993460920741591,0.016123228019724,-0.030166109889044668,0.011723292561925077,-0.09854240411553639,0.7843488768549965,0.0,0.04649022764027481,0.06473480762480836,-1.2974949289923376e-05,0.39130639167589115,0.3914525891443919,0.39052600446399555,0.39037382831614087,1.9429023309024651,0.18469398091256822,0.4232243963031778,0.927639887484521,0.003623917847329867,-0.015000196000900258,-0.37315693814677475,-0.11614256745979823,0.5577723507773941,0.0068458692610906535,0.00031476628125255544,9.516897764440819e-05,0.00023933656443368475,0.4428212662383073,0.40015368593716416,0.43363351918474896,0.39298609069277024
941,7.841666666666667,1.9913595738882077,0.13117238756762606,0.5,0.9993510920547237,0.01631170164031892,-0.029893997207148873,0.011733376735070121,-0.10342255788411056,0.7816351048848705,0.0,0.045558057352011794,0.06487724134053495,-1.289122499416968e-05,0.3913033178747456,0.39143653054375693,0.39051302045395125,0.39037387792838335,1.9411488322027812,0.19215472010228182,0.42295981110306696,0.9276728091076375,0.002895915956999314,-0.01455751644240204,-0.3730989836868282,-0.12668338552526137,0.5618478678693167,-0.012723732556263467,-4.5127271779879435e-05,0.0002206489521886911,6.863719965926522e-05,0.43177310638800437,0.3926058731441689,0.42788683955831175,0.38389401024560676
942,7.85,1.9904787005798785,0.13766605862592118,0.5,0.9993560631724773,0.01649629178442189,-0.029621360722211162,0.011743353300293838,-0.10825766113684746,0.7788913883414663,0.0,0.044629082779017316,0.06500674459120435,-1.2807397561854193e-05,0.39130014959235815,0.39142049724155004,0.3905002249854427,0.39037399744310697,1.9397866350652504,0.1977639114749093,0.4228233065216953,0.9277106546318628,0.00257656815322593,-0.01394482437724819,-0.373030621333102,-0.13014327142584214,0.5722405513116369,-0.03812899944332648,-0.001177071912676784,0.0006170781274721179,7.16441933940508e-05,0.43348060983498665,0.3963432812799815,0.4328104813537076,0.3867449010172483
943,7.858333333333333,1.9895577794975903,0.14413674422505385,0.5,0.999361005336143,0.01667701270548831,-0.029348253968355956,0.011753222952176961,-0.11304764263684852,0.7761183647279319,0.0,0.04370346697028131,0.06512343734497447,-1.2723481193226832e-05,0.3912968875341532,0.3914044917623784,0.39048761764354306,0.39037418456565404,1.938418751249882,0.20333746325304397,0.4226310258341432,0.9277521114682907,0.002053685555217768,-0.013530677448504499,-0.3729460052199956,-0.133203389074521,0.5706201081980028,0.006147815276991153,0.00023729313701752896,0.0004507919580111265,7.386754901142125e-05,0.43604525792880383,0.40010542583587433,0.4387832281518367,0.3915230764124155
944,7.866666666666667,1.9885971867519217,0.1505842035081575,0.5,0.9993659184604335,0.016853879325878403,-0.02907472996748402,0.011762986386141976,-0.11779243985277038,0.7733166689876961,0.0,0.04278136998609734,0.06522744138402,-1.2639489856200361e-05,0.391293532433927,0.3913885165943191,0.3904751979656495,0.3903744370192799,1.9375581832942668,0.20708079982373784,0.42245888723478986,0.927794753199021,0.002065961321292216,-0.013110363245587186,-0.3728548593162699,-0.1469601994198655,0.5448361426697024,-0.03374461032531473,-0.0002191869038646219,0.0007686759290133184,-0.00015103010774577137,0.4285398758933109,0.39231921797016583,0.4317064387516992,0.3847291446990701
945,7.875,1.987597298928895,0.15700820089521028,0.5,0.9993708024659855,0.017026907224259896,-0.028800841221973697,0.01177264429833622,-0.12249199887160747,0.7704869333974466,0.0,0.041862948887909555,0.06531888023951908,-1.2555437282665404e-05,0.39129008505313456,0.3913725741884982,0.39046296544239284,0.3903747525458093,1.936589490537293,0.21078184074716144,0.4224099896393072,0.9277961636133052,0.0018364136759014605,-0.01263737035972987,-0.37286888210151753,-0.14672735020035965,0.5505777916978427,-0.012261722986811607,-0.0002468301466626853,0.000722003822944524,7.590578766952302e-05,0.43860554149297293,0.40013302742701046,0.43497497125328155,0.39022613418226726
946,7.883333333333333,1.9865584930186122,0.1634085060602566,0.5,0.9993756572792919,0.017196112622974342,-0.02852663970765404,0.01178219738551687,-0.12714627431035255,0.7676297874622132,0.0,0.04094835772947895,0.06539787912691997,-1.2471336970565176e-05,0.3912865461801563,0.3913566669587224,0.390450919518548,0.3903751289062674,1.9356046932697202,0.21443020291159332,0.42222419108751147,0.92782732240732,0.000939297584789547,-0.012163391886255016,-0.37281044702681226,-0.15970454995515304,0.5579869041976243,-0.03908459984913182,-0.0010337549733880453,0.0008224559808442855,-5.6630990021151896e-05,0.43429565395353564,0.3957982899288225,0.4321578528775234,0.3874831490840477
947,7.891666666666667,1.9854811463446318,0.16978489390776352,0.5,0.9993804828326339,0.017361512375372506,-0.028252176867048347,0.011791646344937845,-0.13175522922657742,0.7647458578125609,0.0,0.04003774754938288,0.0654645648815691,-1.2387202183464837e-05,0.39128291662960063,0.3913407972810912,0.39043905959397485,0.39037556388146627,1.933811994279551,0.22157851308054474,0.42226228406361305,0.9279576049143596,0.0023841196288851875,-0.010398188244877324,-0.37253305509232937,-0.14743873546851916,0.5594661503064036,-0.010752014364162621,-0.00042988748701900255,0.0008307512936954698,0.00015268000742013396,0.4372856214026206,0.4008831392553467,0.43813242456648155,0.39136502603728174
948,7.9,1.984365636494097,0.17613714454813723,0.5,0.9993852790640145,0.017523123953124536,-0.027977503602886547,0.011800991874238696,-0.1363188350279851,0.7618357681038919,0.0,0.039131266364805885,0.06551906589464324,-1.230304594855916e-05,0.3912791972415739,0.3913249674936539,0.3904273850245472,0.39037605527260244,1.9326571857254617,0.22545138331430398,0.42200636429794913,0.9278921170525468,0.0001924050982433844,-0.010248464653899262,-0.3727078628956714,-0.13833484355598724,0.5221226660908657,-0.03488429613367483,-0.0002964577883527302,0.0006792240193361848,-6.020519863480027e-05,0.4335907011299237,0.39349384361557305,0.43249988679009843,0.38949378934693024
949,7.908333333333333,1.9832123412486244,0.1824650432723992,0.5,0.9993900459170854,0.017680965433509888,-0.027702670271885103,0.011810234671335343,-0.1408370713809652,0.7589001389178676,0.0,0.03822905916664921,0.06556151204949079,-1.2218881058077662e-05,0.3912753888809401,0.3913091798960951,0.390415895123084,0.39037660090183446,1.9302333443337767,0.2347148173351566,0.42176717904376815,0.9280126771481577,1.875824408579341e-05,-0.00899581009754407,-0.37243998993277605,-0.14954619667060243,0.5575310779019987,-0.010444811665882847,0.0004635859581933314,0.00039993163538601324,0.00012103106800219539,0.4410496485391669,0.39550417830471035,0.43336959299287653,0.3957180337569691
950,7.916666666666666,1.9820216385159575,0.1887683805260676,0.5,0.9993947833410793,0.017835055486693095,-0.027427726678792327,0.011819375434312825,-0.14530992611821553,0.7559395876659398,0.0,0.03733126791589801,0.06559203465834697,-1.213472006996114e-05,0.3912714924366256,0.39129343674941924,0.3904045891602923,0.39037719861281395,1.9291495027525314,0.23835495814978958,0.4217690471578893,0.9280113162486259,-0.00013395081865335545,-0.00861006107624926,-0.3724524745788842,-0.12464954293052166,0.5525065313227884,0.013241968042287944,0.0005039318262555997,7.472518909836678e-05,0.00024579551757153965,0.43186761191303846,0.391768767760449,0.4344033952707308,0.3914431679334441
951,7.925,1.9807939062623965,0.19504695188223153,0.5,0.9993994912907361,0.017985413362989765,-0.027152722070697927,0.011828414861319908,-0.14973739514545198,0.7529547284950046,0.0,0.03643803154122658,0.06561076639946221,-1.2050575306244045e-05,0.39126750882088296,0.39127774027567597,0.39039346636572236,0.3903778462712094,1.927086191233631,0.2456773353670893,0.4216484939117369,0.9281067060508329,-0.00032880611151482603,-0.007662550307010839,-0.3722353011104757,-0.17716100821432157,0.5328591928299542,-0.001356806135943689,-0.00022924775412421755,0.0005807398565238658,-0.00013865466615497964,0.42882701214137503,0.38387444463597575,0.4298452267106565,0.39169753146686165
952,7.933333333333334,1.9795295224460103,0.20130055801385882,0.5,0.9994041697262324,0.01813205888012872,-0.026877705131604344,0.011837353650465694,-0.15411948234726694,0.7499461721951678,0.0,0.035549485937864445,0.06561784125471067,-1.19664588543642e-05,0.3912634389685624,0.39126209265770234,0.3903825259287051,0.3903785417652243,1.9249055332039335,0.2529831540887874,0.42155334156303575,0.9280995185764933,-0.0009530918565034277,-0.006843920781512697,-0.3722680969171692,-0.15850955417182622,0.5532239250182036,-0.012053754879826073,-3.346700362872466e-05,0.0004441590623901417,0.00014286836643947733,0.4330815949141054,0.39198147369503283,0.430182325506155,0.3882390740104658
953,7.941666666666666,1.9782288649506374,0.2075290046653413,0.5,0.9994088186131064,0.018275012410514886,-0.026602723977258214,0.011846192499718099,-0.15845619949216877,0.7469145261096276,0.0,0.0346657639676568,0.06561339444760579,-1.1882382567199659e-05,0.3912592838363956,0.3912464960388803,0.3903717669993029,0.3903792830060833,1.9237890069427148,0.2564444558106035,0.42151324559333486,0.9282266966107127,-0.0030486394743895217,-0.006403959993888879,-0.3719474355240481,-0.14728701480808404,0.553247117161218,0.014535415993033318,0.0003742014979660055,7.210699676967056e-05,0.00017823996960639527,0.4314098170347316,0.3904394417370645,0.43557532291853424,0.3934771292899982
954,7.949999999999999,1.9768923115206827,0.21373210262330145,0.5,0.9994134379221854,0.018414294868498247,-0.026327826150240013,0.011854932106804307,-0.16274756613685004,0.7438603940466713,0.0,0.033786995460334965,0.06559756238184682,-1.1798358064004592e-05,0.3912550444022652,0.3912309525229227,0.39036118868927144,0.39038006792849833,1.9227587904854389,0.2602070604889842,0.42152755194189584,0.92816349782998,-0.0017093423236282273,-0.006382922177631686,-0.372114038635083,-0.17709453857179813,0.5451502258725482,-0.010608755523489055,-0.0005883450401751577,0.0007221273777341791,-0.00024153661228972704,0.42586951643948107,0.383215310539147,0.4323844966553361,0.3920338469804843
955,7.958333333333334,1.9755202396967144,0.21990966768667786,0.5,0.99941802762951,0.018549927697653658,-0.02605305861530934,0.011863573169113115,-0.16699360952972492,0.7407843761937786,0.0,0.03291330721595968,0.06557048258034465,-1.171439673069508e-05,0.39125072166449454,0.39121546417366954,0.39035079007301166,0.39038089449111246,1.9216213164271125,0.26384195319329445,0.42147752373017344,0.9281549650389657,-0.0019395877303592939,-0.006020869540841609,-0.37214022626279586,-0.1695422021358972,0.5483411448731934,-0.016416747243785945,0.00017608016854042913,0.0006071994723202695,3.317352593233641e-05,0.43197574812110817,0.3911117709123566,0.4346140651777538,0.3923879913687248
956,7.966666666666667,1.9741130267518718,0.22606152063610319,0.5,0.9994225877162597,0.018681932858076452,-0.025778467755004173,0.011872116383599224,-0.17119436451377776,0.7376870690338373,0.0,0.032044823008513704,0.06553229362478195,-1.1630509719842176e-05,0.39124631664112525,0.3912000330149186,0.3903405701885236,0.3903817606769305,1.9205491496694285,0.26748208048640176,0.4214464986974488,0.9281998075185998,-0.0016230714813251273,-0.005778738860737347,-0.3720337204321407,-0.17580422976446464,0.5350828102026195,-0.002263939714747254,0.0005194933198415731,0.00020432070409990446,2.5599914384237804e-05,0.43243035706163635,0.39051276335858714,0.43611979355782826,0.3949728104980558
957,7.975,1.972671049629084,0.23218748720259652,0.5,0.9994271181686754,0.01881033281369848,-0.025504099365491206,0.01188056244668943,-0.17534987342876326,0.734569065263457,0.0,0.031181663590628385,0.0654831350957124,-1.1546707951757412e-05,0.391241830369188,0.3911846610302739,0.3903305280383574,0.39038266449374254,1.9194517757972276,0.27112352103478055,0.4214710862388869,0.9282481619399544,-0.0018502637644268185,-0.005720569159972713,-0.37191289500040753,-0.17378136405992173,0.5355924409752022,0.005584702492089644,0.0006015043831817667,1.557718235393482e-05,0.0001791564853726829,0.43211461451225575,0.3885658466192498,0.43175206708075853,0.39226810632147363
958,7.983333333333333,1.9711946848791086,0.2382873980355834,0.5,0.9994316189779835,0.018935150519629358,-0.0252299986526655,0.011888912054190732,-0.17946018601279978,0.7314309537133833,0.0,0.03032394669944504,0.06542314751322463,-1.1463002116843778e-05,0.39123939234793736,0.3911672216552956,0.3903227910697723,0.39038147555907515,1.9172140678085206,0.27834957011334116,0.4214064267310525,0.9282365866805465,-0.0026330519148696227,-0.005523075462648845,-0.371940051382875,-0.17503761130954754,0.5457668979231889,0.004507861838809468,-0.0006202242641156795,0.00016262161305218592,7.89634193589939e-05,0.4305537857148001,0.38656444720441,0.4306795078152319,0.3916759176620883
959,7.991666666666667,1.9696843085993925,0.24436108867026707,0.5,0.9994360901403185,0.019056409409527623,-0.024956210228496402,0.01189716590120034,-0.18352535930339856,0.7282733192710024,0.0,0.029471787191637355,0.06535247222124987,-1.0908795277717823e-05,0.39122910603518235,0.3911418474747304,0.3903272539472195,0.39038406313465146,1.9160686750246514,0.2820096168732436,0.4214369025731947,0.9282839200892844,-0.0028369765399363766,-0.00540886203406511,-0.3718220804084658,-0.1719321137850116,0.5359165007613409,0.004177818140105316,-0.0009374981569440488,9.614054556867307e-05,7.381590162375107e-05,0.42827543418813685,0.3861950954630668,0.4333515086002502,0.39239755350438815
960,8.0,1.9681402963737593,0.2504083994943649,0.5,0.9994405316099553,0.019174133286206936,-0.024682778182813333,0.011905328601551995,-0.18754545753796706,0.7250967428049304,0.0,0.028656969896464386,0.06527929232926098,-9.884306072697937e-06,0.39119449398931305,0.3911094008163793,0.390347667964065,0.39040229097927565,1.9149807549983155,0.28557396213091624,0.4214855578956099,0.9282931837699706,-0.002956085253715131,-0.005576651054707424,-0.3717955452788514,-0.15928736985661995,0.5387394240463028,0.006735694136450476,-0.0002911824034218213,-8.362690373685872e-05,-0.00025556215254780715,0.42948235874683754,0.38529916227261424,0.4322953526070526,0.3934589354694102
961,8.008333333333333,1.9665630233082863,0.2564291753548045,0.5,0.9994449399364194,0.01928860949994815,-0.02440967581675516,0.01191340864599809,-0.1915205403431196,0.7219017580333765,0.0,0.027910978150480242,0.06521296256774488,-9.325950023542171e-06,0.3911550020738917,0.39108224200895,0.3903645998289466,0.3904238071563955,1.9138274644391986,0.289192443540813,0.42157964261785547,0.9283242135646729,-0.0025663737358867077,-0.005463489920992186,-0.37172263653598325,-0.19405371730973897,0.5491212440661031,-0.0021041457196613322,-0.00029050312679273707,0.00030009719453213615,4.853452064220458e-05,0.428660015311575,0.3830161205697125,0.4323295529051199,0.3948904103519001
962,8.016666666666667,1.9649528640813796,0.2624232651674443,0.5,0.9994493118119467,0.019400123334656603,-0.02413686602437249,0.011921410644201642,-0.19545066103616954,0.7186888518939443,0.0,0.027201724570131102,0.06514752011626412,-9.233840037300555e-06,0.39113686766309425,0.3910656589074424,0.3903645022381678,0.3904306540969083,1.9125926607988293,0.29278743943422963,0.42162869336251807,0.9283449107519387,-0.0032127823992530325,-0.005422534511696786,-0.37166651830599373,-0.17915264796470876,0.5202975801163412,-0.00858986870273526,-0.0007367676227684147,0.0004480957097053706,2.81908614657144e-05,0.4289073687218686,0.38846211930627955,0.4347771890094694,0.3922349500974099
963,8.025,1.9633101929080474,0.26839052188827484,0.5,0.9994536474328548,0.019508695486578315,-0.02386437494157693,0.011929335363833277,-0.19933587719410417,0.7154585078577479,0.0,0.02649738324255861,0.06507580538016292,-9.142492311845548e-06,0.39113057989900957,0.3910531722195722,0.3903568853464543,0.3904293104995104,1.911505353108652,0.2964471137944269,0.4218249075965915,0.9283444770731404,-0.00344836689834201,-0.0054413568008665385,-0.3716652153345772,-0.17979120319566722,0.5313848263018894,-0.009080529527089043,-0.0004307591306998293,0.00020935639611003914,0.00010035477339893036,0.4331396469191386,0.38711362128689125,0.4327955065710713,0.3958433791450957
964,8.033333333333333,1.9616353835047036,0.27433080248444874,0.5,0.999457946994996,0.019614346787626625,-0.02359222832096284,0.011937183566245967,-0.2031762505900449,0.7122112059081712,0.0,0.025797986998309524,0.06499790961654302,-9.05190275062094e-06,0.391124288554701,0.39104077299219203,0.39034938820205606,0.39042799520272425,1.9103932220720847,0.29999654453378144,0.42190857534404985,0.9283538074381981,-0.003972698446893402,-0.005553544401396669,-0.37163501453258296,-0.1697414968325761,0.5439705055080846,0.027953823635551434,0.00017851685399460237,4.625983804073042e-05,8.429296150005239e-05,0.43158258758638235,0.38687262129564515,0.43440790669051793,0.3961444274637301
965,8.041666666666666,1.9599288090544968,0.2802439679051364,0.5,0.999462210693758,0.019717098200309126,-0.023320451533113726,0.011944956006508535,-0.20697184712993932,0.7089474225204568,0.0,0.025103567458769346,0.0649139237782415,-8.962067266670695e-06,0.39111799406554754,0.391028461342449,0.39034200973243155,0.39042670743671554,1.9074508979409637,0.3090066497550968,0.42217276512007684,0.9284265791942576,-0.0043904465359191755,-0.005598906151941999,-0.37144779347139195,-0.1904699568169077,0.5433693117675942,0.040987984482604434,-0.0001400113791776803,-0.00013733996742191208,-0.00033596325732209754,0.4234751420665087,0.37882949705775004,0.4301959722156827,0.3918538381671149
966,8.05,1.9581908421731697,0.28612988305221077,0.5,0.9994664387240623,0.019816970812708824,-0.023049069567956448,0.011952653433439098,-0.21072273678949274,0.7056676306421158,0.0,0.024414155049004516,0.06482393850239432,-8.872981780776949e-06,0.3911116968669323,0.3910162373764113,0.3903347488665086,0.3904254464447211,1.9063101846598687,0.3125950380742759,0.42236496319513883,0.9284286165726761,-0.0045945627040893085,-0.005778465722933277,-0.3714374822986962,-0.20779695270811693,0.5406570118625054,0.0023574513556445797,-0.00029463898619393983,0.0002975181279519437,6.485360485916275e-05,0.4199408128616077,0.3788905663784351,0.42916918665894294,0.3872147372564213
967,8.058333333333334,1.9564218548754382,0.29198841675077847,0.5,0.9994706312803648,0.01991398583351999,-0.022778107036162107,0.011960276589638467,-0.214428993551353,0.7023722996741502,0.0,0.02372977901064851,0.06472804409922091,-8.78464222315461e-06,0.3911053973941136,0.39100410118917783,0.39032760453481047,0.390424211482944,1.9027554252995256,0.32345048857983877,0.42275127055484135,0.9285174153584039,-0.004565888150251601,-0.00609478810511989,-0.371210742839566,-0.19320109558198517,0.5500141219820232,0.0026299674288021713,0.00025284205428414974,-4.045209329894727e-05,0.00020982119065182428,0.4262258175629771,0.3871686487566443,0.4355755653767373,0.39169235685071624
968,8.066666666666666,1.9546222185418962,0.297819441719556,0.5,0.9994747885566537,0.02000816458713855,-0.022507588170592844,0.011967826211523439,-0.21809069534254993,0.6990618954530764,0.0,0.023050467414783407,0.06462633054105828,-8.697044532391882e-06,0.39109909608209636,0.39099205286498623,0.3903205756696005,0.39042300182043044,1.8991165147752433,0.3341470613457534,0.4231539640089564,0.9285742347807613,-0.0060495440315854335,-0.006557237736496688,-0.37103948058340175,-0.16692956973993756,0.5610326806504473,0.038037423328934894,0.0009707041580738535,-0.00032283958067661346,0.00019843950446895195,0.4235015563517893,0.3853998125391619,0.43796601699832133,0.3931874741542802
969,8.075,1.95279230388644,0.30362283454109595,0.5,0.9994789107464506,0.020099528508807137,-0.0222375368277933,0.011975303029360077,-0.22170792397219619,0.6957368802337445,0.0,0.02237624717487017,0.06451888745164897,-8.610184655578846e-06,0.39109279336548486,0.39098009247732785,0.39031366120501504,0.3904218167389734,1.8960528484565438,0.3431684618714056,0.42369390295616643,0.9285858571678419,-0.0065925317483657795,-0.006861876092231203,-0.3709956321164791,-0.2204928678249951,0.5979092550358611,-0.005017935211248936,-0.00415184166403746,0.0002455426844370087,-0.0003753517866624007,0.4138014702206865,0.3758178976558433,0.43568217744400595,0.39080187278247214
970,8.083333333333334,1.950932480924208,0.30939847563187994,0.5,0.9994829980428082,0.02018809913981502,-0.02196797648952581,0.011982707767296874,-0.22528076506946262,0.6923977126729391,0.0,0.02170714405969785,0.06440580409566499,-8.524058549466262e-06,0.3910864896783633,0.39096822008905585,0.3903068600771922,0.39042065553299404,1.894811916628053,0.3466891193948842,0.4238585650940588,0.9286087480054036,-0.006880521981848888,-0.006968565434148439,-0.3709311130666773,-0.18724564515457676,0.516796649187401,0.0033161091588351788,-0.0005155463494514529,4.730902844675973e-05,-5.5524243756833104e-05,0.41417467556555926,0.38894928732444495,0.44903896631038187,0.3911719958836113
971,8.091666666666667,1.9490431189400381,0.31514624921227374,0.5,0.9994870506383116,0.020273898122752855,-0.021698930264348253,0.011990041143397892,-0.228809308021828,0.6890448478137571,0.0,0.021043182706335664,0.06428716936846875,-8.438662179619883e-06,0.3910801854541849,0.39095643575248606,0.39030017122440347,0.39041951750942744,1.891839467968797,0.35565812667266905,0.42435595255356195,0.9286977414379574,-0.006276693989886015,-0.007030170482171282,-0.37071779679911,-0.16022597459595112,0.5352368405310115,0.01579955650448661,-0.0004269231180005551,6.794357272206217e-05,0.0002068166197117728,0.4229412610978,0.3833204063906513,0.4375373548776284,0.3943453690897193
972,8.1,1.9471245864574382,0.32086604327635926,0.5,0.999491068725076,0.020356947196822277,-0.021430420889233696,0.011997303869675797,-0.2322936459136143,0.6856787370707499,0.0,0.020384386633110776,0.06416307178609917,-8.353991520269324e-06,0.3910738811256353,0.3909447395095165,0.3902935935871774,0.3904184019876115,1.8899723672002466,0.3610083711400351,0.42467482036164184,0.9287670089678774,-0.005728352123813477,-0.007273763316187848,-0.37054840628726016,-0.18798669374526789,0.5457957488419096,0.044695809020056654,-0.00017996276224914977,-7.090780485174741e-05,-0.00018997525458159628,0.4181220210832186,0.37812716894183335,0.4381111552859615,0.3953072081126786
973,8.108333333333333,1.945177251208067,0.3265577495616403,0.5,0.9994950524947475,0.02043726819320051,-0.021162470731230763,0.012004496652124861,-0.23573387546480915,0.6822998282158235,0.0,0.01973077825258975,0.06403359947551585,-8.270042554707263e-06,0.39106757712451273,0.3909331313917395,0.3902871261084299,0.390417308299173,1.8880638157238896,0.3663746326302188,0.4249182764023478,0.9287550074003952,-0.005086167527547493,-0.0072650222062535345,-0.37058802811331654,-0.15639646730774004,0.483130512962604,0.07131319544158021,0.0032150005513509367,-0.0007328562201174615,0.0004355833282454706,0.41178044124295377,0.37658504301234813,0.4345457260838782,0.38685538548949705
974,8.116666666666667,1.9432014801017212,0.33222126351864145,0.5,0.9994990021385014,0.020514883030459837,-0.020895101789163643,0.012011620190753868,-0.23913009697018892,0.678908565364885,0.0,0.019082378884578904,0.06389884016506565,-8.1868112748447e-06,0.3910612738816085,0.39092161142055376,0.3902807677335772,0.3904162357879196,1.8861412181953907,0.3716813400023974,0.4251447959094539,0.9288233762876982,-0.005464481836989933,-0.007392235818056416,-0.37040873363000576,-0.19741114774527446,0.469993576579536,0.039474819782248094,-0.0027276416221262757,0.0014361676435285134,0.000866898281010919,0.4156372022255602,0.36854591921032265,0.42192085459996503,0.38637009330870475
975,8.125,1.9411976391968326,0.3378564842803955,0.5,0.9995029178470424,0.020589813710042176,-0.020628335695370956,0.012018675179618979,-0.2424824142387423,0.6755053889652269,0.0,0.018439208769120877,0.06375888117517621,-8.104293682528046e-06,0.39105497182660387,0.390910179607274,0.3902745174106523,0.3904151838097215,1.884242443098144,0.3770854195722947,0.4255024390593325,0.9288762628266961,-0.004238851547869087,-0.007191170922526194,-0.3702961079398874,-0.18724624549022462,0.5462298765120888,0.03835030685234164,0.00033557563147742304,-0.00013981136958159693,8.209429484870969e-05,0.4215197738381244,0.378689688539302,0.42636094490905063,0.38660316556071633
976,8.133333333333333,1.9391660936714648,0.3434633146318271,0.5,0.9995067998106035,0.020662082311788503,-0.02036219371748236,0.012025662306856498,-0.24579093453340128,0.6720907357836421,0.0,0.01780128707948475,0.06361380940927165,-8.022485788280152e-06,0.39104867138795213,0.3908988359532375,0.3902683740904393,0.39041415173238736,1.8822966672958534,0.3824320353620961,0.4256964811126757,0.9288492809276103,-0.003904507065322715,-0.007299894551473169,-0.3703653327248323,-0.1883257482937717,0.5524082864661384,0.025984793506006465,-0.0003864622008746979,-0.0001988985935026867,2.992337571912609e-05,0.4123403524851397,0.3772398403818658,0.43564401120154744,0.3879343074147733
977,8.141666666666667,1.9371072077948135,0.3490416609790419,0.5,0.9995106482189461,0.020731710989523255,-0.02009669676023213,0.012032582254715603,-0.2490557685110872,0.6686650388952577,0.0,0.0171686319351854,0.0634637113449454,-7.941383610950972e-06,0.39104237299275113,0.39088758044993477,0.3902623367265745,0.3904131389355663,1.8803173390122596,0.38772247543761984,0.4258979782134748,0.9289239174854667,-0.0034716157304697727,-0.00767210877496122,-0.37017488050193126,-0.16112650376425286,0.5352775274790889,0.014223711730432242,0.00038025150687353307,9.655411777939316e-05,0.0003114911590319521,0.41341078768975975,0.3790084751355816,0.4385922311085542,0.39018243356720833
978,8.15,1.9350213448992002,0.3545914333185318,0.5,0.999514463261358,0.020798721966693808,-0.01983186536730834,0.012039435699590977,-0.25227703016308056,0.665228727673077,0.0,0.01654126041497153,0.0633086730253333,-7.860983180073321e-06,0.3910360770666603,0.39087641307911314,0.39025640427565067,0.3904121448106223,1.878972533050624,0.39130237064701334,0.4260917997297538,0.9289284608116686,-0.002456000848284436,-0.007696796738213404,-0.3701710983773155,-0.17693902754081225,0.5377203795554786,0.011330844288287567,0.00028176720619280945,-0.00018518228460308114,8.36811340720386e-05,0.41750625053591955,0.37778838246032,0.4383729988813455,0.39543892387401275
979,8.158333333333333,1.9329088673525678,0.3601125452062858,0.5,0.9995182451266545,0.020863137532064667,-0.01956771972323734,0.012046223312055392,-0.25545483675570907,0.6617822277782279,0.0,0.015919188569806408,0.06314878005070546,-7.78128053367474e-06,0.3910297840337954,0.3908653338128804,0.3902505756973452,0.3904111687605093,1.8770485032442261,0.396627143692905,0.4263282186366208,0.9289485006943969,-0.0019436739705098306,-0.007939827691631887,-0.37011871652938005,-0.20672775438064228,0.5468785252646657,0.028778093869635812,0.0010031594733177728,-0.00028241917668372874,-0.00014700710934005377,0.4182519391948201,0.38025631259198045,0.4384999862440494,0.39372505740786085
980,8.166666666666666,1.9307701365314622,0.3656049137268307,0.5,0.9995219940031768,0.020924980035466615,-0.01930427965530197,0.012052945756892213,-0.258589308771373,0.658325961150899,0.0,0.01530243143585724,0.0629841175702952,-7.702271718219161e-06,0.39102349431660155,0.3908543426138363,0.39024484995451564,0.39041021019967515,1.8756994022344422,0.40016575176266067,0.42652951090804553,0.9289902289120816,-0.0014344640291466435,-0.008214144409275705,-0.3700103035463354,-0.17260904094233975,0.5258939576633037,0.021647111894240734,0.00034123721227929645,-0.00044177437810113615,0.0001894815577705419,0.413795849817494,0.3810506204420707,0.4369435148135272,0.3868520066808217
981,8.175,1.9286055127945096,0.37106845946219347,0.5,0.9995257100787914,0.02098427188360062,-0.019041564635493124,0.012059603693127837,-0.2616805698499011,0.6548603460019617,0.0,0.014691003047473073,0.06281477027434414,-7.623952790752333e-06,0.39101720833576464,0.39084343943518196,0.39023922601330796,0.3904092685539325,1.8736611010890363,0.40555831086544153,0.42683702661131706,0.9289737600967873,-0.00022764332769703558,-0.008249452605786368,-0.3700535741779251,-0.18720206051454635,0.516243800937688,0.004521574238725012,-0.0006020473772154105,0.0003004104844651155,7.626553291005636e-05,0.4178454749869055,0.37801579115935807,0.4352838720131173,0.3924653927491198
982,8.183333333333334,1.9264153554563759,0.376503106460806,0.5,0.9995293935408898,0.021041035535896577,-0.01877959378249321,0.012066197774064046,-0.26472874673025426,0.6513857968052644,0.0,0.01408491645013142,0.06264082238636523,-7.546319816879345e-06,0.39101092651013003,0.39083262422082826,0.390233702843255,0.3904083432603372,1.8722923853911746,0.40906530353931614,0.4269968388272585,0.9289975247583684,0.00037691867193016555,-0.008344380489120257,-0.3699916596889614,-0.1857404316364164,0.5455310641830358,0.03162721265511648,0.0006449950848520829,-0.0002025530364157252,9.727801399656637e-05,0.42233107188681634,0.3828796067417887,0.43633849069908104,0.39305166674794945
983,8.191666666666666,1.924200022762212,0.3819087822063365,0.5,0.9995330445763874,0.02109529350042653,-0.018518385863691127,0.012072728647310321,-0.26773396919256726,0.6479027242905925,0.0,0.013484183713366052,0.06246235765559537,-7.469368871648469e-06,0.3910046492565795,0.3908218969055174,0.3902282794173783,0.39040743376708664,1.8695198093101761,0.41594827688667696,0.4272998975287427,0.9291365257124242,-0.0003445704770178424,-0.00874070787833877,-0.3696333289680706,-0.17967203834561296,0.5387962866542584,0.047766157796330644,0.0010676522172270522,-0.00041575893634185064,9.498431267453276e-05,0.4143301947774479,0.37801603844995535,0.4353013616287924,0.3888577995015127
984,8.2,1.9219598718625834,0.38728541758647295,0.5,0.9995366633717241,0.02114706832987257,-0.018257959297227604,0.012079196954816053,-0.27069637000054525,0.6444115354372851,0.0,0.012888815943714873,0.06227945934970771,-7.393096040199951e-06,0.3909983769899528,0.3908112574149296,0.39022295471230184,0.3904065395333839,1.8667944422134934,0.4231506309524372,0.4275920031165124,0.9290689499133691,0.002282094452189335,-0.00901282242542291,-0.3697897340161147,-0.20683943634991486,0.5367987463032797,0.004804276932479645,1.2759209158033047e-05,0.000174782347489304,3.7044203504913014e-05,0.4111150570115741,0.3743475957757291,0.43295272594434764,0.3870669316846123
985,8.208333333333334,1.919695258788872,0.39263294686165784,0.5,0.9995402501128616,0.021196382617549237,-0.017998332154069787,0.012085603332902688,-0.27361608484421795,0.6409126334684955,0.0,0.01229882329759764,0.062092210247697115,-7.317497415382495e-06,0.3909921101229588,0.3908007056658085,0.3902177277083215,0.39040566002933025,1.8653953752270094,0.42666951695990013,0.42771753331797707,0.9290793334167474,0.002698006934721201,-0.009459888870043207,-0.3697496767801684,-0.19439832043943728,0.5155380601391868,0.004672393716115275,-0.00023713923771558735,-0.00029111035795902854,1.5292493404303202e-05,0.4193734629682955,0.3857060717303813,0.43871909380708496,0.3896235784554722
986,8.216666666666667,1.9174065384291592,0.3979513076337705,0.5,0.9995438049852848,0.021243258993480132,-0.017739522160114818,0.012091948412295833,-0.2764932522830469,0.6374064178460931,0.0,0.011714214994189584,0.06190069263298431,-7.242569100950362e-06,0.39098584906607003,0.39079024156607817,0.3902125973895059,0.39040479473581635,1.8639222277619938,0.4301759288306887,0.42787410920709595,0.9290803285435343,0.003525662749189561,-0.009549071690462775,-0.36973791805205497,-0.19230066980411298,0.5438369143574928,0.029544325801289517,0.00050829354197122,-0.0005388004875144265,4.5588749041602565e-05,0.4220282812307088,0.3844301439003317,0.43614426214400825,0.3910535792223131
987,8.225,1.9150940645045758,0.40324044081477695,0.5,0.999547328174,0.021287720120528916,-0.017481546698320822,0.012098232818157233,-0.27932801368940285,0.6338932842661906,0.0,0.011134999328276777,0.06170498828673097,-7.168307210133305e-06,0.39097959422745565,0.39077986501493955,0.3902075627438082,0.39040394314438154,1.8625897034526713,0.4337087265893408,0.42794949126711196,0.9290745882305865,0.004355923381451119,-0.009697368649455411,-0.3697396333596626,-0.18602232969617827,0.5427365367609183,0.025262595718517078,0.0011096167153205481,-0.0006844727612830329,6.365417486875049e-05,0.4147785493458816,0.37997347090405864,0.43515351605753994,0.38722693492901034
988,8.233333333333333,1.912758189546127,0.408500290595339,0.5,0.9995508198635348,0.021329788690584273,-0.01722442281086507,0.01210445717011673,-0.2821205131924061,0.6303736246552942,0.0,0.01056118368307495,0.061505178481361375,-7.094707864438313e-06,0.3909733460128801,0.39076957590300515,0.39020262276313566,0.39040310475711537,1.8611036475935676,0.4371617242259047,0.4280218782105581,0.9290842012796955,0.004829741825320163,-0.010010091494164507,-0.3697012558737791,-0.2325673708077236,0.5346988122041374,0.01732098638911328,0.00019695438252947904,-0.00029631531240212485,-6.806846135535104e-05,0.4161337128327413,0.379881150951396,0.4352365158730796,0.3887826448053176
989,8.241666666666667,1.9103992648719783,0.41373080441340293,0.5,0.9995542802379368,0.02136948742079902,-0.016968167201327863,0.012110622082304116,-0.28487089762214524,0.6268478271670603,0.0,0.009992774543019216,0.0613013439742783,-7.021767196320212e-06,0.39096710482563307,0.39075937411240935,0.3901977764434297,0.390402279086535,1.8596455897190647,0.44065594696394417,0.4281708519610726,0.9291305555733703,0.005384217033612888,-0.010242062582576643,-0.36957072538407293,-0.18374333573556445,0.5268647787779024,0.04035216361694682,0.0003262596263234002,0.00045666407089915847,0.00018551062073882954,0.41823440896996517,0.3870055754015551,0.4354501254288722,0.3838946813357629
990,8.25,1.9080176405652072,0.4189319329227532,0.5,0.9995577094807738,0.021406839049882873,-0.016712796236901965,0.012116728163380918,-0.2875793164542651,0.6233162761796581,0.0,0.009429777506502361,0.06109356500177126,-6.949481347031912e-06,0.39096087106645083,0.39074925951691375,0.39019302278477275,0.3904014656554577,1.858229484508237,0.4441404226350294,0.42833545072326623,0.9291601644489836,0.006313534507336804,-0.010276085600824908,-0.3694806221547849,-0.21407184116002398,0.5021930322511414,0.0032073558336731534,-0.00035724241014643365,-1.4744825505357198e-05,-0.00019291752164174008,0.41572715130905963,0.3771066345587139,0.43052321941796384,0.3865312997458122
991,8.258333333333333,1.905613665452015,0.42410362996155315,0.5,0.9995611077751329,0.021441866334448906,-0.01645832595062614,0.012122776016572127,-0.290245921754938,0.6197793522937228,0.0,0.00887219729861402,0.06088192127314512,-6.877846467077606e-06,0.39095464513341444,0.3907392319820382,0.3901883607914591,0.39040066399689966,1.8567145000635596,0.44759375263750173,0.4284635686657601,0.9291108044656144,0.006342993464463007,-0.010468973957911612,-0.3695988095806549,-0.2397388586864002,0.5134761331512194,0.03178309395380219,-0.00016380875479853,-0.00017818226504293783,-7.294199185885733e-05,0.42548660830538915,0.3872098154668039,0.4328192168680105,0.3883936974250052
992,8.266666666666667,1.9031876870803934,0.429245852520871,0.5,0.9995644753036192,0.02147459204541364,-0.016204772043642377,0.012128766239697828,-0.2928708681262194,0.6162374323308936,0.0,0.008320037783821982,0.06066649196503563,-6.806858717684676e-06,0.3909484274218993,0.39072929136516776,0.39018378947207333,0.3903998736539441,1.8552063492844382,0.4509889840744112,0.42864993036724136,0.9291434061045271,0.006444185569026829,-0.01063126326372258,-0.3695104594003364,-0.2214836395029618,0.5104502966179703,0.01845456414164559,0.0006055637767124397,-0.0004335717620380459,1.5726340287391403e-05,0.4187326635580954,0.3854381846966061,0.42990096051475896,0.38047058566340525
993,8.275,1.9007400516992463,0.434358560713196,0.5,0.9995678122483561,0.021505038964450315,-0.01595214988747569,0.01213469942520477,-0.2954543126517886,0.612690889332925,0.0,0.007773301978599424,0.060447355715905336,-6.73651426875933e-06,0.39094221832449966,0.3907194375156633,0.3901793078395725,0.3903990941796255,1.8537292693643206,0.45444043888717506,0.42874531146773975,0.9291714525579521,0.007050329081962651,-0.010666755458777473,-0.3694278345484602,-0.2468041881103833,0.5009772901655218,0.01350527948255631,0.0005021942695098677,-0.000189989793207914,-4.196412960197605e-05,0.4212664966961068,0.3852272586149833,0.43182478084540815,0.3851907372938818
994,8.283333333333333,1.8982711042379614,0.4394417177409462,0.5,0.9995711187909844,0.021533229880495355,-0.015700474526336085,0.012140576160197869,-0.29799641484307926,0.6091400925613678,0.0,0.007231992064037563,0.060224590620741154,-6.666809300127138e-06,0.39093601823093665,0.3907096702749879,0.3901749149113607,0.3903983251368223,1.852220860886483,0.45795506504071154,0.4288857821185278,0.929150596985945,0.007776973949080137,-0.010755105749728582,-0.36946314362486743,-0.21587528066795425,0.5707520683782608,0.01642098756206578,0.00383161970995447,-0.001743199259138653,-0.000385183548778454,0.42343045559249876,0.38910949658794447,0.43106977330264606,0.38270625348938087
995,8.291666666666666,1.8957811882864286,0.44449528986498166,0.5,0.9995743951126607,0.0215591875863078,-0.015449760679441397,0.01214639702647161,-0.30049733658580546,0.6055854074978044,0.0,0.006696109398405405,0.05999827422595113,-6.5977400018899564e-06,0.3909298275280061,0.39069998947681156,0.3901706097093685,0.39039756609812665,1.8507774403601782,0.46137312868541547,0.42892971503228,0.929177220317164,0.008408583221906784,-0.011045244756631952,-0.3693737829626448,-0.22271446745758539,0.5305164702340048,0.02600422039863437,0.0008384960333892384,-0.00044148969423726364,0.00025419284353412654,0.4146986433715229,0.3848206059949642,0.4392460474142258,0.386386026001193
996,8.3,1.8932706460755016,0.44951924637311813,0.5,0.9995776413940586,0.021582934875081523,-0.015200022743360665,0.012152162600541408,-0.3029572420868828,0.602027195844635,0.0,0.006165654529658234,0.05976848352442655,-6.52930257308477e-06,0.39092364659951157,0.3906903949471281,0.3901663912601165,0.39039681664573256,1.8430028696675382,0.4784821056930477,0.4293371426781798,0.9292311175652502,0.010665764285025284,-0.011511652039860494,-0.36916561796565717,-0.218216865176446,0.5055723968201031,0.010835601777803294,0.0005398109648420595,-0.000457254556044741,6.0626439405484605e-05,0.4183392865418689,0.3837759627067558,0.4321528114160393,0.38409146526143534
997,8.308333333333334,1.890739818457901,0.4545135595486516,0.5,0.9995808578153662,0.02160449453710993,-0.014951274794376964,0.012157873453674863,-0.3053762978217504,0.5984658155264024,0.0,0.005640627207899613,0.05953529495079936,-6.461493222996656e-06,0.39091747582618924,0.3906808865043756,0.39016225859478754,0.39039607637131996,1.8413117395352874,0.4818745142099222,0.4294264799743929,0.9291954449221226,0.010852108721904322,-0.011520614853703091,-0.36924968829460003,-0.2564228384095646,0.5164846848135507,0.014958889227112415,0.0004689891022009147,-0.0003831440513547004,-6.083429397902329e-05,0.4229312343479677,0.3876354299493959,0.43242108255349926,0.3850813516183154
998,8.316666666666666,1.8881890448895542,0.4594782046388941,0.5,0.9995840445562866,0.02162388935650303,-0.014703530590869152,0.012163530151922956,-0.3077546724820927,0.5949016206916495,0.0,0.005121026397799527,0.05929878437688599,-6.394308170581996e-06,0.3909113155856433,0.3906714639595461,0.39015821074930374,0.39039534487593486,1.8397715947157711,0.4851771960268157,0.4294293201394325,0.9292480172753944,0.010955570202955903,-0.011835036080512442,-0.36910436165432875,-0.26008006254789606,0.5145699828431105,0.028882288596532302,0.00040886689215100387,-0.0001168956496418921,-5.2582354574094064e-05,0.4204559677901421,0.3914547390777154,0.4332486593359371,0.3795465616241151
999,8.325,1.8856186634113685,0.4644131598237299,0.5,0.9995872017960367,0.021641142107956632,-0.014456803575711542,0.012169133256151167,-0.31009253692396976,0.5913349617152993,0.0,0.004606850290968639,0.05905902710731547,-6.327743644827556e-06,0.3909051662522961,0.390662127116295,0.39015424676438626,0.39039462176987105,1.8381282654730964,0.48858475882430097,0.4295438722977838,0.92926202499731,0.011404682012719764,-0.011991404016885096,-0.36905044147892807,-0.24621090910839083,0.483218334422042,0.0028810665689160686,0.00010575653175848479,-0.0003664606522071109,-4.173700177150234e-06,0.41801118628670025,0.3894461010388681,0.4310134928585559,0.3769260514482618
1000,8.333333333333334,1.8830290106314336,0.46931840618419374,0.5,0.9995903297133468,0.021656275553573474,-0.014211106878690916,0.012174683322070511,-0.31239006411635406,0.5877661852015481,0.0,0.004098096318258238,0.058816097875311106,-6.261795883713344e-06,0.3908990281973196,0.390652875771066,0.3901503656856091,0.39039390667256163,1.828724584517413,0.5068914022326799,0.4299070580268865,0.9292566133544607,0.01236048183806915,-0.012919696873994795,-0.3690019599655442,-0.26075275868002734,0.513134966209472,0.015850258666239014,7.093239792555569e-06,-0.0004156135386878221,0.00011080217422891023,0.4264886874406612,0.39211576593623365,0.4310994153591412,0.3828303750538937
1001,8.341666666666667,1.8804204217076537,0.4741939276710714,0.5,0.9995934284864599,0.021669312439735876,-0.013966453318940203,0.012180180900268511,-0.31464742909007565,0.5841956339872663,0.0,0.0035947611620215873,0.05857007083867269,-6.196461136561207e-06,0.3908929017885707,0.3906437097132011,0.39014656656347735,0.39039319921245713,1.8269926314152203,0.5102588191177716,0.4298943556936537,0.9292996540553088,0.012952992588126327,-0.013234834815888885,-0.3688620502343547,-0.2490433866377817,0.49373103210967884,0.018556022931981442,0.00039758328274288446,-0.0008236985433467689,0.0001173456113708826,0.4180262811582787,0.39365169218114715,0.43507929278233504,0.37685579045568596
1002,8.35,1.8777932303308007,0.47903971107353693,0.5,0.9995964982931315,0.021680275494029948,-0.01372285540738782,0.012185626536240066,-0.3168648088871834,0.5806236471458945,0.0,0.003096840768325176,0.05832101957593297,-6.131735662022984e-06,0.39088678739056204,0.39063462872503557,0.39014284845349323,0.3903924990268969,1.8252086482576075,0.5135135135354569,0.42996841451167045,0.9293135301288671,0.01315048594125626,-0.013489828354155091,-0.36881086205521096,-0.2662572079916492,0.4803182862998967,-0.0065977196552435835,-0.0004193990589113046,0.00014262024126581447,-1.5255037741767155e-05,0.4201507268628515,0.3917541335619524,0.43204074683275484,0.37783564192613
1003,8.358333333333333,1.8751477687079876,0.48385574598782066,0.5,0.9995995393106273,0.021689187422220882,-0.013480325349222215,0.012191020770418273,-0.31904238251071937,0.5770505599918296,0.0,0.002604330359082634,0.05806901708265819,-6.067615726917377e-06,0.3908806853643701,0.39062563258204513,0.390139210416184,0.39039180576202304,1.8233801482048069,0.5167327897089218,0.43000340765768974,0.9292623484944593,0.013183038215385558,-0.013529922531423308,-0.3689371713046381,-0.2601074396939129,0.494350884938044,0.001853412583291414,0.00030329069205212075,-0.0001592826588858907,-0.00014116445008690795,0.42586315706150374,0.39812470365169184,0.4344694918512505,0.37957800206620823
1004,8.366666666666667,1.8724843675465608,0.48864202478591423,0.5,0.9996025517157247,0.02169607090527916,-0.013238875046370889,0.01219636413820516,-0.3211803308749084,0.5734767040852917,0.0,0.0021172244441490223,0.057814135767956354,-6.004097611512398e-06,0.390874596067604,0.39061672105293943,0.3901356515171812,0.390391119072646,1.820668499144818,0.5216369781390813,0.42996222172471743,0.9292987441194028,0.01314859383658164,-0.013795257111069435,-0.36883688744411275,-0.2720378951076352,0.510589365034253,-0.007595516386932344,-0.00031000760571175,-0.00022694428434122992,8.08107802595079e-05,0.4225344872813077,0.39580875273976107,0.4351233187016544,0.3792132045204667
1005,8.375,1.869803356038399,0.4933985425843269,0.5,0.9996055356847109,0.02170094859645748,-0.012998516099992885,0.012201657170002324,-0.3232788367557727,0.5699024072376596,0.0,0.001635516833340086,0.05755644745111714,-5.941177603845235e-06,0.3908685198543765,0.3906078938997558,0.39013217082728086,0.39039043862211864,1.8151398209892649,0.5314229260667275,0.42984748788427096,0.9293418436667245,0.013425826921859067,-0.013647189179116608,-0.3687237977254888,-0.27665262804208446,0.4712277605354198,-0.0021205753146791295,3.8754067894537454e-05,-0.00023000870618022703,0.00012784861680613068,0.42146099668225007,0.39886749761543067,0.43934330370563407,0.3793470220207743
1006,8.383333333333333,1.8671050618446334,0.49812529721287424,0.5,0.9996084913933826,0.02170384311841791,-0.012759259812984642,0.012206900391241527,-0.3253380847421586,0.5663279935172765,0.0,0.0011592006483927783,0.05729602335842706,-5.878852001860082e-06,0.3908624570752101,0.39059915087800656,0.3901287674224825,0.39038976408224374,0.0,0.0,0.0,0.0,0.0,0.0,0.0,0.0,0.0,0.0,0.0,0.0,0.0,0.4243532406087773,0.3988130643573656,0.434409243609943,0.3773255942879862
1007,8.391666666666667,1.8643898110807613,0.5028222891835302,0.5,0.9996114190170448,0.021704777060409304,-0.01252111719249786,0.012212094322415164,-0.32735826118719424,0.5627537832557042,0.0,0.000688268334879227,0.057032934120181907,-5.817117114220423e-06,0.39085640807701305,0.3905904917367734,0.39012544038404773,0.390389095133149,0.0,0.0,0.0,0.0,0.0,0.0,0.0,0.0,0.0,0.0,0.0,0.0,0.0,0.0,0.0,0.0,0.0
1008,8.4,1.8616579283021681,0.5074895216593299,0.5,0.9996143187305113,0.021703772975494508,-0.012284098952469113,0.012217239479106723,-0.3293395541601694,0.5591800930544281,0.0,0.00022271167402830667,0.05676724976780411,-5.75596925921594e-06,0.390850373203043,0.3905819162188174,0.39012218879853366,0.39038843146318103,0.0,0.0,0.0,0.0,0.0,0.0,0.0,0.0,0.0,0.0,0.0,0.0,0.0,0.0,0.0,0.0,0.0
1009,8.408333333333333,1.8589097364900504,0.5121270004233246,0.5,0.9996171907081027,0.021700853377827015,-0.012048215516160563,0.012222336372021076,-0.3312821533988382,0.5556072357920017,0.0,-0.00023747820550664038,0.05649903973113993,-5.695404766261529e-06,0.3908443527928583,0.3905734240606886,0.3901190117578585,0.3903877727687802,1.8047418618245452,0.5490214191615811,0.42924334603569825,0.9294524955485849,0.013339881515251865,-0.011862054405334105,-0.36850969830514885,-0.29091737546096397,0.4868880686144994,-0.008079888192463747,0.00014634618265876273,0.00035659446943685837,-3.889562457525373e-05,0.0,0.0,0.0,0.0
1010,8.416666666666666,1.8561455570377303,0.5167347338476042,0.5,0.9996200351236466,0.021696040739976982,-0.011813477018710938,0.012227385507014769,-0.3331862502621532,0.5520355206316201,0.0,-0.000692310815946729,0.056228372835925265,-5.635419973491242e-06,0.39083834718226595,0.3905650149928391,0.390115908359354,0.3903871187543677,1.8018122019921956,0.553758490490992,0.4290401060901076,0.9294751808738794,0.013203059843307267,-0.010985395289182805,-0.3684845837217395,-0.2973838447614563,0.48552197487466975,-0.003769053335733741,0.000276757386965676,0.0004334245765083537,0.00020313133709603485,0.4224837174179509,0.4000765478498504,0.4386401270328657,0.37851367086122223
1011,8.425,1.853365709737365,0.5213127328623802,0.5,0.9996228521504769,0.021689357490306108,-0.01157989330969623,0.012232387385126197,-0.33505203768342573,0.5484652530291191,0.0,-0.0011417962987427888,0.05595531730141264,-5.5760112295357225e-06,0.39083235670327804,0.3905566887397447,0.3901128777057807,0.3903864691322558,1.7988345879771659,0.558540838371647,0.42883691069305874,0.9295282655416187,0.013248237410734743,-0.010149111952601415,-0.3683730219373731,-0.2896157802965815,0.46958135960406544,-0.005923781975913922,0.0002731222507924502,0.0004441595370658738,5.183384578391658e-07,0.421730508443304,0.3994031253170362,0.43810208853544197,0.3778920352702225
1012,8.433333333333334,1.850570512767038,0.5258610109251477,0.5,0.9996256419614323,0.02168082601039133,-0.011347473955699263,0.012237342502605698,-0.33687971012392287,0.5448967347413838,0.0,-0.001585945413026852,0.05567994073810876,-5.517174894887223e-06,0.3908263816841052,0.39054844501998986,0.3901099189053854,0.3903858236225105,1.7968365069270686,0.5616471686350156,0.42869599233091277,0.9295450741380861,0.013258451781683129,-0.009644052966319702,-0.36834380793540655,-0.2950182104897836,0.4773526563641384,-0.02011823480148056,-0.00023734809355343956,0.0006213209420905352,3.404375778701039e-05,0.4240852185120424,0.39824095240575647,0.43661064378772446,0.37989770143093726
1013,8.441666666666666,1.8477602826782462,0.5303795839899007,0.5,0.9996284047288575,0.021670468632496644,-0.011116228242888122,0.01224225135094557,-0.33866946352688465,0.5413302638351719,0.0,-0.002024769524126475,0.05540231014568395,-5.458907338288122e-06,0.3908204224490986,0.3905402835463863,0.3901070310719572,0.39038518195283933,1.794879827199896,0.5648054235702359,0.4284991706171285,0.9295888384747757,0.013740376030056099,-0.009022658705540039,-0.3682314286960761,-0.29852613454854904,0.47562974651085277,-0.05641724055470698,0.0003693457242942284,0.0006034250343018732,0.00022800816871440936,0.42557578018141456,0.4008337975769204,0.43999954900982063,0.3822106311200722
1014,8.45,1.844935334383758,0.5348684704764406,0.5,0.9996311406245998,0.021658307637093113,-0.010886165179601972,0.012247114416910019,-0.34042149527198473,0.5377661346963295,0.0,-0.002458280592134355,0.055122491911057,-5.4012049388392665e-06,0.3908144793186987,0.3905322040260974,0.3901042133248416,0.39038454385850396,1.7928701055786511,0.567918576939004,0.4282182947857755,0.9296318685246845,0.013816700830322059,-0.00835725624474167,-0.36813563270828425,-0.3130028188555345,0.4722871775817761,-0.006738799075156621,-0.00021216111981025107,0.000616304553766552,-0.00012188377619757373,0.4323713525366672,0.4069445436689959,0.44535954651242066,0.3882946786893468
1015,8.458333333333334,1.842095981145853,0.5393276912397534,0.5,0.9996338498200116,0.021644365250426584,-0.010657293498944311,0.012251932182565017,-0.3421360041302187,0.5342046380394008,0.0,-0.0028864911605683305,0.054840551806579894,-5.344064087084389e-06,0.39080855260943304,0.39052420616072475,0.3901014647889836,0.39038390908219456,1.7908579348136724,0.571053730701103,0.42811414546457777,0.929600873901408,0.013888900533755069,-0.007718376024571622,-0.3682251218415785,-0.3015119690974233,0.4756330346734283,-0.009601213481141846,0.0007636249557190636,0.000506817323455831,8.44347398000915e-06,0.4244069387507374,0.39981652522432387,0.43691361549100854,0.3789626803314236
1016,8.466666666666667,1.8392425345649355,0.5437572695394728,0.5,0.9996365324859467,0.021628663642132787,-0.01042962166138277,0.012256705125308071,-0.3438131902192293,0.5306460609176209,0.0,-0.0033094143451097057,0.05455655498838043,-5.28748118275627e-06,0.3908026426338717,0.39051628964642393,0.3900987845949699,0.39038327737391704,1.7888629160573746,0.57414709354485,0.42794153655978034,0.9296739229436997,0.014353859625956401,-0.007092209281767153,-0.3680354117198697,-0.3068067652111761,0.4776989077113658,-0.005290188539230911,0.001251007570248605,0.0005015972914951428,9.575346411879429e-05,0.42471192450207157,0.3982964640708366,0.43774856104402843,0.3816528172223201
1017,8.475,1.8363753045685183,0.5481572310094235,0.5,0.999639188792762,0.021611224922899446,-0.01020315785735502,0.012261433717897926,-0.3454532549590639,0.5270906867332851,0.0,-0.003727063822404485,0.05427056599486085,-5.231452636788583e-06,0.3907967497005902,0.3905084541740129,0.3900961718790618,0.39038264849089166,1.7868270802300241,0.5771266430593962,0.4276486905664029,0.929690635446486,0.013476655194299797,-0.0065094482566102835,-0.3680371302073713,-0.29621893607214567,0.44660462484684693,-0.03337254636484044,0.0003025723638594931,0.0008765171057390362,-9.01654009999576e-05,0.42420217321372905,0.39782267648651914,0.4369537333384363,0.3808570218043118
1018,8.483333333333333,1.833494599400571,0.5525276036272593,0.5,0.9996418189103157,0.021592071142175304,-0.009977910009879971,0.012266118428484178,-0.3470564010283724,0.5235387952484839,0.0,-0.00413945381894418,0.05398264874532108,-5.175974869864363e-06,0.39079087411415314,0.3905006994290714,0.3900936257832282,0.3903820221974374,1.784812976659383,0.5802033197117994,0.42753574848136644,0.9296689415268002,0.01391439978714785,-0.005568280708543509,-0.3680910796106763,-0.31923847235515446,0.45441014933523816,-0.053911622248487,-0.0007555498400070043,0.0009076390066956982,-8.784954097149227e-05,0.4323635510043187,0.4003513285844252,0.4381740551515827,0.38765840975277976
1019,8.491666666666667,1.830600725611235,0.5568684176841867,0.5,0.9996444230079666,0.021571224285925384,-0.009753885777173999,0.01227075972063681,-0.34862283232103786,0.5199906625962005,0.0,-0.004546599100031109,0.0536928665387203,-5.12104431298478e-06,0.3907850161750809,0.3904930250920537,0.39009114545516466,0.3903813982648749,1.7768874302797306,0.5912773778056615,0.4256652608796899,0.9288595947494009,0.0034194311051325152,-0.003842459525057106,-0.37039626920056073,-0.3135599881249229,0.4637744388542142,-0.003832668825276553,0.0010162510538085099,0.00022575140092648944,0.0005270837300363016,0.43517246273647825,0.4060575525087822,0.4422480794956435,0.38884515576623574
1020,8.5,1.8276939880468932,0.5611797057547869,0.5,0.9996470012545742,0.021548706274432502,-0.009531092555271334,0.012275358053375639,-0.3501527539032474,0.5164465612917597,0.0,-0.0049485149588188015,0.053401282052562546,-5.06665740799845e-06,0.39077917617982716,0.39048543083838944,0.39008873004833294,0.39038077647141,1.7726346363420822,0.5972738989491182,0.4251780735295322,0.9290285120037826,0.003988206336688785,-0.002645212493416699,-0.36997718976325916,-0.29302892284031046,0.5056743132624719,-0.047360497486037545,0.004545685195727463,-0.001281021573702975,-0.00038342858520781667,0.4174848336996279,0.3936617651618612,0.4446278435232553,0.38560399310982213
1021,8.508333333333333,1.8247746898406019,0.565461502666927,0.5,0.999649553818497,0.02152453896014435,-0.009309537480648446,0.012279913881199683,-0.3516463719709953,0.5129067602446244,0.0,-0.005345217205432357,0.05310795734193687,-5.012810606790444e-06,0.3907733544207513,0.39047791633859064,0.3900863787219934,0.39038015660202463,1.7683466855476417,0.6031279126215136,0.42454904834332946,0.9290047935221296,0.005167044398333996,-0.0015345414259492218,-0.37002843194503726,-0.3048802313387444,0.4204349093960502,-0.0612934727631409,0.0007409372633074312,0.00040337196031352,-6.58196171881534e-06,0.42016803027790683,0.3977218516050405,0.45671702890576493,0.39632233060185745
1022,8.516666666666666,1.821843132402865,0.5697138454717832,0.5,0.9996520808675927,0.02149874412556614,-0.009089227432851316,0.012284427654116454,-0.35310389380803237,0.5093715247705259,0.0,-0.0057367221561674085,0.05281295383867832,-4.959500371696677e-06,0.390767551186096,0.39047048125835576,0.39008409064121935,0.3903795384483789,1.7652034275058543,0.6074521786668348,0.42409421508167305,0.9290721098888937,0.005828695193038907,-0.0008847759986087006,-0.3698516704171801,-0.3026041045624872,0.457523395842796,-0.018651222448584637,0.001287172857199449,1.9312203249256497e-05,0.00012898877300753252,0.4338809001242109,0.40119181568756235,0.44762044550029706,0.39740105385537
1023,8.525,1.8188996154127683,0.573936773413954,0.5,0.9996545825692175,0.021471343481198172,-0.008870169037125687,0.012288899817671159,-0.3545255277442446,0.5058411166039288,0.0,-0.0061230466227736036,0.05251633235064771,-4.906723175804664e-06,0.39076176675997193,0.3904631252586659,0.39008186497692715,0.39037892180870515,1.7618743700690076,0.6117577673655813,0.4237169292098873,0.9290090679863492,0.0060537583685932135,-0.00025651742054819024,-0.37000734831562804,-0.3303488077807559,0.41995306458003645,-0.07188385673043696,-0.0003835688020701947,0.0005103809995403609,-5.352063592704363e-05,0.42243883614211175,0.3941059371794728,0.4454897533198794,0.3910268780286934
1024,8.533333333333333,1.815944436809446,0.5781303279016905,0.5,0.9996570590902248,0.021442358663518193,-0.008652368667049222,0.012293330812975818,-0.35591148311447834,0.5023157939108153,0.0,-0.006504207901812895,0.05221815306113915,-4.854475502348967e-06,0.3907560014223371,0.39045584799589084,0.3900797009058975,0.39037830648769944,1.7597383172757344,0.6145455601756417,0.4235178589934821,0.9290500971032698,0.006474905948907618,0.00015203601034041776,-0.36989724187997086,-0.29721943629255065,0.4270352265413502,-0.0600470354925442,0.0003845337712224308,0.0005715300526188133,-1.258601830078654e-05,0.4360925204030196,0.40599699919967847,0.44957818471522765,0.39673307410540454
1025,8.541666666666666,1.8129778927839013,0.5822945524772213,0.5,0.9996595105969653,0.021411811233008067,-0.008435832447165583,0.012297721076738304,-0.35726197021779527,0.4987958113017896,0.0,-0.0068802237641161805,0.05191847552841475,-4.802753845177402e-06,0.3907502554489738,0.39044864912189664,0.390077597610803,0.39037769229641406,1.7575091982001863,0.6173920896731321,0.423230953856549,0.929042278194621,0.006173961725773858,0.0006389412899274969,-0.36992150421080555,-0.3036152013805582,0.4466809063657151,-0.003790655684010602,0.0012111331566687933,-0.00028533062724234696,0.0002527441737045447,0.43357400608069074,0.3997699629094579,0.4483582460102325,0.3993561706588096
1026,8.55,1.8100002777711541,0.5864294927872002,0.5,0.9996619372552857,0.02137972267222441,-0.00822056625561936,0.012302071041291293,-0.3585772002771736,0.4952814198454872,0.0,-0.007251112444307787,0.05161735868537849,-4.751554708190076e-06,0.39074452911146546,0.3904415282841475,0.3900755542802181,0.39037707905216595,1.753157061567205,0.6229870983013,0.4227928012441039,0.9290212630921875,0.006510789632368225,0.001447887097795372,-0.369966222733795,-0.33531685768708464,0.434823909203208,-0.03526462839074651,0.0008184227030077091,0.0002620505442761923,0.00011029541570674506,0.4215924170719973,0.3907315649101836,0.4419238341183616,0.38996506972881745
1027,8.558333333333334,1.8070118844427268,0.5905351965532614,0.5,0.9996643392305286,0.021346114383912918,-0.008006575726791768,0.012306381134621142,-0.3598573853996438,0.4917728670822868,0.0,-0.007616892630420095,0.05131486083933793,-4.70087460747743e-06,0.39073882267719984,0.39043448512579554,0.3900735701086406,0.39037646657842684,1.7498510875929474,0.6271388185070355,0.4223721437927797,0.9290551653375466,0.007058931306407142,0.0018577361003959956,-0.3698691931818827,-0.3237424219520335,0.4318005711206885,-0.05912442091998704,-3.3300988632727166e-05,0.0006368309037569353,-5.22081480421647e-05,0.42828511166181843,0.3996760860388183,0.44587637149214543,0.3915785533732318
1028,8.566666666666666,1.8040130036994588,0.5946117135426899,0.5,0.9996667166875318,0.021311007689165943,-0.0077938662539364725,0.012310651780396665,-0.36110273853686287,0.4882703970383174,0.0,-0.007977583453602744,0.05101103967189467,-4.650710068537529e-06,0.3907331364093565,0.39042751928577263,0.39007164429653096,0.39037585470470704,1.7465455473381795,0.6313120145360201,0.421962065947421,0.9291036532536939,0.007899483442793188,0.002365952179031795,-0.36972746982373883,-0.3078147240365814,0.40687293348642406,-0.022913695162374292,0.0002329261672585437,-8.128131781372231e-06,5.141074289355515e-05,0.43284593666027843,0.4021808992932896,0.4494964224654759,0.39731543842909056
1029,8.575,1.8010039246646519,0.5986590955392098,0.5,0.9996690697906269,0.021274423825622873,-0.007582442991815099,0.012314883397997835,-0.3623134734461261,0.484774250239753,0.0,-0.00833320447789366,0.05070595223896595,-4.601057625885094e-06,0.3907274705668602,0.39042063039891944,0.3900697760502954,0.39037524326648454,1.7432785663821495,0.6353951318424053,0.4214804573273084,0.9291290647399119,0.008737752051820194,0.002736317757588433,-0.36964218551153954,-0.34614638490673144,0.42049882723174115,-0.030760692244125032,0.00032169241107002263,0.0004522935421401406,-4.307512096816844e-05,0.43039043092215057,0.3943065307878407,0.4400189555194396,0.3933005087523918
1030,8.583333333333334,1.7979849346775296,0.6026773963138977,0.5,0.99967139870364,0.02123638394571331,-0.007372310859331801,0.012319076402544425,-0.3634898046518197,0.4812846637273852,0.0,-0.00868377569009998,0.05039965497090228,-4.551913827300497e-06,0.39072182540439737,0.39041381809607245,0.39006796458230436,0.3903746321050925,1.741089572589287,0.6380655115663089,0.421186432840754,0.9291267351294447,0.008629917766392554,0.003055154142665767,-0.3696480767165015,-0.32936028740087053,0.4102883047748751,-0.044101517519029576,0.0008297581636937845,0.00010456066510810847,5.885797622646355e-05,0.43044060876855356,0.40072475583457473,0.44298522865829143,0.38985594558896414
1031,8.591666666666667,1.7949563192870253,0.606666671596211,0.5,0.9996737035898898,0.0211969091149421,-0.007163474542166715,0.012323231204924503,-0.36463194740730615,0.47780187107147276,0.0,-0.009029317489764427,0.0500922036727149,-4.503275230455933e-06,0.39071620117241435,0.39040708200413904,0.3900662091109326,0.39037402106760094,1.7387548545107714,0.6407339690269365,0.42096852683801206,0.9291102583753207,0.009113264834826612,0.0034600471489987118,-0.3696743218828186,-0.33612092740142874,0.41920404588690063,-0.031453595647046306,0.0006705362030326587,-7.030662301655565e-05,0.00011986530841549776,0.43384557869522544,0.4004405649316742,0.4440876965228886,0.39469181576725876
1032,8.6,1.7919183622458799,0.6106269790451478,0.5,0.9996759846121874,0.021156020310216368,-0.0069559384954075475,0.012327348211822903,-0.3657401176572502,0.47432610238685535,0.0,-0.009369850679201975,0.049783653524424376,-4.455138402865121e-06,0.39071059811708575,0.39040042174621664,0.3900645088605548,0.39037341000673914,1.7365552778187134,0.6433834702089971,0.42078890917212664,0.9291138426064594,0.009018139093043779,0.003766860285634579,-0.3696646472249498,-0.3162202274296977,0.40817566298056995,-0.04948457352319524,-0.0002090146341003781,0.00014461594637956392,7.552165723114231e-05,0.4310150179288043,0.3990642095092786,0.44293555423554165,0.3920784403281525
1033,8.608333333333333,1.7888713455050533,0.6145583782205291,0.5,0.9996782419328363,0.021113738418213908,-0.006749706946179079,0.01233142782574959,-0.36681453200037845,0.4708575843483289,0.0,-0.009705396453635705,0.04947405908151234,-4.407499923146825e-06,0.3907050164803091,0.3903938369416928,0.390062863061548,0.3903727987807964,1.729867291609687,0.6511103020637174,0.4202702864984696,0.9290778135390002,0.008894428206721998,0.004670562927640271,-0.3697478754210841,-0.3256986802517847,0.41353629274542003,-0.05176826547835245,0.0008174920646825818,0.00024191625594515345,-0.0002150227806210423,0.4354033676849299,0.39908181356305655,0.44456385173371743,0.39808670623158476
1034,8.616666666666667,1.785815549208444,0.618460930554414,0.5,0.9996804757136306,0.021070084233792658,-0.006544783896269915,0.012335470445067925,-0.36785540765267766,0.4673965402062726,0.0,-0.010035976391422534,0.049163474275478514,-4.3603563814053085e-06,0.39069945649971544,0.3903873272063227,0.3900612709503163,0.39037218725351186,1.7276481403627983,0.6536223770220624,0.42011085920147284,0.929080646835408,0.009111594959848772,0.004806026228923965,-0.36973373206278437,-0.3441388920729649,0.406578313903061,-0.035040160386312635,0.0009653871716544483,-0.00014549127559174895,0.00024382307600863054,0.434567118251312,0.4008174398681321,0.4466048554758423,0.3974653393692941
1035,8.625,1.782751251687912,0.6223346993226452,0.5,0.9996826861158555,0.02102507845844078,-0.006341173124756294,0.012339476464022862,-0.36886296241102634,0.463943189802523,0.0,-0.010361612444369197,0.04885195241449257,-4.313704377024953e-06,0.39069391840865586,0.39038089215233024,0.3900597317692907,0.3903715752939895,1.7253841116708535,0.6561385472876669,0.41999049329498855,0.9290526820086329,0.00911498098660986,0.005119859691306428,-0.36979970012281166,-0.3017833131688352,0.40257310667801693,-0.04623100295554905,-0.0003329668423488702,0.00030244412291912634,0.0001679872791092955,0.4325749191668753,0.4002676119138926,0.44306931094698543,0.39255450195606006
1036,8.633333333333333,1.7796787294586058,0.6261797496165251,0.5,0.9996848733002858,0.020978741698767074,-0.006138878190622366,0.012343446272769064,-0.3698374146172603,0.4604977495864892,0.0,-0.010682326928126377,0.048539546184150094,-4.267540521024496e-06,0.3906884024361832,0.39037453138851436,0.3900582447669338,0.3903709627766025,1.7231644963447836,0.6587068642273298,0.41991553937251586,0.9290854365430984,0.010333617137461757,0.005444896550918443,-0.3696807015005335,-0.3488884350452137,0.3981668318435494,-0.035825512332188225,0.0005287643845164482,0.0002307194046159906,-9.14725281174731e-05,0.43500796128232144,0.39630329649839346,0.44434788702014655,0.4002552190437733
1037,8.641666666666666,1.7765982572145858,0.6299961483146291,0.5,0.9996870374271856,0.020931094465031316,-0.0059379024353766584,0.012347380257398897,-0.3707789831226725,0.45706043263150115,0.0,-0.010998142512687888,0.0482263076483501,-4.221861435374746e-06,0.3906829088070671,0.39036824452032914,0.390056809197763,0.3903703495808816,1.714044397376762,0.6685624145227121,0.41963100022534744,0.9290705219470631,0.012279358804761087,0.006305313988010222,-0.3696449994411779,-0.35815207460612175,0.39281305086353857,-0.010189588391018578,0.00030099425320497864,0.00037549908814571106,7.081189503601229e-05,0.43469826183683563,0.40071926873721475,0.44130740998009943,0.3924053807013941
1038,8.65,1.7735101078247362,0.6337839640547596,0.5,0.9996891786563078,0.020882157169714054,-0.005738248985664013,0.012351278799970397,-0.37168788725294766,0.45363144865138194,0.0,-0.011309082212965844,0.047912288250249555,-4.176663751820592e-06,0.39067743774178765,0.3903620311499758,0.39005542432232926,0.39036973559144666,1.7117924008231713,0.6709214942065176,0.4195567126567737,0.9290278439956878,0.012709119963711228,0.006728607396490202,-0.3697302654543928,-0.31372350391529746,0.40669930924317477,-0.014503266489523936,0.0005176847876455247,-5.7009721928251055e-05,0.00016066552791534636,0.43118091676558773,0.3987809507838596,0.4365304605617933,0.3861039450691221
1039,8.658333333333333,1.770414552328975,0.6375432672060345,0.5,0.9996912971468934,0.02083195012612566,-0.005539920755873067,0.012355142278535094,-0.3725643467735265,0.4502110040172449,0.0,-0.011615169379470335,0.047597538813287266,-4.131944114252263e-06,0.3906719894565366,0.3903558908764965,0.39005408940723674,0.3903691206978962,1.7094466800418402,0.6732114662311688,0.4194603691025081,0.9289840845625952,0.012387767566590052,0.007215250052102708,-0.36984193111490066,-0.3264172275822208,0.3859603107951748,-0.015408154365270654,0.0004134659996444126,0.00048191567753371546,-3.792479381502646e-05,0.43063720006601974,0.3935858715062334,0.43862797073197696,0.3928793166168124
1040,8.666666666666666,1.7673118599347482,0.6412741298411136,0.5,0.999693393057671,0.020780493547053976,-0.005342920450738646,0.012358971067165778,-0.3734085818553986,0.4467993017745045,0.0,-0.011916427689066086,0.0472821095423606,-4.087699175788287e-06,0.3906665641632032,0.39034982329587586,0.3900528037251478,0.3903685047947169,1.70719436719216,0.6755666885729676,0.4194570264969141,0.9290320821703937,0.012644699339084842,0.00738852291158487,-0.3697092257517414,-0.35428920469011693,0.3385030067398431,0.00635766953244743,1.0011319508415964e-05,0.00026206605721748653,-0.00010354327709131236,0.4333682119307724,0.39476076849092473,0.4361597911357303,0.39186237301846183
1041,8.675,1.7642022980138015,0.6449766257085794,0.5,0.9996954665468554,0.020727807543450525,-0.005147250567938423,0.012362765535984178,-0.37422081304133215,0.44339654166009124,0.0,-0.012212881135831426,0.04696605002505785,-4.043925602288841e-06,0.3906611620693914,0.39034382800112055,0.39005156655476814,0.390367887781199,1.7037413081137858,0.6790071265600064,0.41945169184031456,0.9289951077980726,0.012661553380452965,0.007839275544039575,-0.3697922667014361,-0.34986712114650764,0.3669137914271592,0.025056281591501195,0.0012951584025040418,-0.0003035541179921547,5.234500483982254e-05,0.43542507979084355,0.3945919775737109,0.4264770341933143,0.38442748178213465
1042,8.683333333333334,1.7610861320992406,0.6486508302054483,0.5,0.9996975177721482,0.0206739121231545,-0.00495291340068404,0.012366526051188539,-0.37500126121252497,0.4400029201198736,0.0,-0.012504554022005732,0.0466494092329718,-4.000620069556128e-06,0.39065578337842793,0.3903379045823348,0.3900503771808749,0.39036726956132867,1.699132587809633,0.6834660074010266,0.4194675900283837,0.9289529365737887,0.013238615576517248,0.008249638076561025,-0.36986906353486415,-0.3688270435826313,0.30980073562936195,0.01622986089082623,0.0002586304983283684,6.715793250635792e-05,-5.166158642863147e-05,0.42849892570392234,0.3909774043255113,0.4274264851338692,0.3821149009513656
1043,8.691666666666666,1.7579636258828593,0.6522968203498382,0.5,0.9996995468907366,0.020618827189654538,-0.00475991104030583,0.012370252975081136,-0.3757501475556882,0.43661863032627224,0.0,-0.012791470949018427,0.04633223552312912,-3.957779263063436e-06,0.3906504282893405,0.39033205262684023,0.39004923489428717,0.39036665004372056,1.6956899050807468,0.6868089808775654,0.41951880388163854,0.9289932308703204,0.014010391900654066,0.008501585738658418,-0.36973370005429856,-0.3475755992946361,0.33711895175049245,0.00976085290983475,0.0008537561065585631,0.00010002632046623904,-3.169410575098473e-06,0.4370480117632569,0.39479145798807536,0.4214302164423283,0.3807544848517424
1044,8.7,1.7548350412127445,0.655914674753778,0.5,0.9997015540592922,0.020562572540887544,-0.004568245378831029,0.01237394666609567,-0.376467693530554,0.433243862196065,0.0,-0.013073656808628556,0.046014576639487784,-3.915399881341424e-06,0.39064509699688366,0.390326271719244,0.3900481389918735,0.3903660291415159,1.6922644166213754,0.6901298683306971,0.4196391055347302,0.9289463464632356,0.014589033707260406,0.008725533934340543,-0.36982389125860354,-0.33763027690774106,0.3432978231734385,0.019052609253861208,0.0007691474092064274,-0.00036719977488727286,1.44100584320513e-05,0.4350216584877003,0.3935095923130136,0.4256976226616401,0.3843683267581892
1045,8.708333333333334,1.751700638091148,0.6595044735961697,0.5,0.9997035394339718,0.020505167868074454,-0.004377918111555049,0.012377607478824609,-0.3771541208378097,0.4298788024083755,0.0,-0.013351136774142245,0.04569647971451711,-3.873478632064695e-06,0.39063978969154123,0.39032056144152416,0.3900470887765586,0.39036540677229103,1.6899580565077004,0.6922717343995429,0.4198335522794596,0.9289550411288827,0.015255256613940497,0.008945137376858408,-0.3697699193068411,-0.3458042912316106,0.31957870890975126,-0.0008633674124292057,-0.00031917686667568365,0.00032069925253980913,-0.00021937254176163218,0.43298460318281323,0.3907386171417408,0.42471954268285816,0.38408574713504834
1046,8.716666666666667,1.7485606746726257,0.6630662985958972,0.5,0.999705503170415,0.020446632754592284,-0.004188930739605543,0.012381235764046407,-0.3778096513874541,0.42652363442284,0.0,-0.0136239362917306,0.045377991270872824,-3.83201223487094e-06,0.3906345065595213,0.39031492137312707,0.39004608355730347,0.3903647828579817,1.6876142994893513,0.6943898697989752,0.4199487922323687,0.9289513873422478,0.015203550937318141,0.009114596186252006,-0.36977708978541574,-0.3457398348484464,0.3125194276610288,-0.004004084078002013,3.7370013544001664e-05,0.0003910557387961249,-8.734301277947302e-05,0.43964942688521846,0.39483215772416824,0.4243636063324146,0.3862708102508734
1047,8.725,1.7454154072624344,0.6666002329850921,0.5,0.9997074454237455,0.02038698667488235,-0.004001284572498762,0.012384831868752668,-0.3784345072675785,0.42317853849794473,0.0,-0.013892081071829097,0.04505915722313874,-3.790997420189887e-06,0.39062924778277824,0.39030935109104065,0.3900451226491171,0.39036415732478386,1.6853111931326217,0.6964214503685153,0.4199902639579418,0.9289229680369647,0.015100882420580445,0.009353402780494856,-0.3698467204936963,-0.34533402182859163,0.28379026501061944,0.016400825941692565,0.00010343539184506313,0.0005642127154557254,-0.00023810823046121644,0.44086280617065854,0.395177765955401,0.4240074205763436,0.3868074776993712
1048,8.733333333333333,1.742265090315193,0.6701063614825472,0.5,0.9997093663485683,0.02032624899339404,-0.0038149807306881453,0.01238839613617519,-0.3790289107135659,0.4198436917095313,0.0,-0.014155597080644502,0.04474002287966335,-3.750430929100085e-06,0.39062401353901055,0.39030385016988933,0.39004420537304,0.39036353010307234,1.6829763328304743,0.6984646651960347,0.420180886543386,0.9288730074720432,0.015176338250858974,0.009641053423828951,-0.3699617072563269,-0.3656025274984209,0.3043919332796907,0.019577454720248744,-6.209260009673008e-05,0.00045789218935455276,-2.765764058722789e-06,0.44083527673001144,0.3914084741007658,0.41695853025602136,0.383447967240053
1049,8.741666666666667,1.7391099764337903,0.6735847702672932,0.5,0.999711266098972,0.020264438963563846,-0.0036300201481044244,0.01239192890581296,-0.3795930840777144,0.41651926796945904,0.0,-0.014414510531743268,0.044420632944461386,-3.710309514072009e-06,0.3906188040016758,0.3902984181820088,0.3900433310561349,0.3903629011273229,1.6806466961792588,0.7005056793341645,0.42028595636747235,0.928907836817552,0.014948499922688884,0.009845691207038258,-0.3698781358956671,-0.34199143748954164,0.2866974863881877,0.01918288950616409,-0.00023201165640239222,-7.01207237038734e-05,3.387385102305241e-05,0.4376150024781769,0.3932818865274513,0.4191881883977245,0.38067612271078444
1050,8.75,1.7359503163685508,0.677035546952322,0.5,0.9997131448285249,0.020201575726829287,-0.0034464035746874307,0.012395430513459009,-0.38012724979927265,0.41320543804442617,0.0,-0.014668847877736566,0.04410103151917969,-3.670629938484402e-06,0.39061361934000305,0.39029305469753195,0.39004249903148774,0.39036227033601834,1.6783154387401678,0.7024306407389656,0.4203909979906369,0.9288876975940326,0.014579782604873939,0.010037087637425344,-0.36993828143274193,-0.3672087345024888,0.2852614199672754,-0.009484257105840666,-0.00015908695668190222,0.0008684589676563385,-0.000247520215314919,0.4396224902130646,0.38986055983580997,0.41710001437787775,0.3839282417667793
1051,8.758333333333333,1.732786359016648,0.6804587805584733,0.5,0.9997150026902774,0.020137678311677242,-0.003264131578908879,0.012398901291227228,-0.3806316303748961,0.40990236957493753,0.0,-0.014918635802061344,0.04378126210516702,-3.631388976467714e-06,0.390608459718998,0.3902877592844701,0.39004170863820065,0.3903616376715628,1.6759539901755454,0.7044076534318962,0.4204403923854743,0.9288610733899798,0.014507695689520518,0.01055036239951438,-0.3699936796214683,-0.3586891308987594,0.28342130821034095,0.0018662643155864522,8.470392805467748e-05,0.0005901734754037522,-0.00017639568403319514,0.4443595263843796,0.397512373863911,0.4218671062112742,0.385824871539248
1052,8.766666666666666,1.7296183514217551,0.6838545614884793,0.5,0.999716839836759,0.02007276563272638,-0.0030832045502860116,0.012402341567579068,-0.38110644832951723,0.4066102270944157,0.0,-0.015163901210843898,0.04346136760559416,-3.592583412465652e-06,0.3906033252994491,0.3902825315088042,0.39004095922136717,0.390361003080216,1.6737025470606988,0.7063749356586106,0.420622305135093,0.9288856060663276,0.014464164505383912,0.010757868727339054,-0.369927813293888,-0.34194303158032735,0.3060994888825719,0.040334906714689645,0.0012329427905221379,-0.0003364686237859827,0.0002253785373087963,0.4426419408924632,0.39405329178376813,0.4197898141319907,0.3854252497994445
1053,8.775,1.7264465387739447,0.6872229815011687,0.5,0.9997186564199789,0.020006856489843284,-0.0029036227018857906,0.012405751667350147,-0.3815519261876282,0.4033291720484507,0.0,-0.015404671224870842,0.04314139032765016,-3.5542100436482867e-06,0.39059821623794755,0.39027737093455933,0.39004025013206506,0.390360366512004,1.6713796181653235,0.7083097849021065,0.420734455756787,0.9288525965224242,0.014449131640120363,0.010980745815522478,-0.3700047293613043,-0.3601275466897702,0.25635142838990044,0.007150754215989874,0.0004884803058346165,0.00032248516754358677,1.1220591822182494e-05,0.43332366190116833,0.38540394982394804,0.4163756611913875,0.3814239324316756
1054,8.783333333333333,1.7232711644098202,0.6905641336858314,0.5,0.9997204525914261,0.019939969567291813,-0.002725386072819343,0.012409131911776792,-0.3819682864449756,0.4000593628141819,0.0,-0.015640973171644687,0.04282137198479771,-3.516265678226013e-06,0.3905931326869164,0.39027227712386514,0.3900395807273624,0.3903597279206256,1.6690406561466318,0.7101530874577111,0.4208586489915571,0.9288828374570932,0.014901463778060854,0.011325944635719678,-0.36990045097706936,-0.36217611983115905,0.2453482223392034,0.030588457924252133,-0.000617711822488243,0.0005426466110678044,-2.3787197105882666e-05,0.4449783548073382,0.3927241933668644,0.41530395319048996,0.38465977072100144
1055,8.791666666666666,1.7200924698128852,0.6938781124367442,0.5,0.9997222285020669,0.019872123432915372,-0.002548494530726454,0.012412482618522454,-0.3823557515406644,0.3968009547198087,0.0,-0.015872834577531254,0.04250135369910159,-3.4787471341629237e-06,0.39058807479460544,0.3902672496370516,0.3900389503702996,0.3903590872633799,1.666792810985122,0.7121061460781489,0.42097426162540397,0.9288642606427299,0.01505264751297281,0.011591910741862206,-0.3699327380873958,-0.3409555744653181,0.2614486184758791,0.02987189847923899,-0.000799235185055697,0.0005549226426426215,0.00010222212614620629,0.44251312015735006,0.3889823928133329,0.4097100397078514,0.38036044178862777
1056,8.8,1.7169106946141413,0.697165013427861,0.5,0.9997239843023459,0.019803336537351685,-0.002372947774249721,0.01241580410170408,-0.3827145438296697,0.3935541000642214,0.0,-0.01610028315999874,0.042181376003637694,-3.441651240306551e-06,0.3905830427050956,0.39026228803274315,0.3900383584298588,0.3903584445011004,1.6644331206054672,0.713963567849416,0.42118638578496764,0.9288827303328439,0.015517862717841537,0.011810673710175157,-0.3698602130705375,-0.3388411649040801,0.2599002529760974,0.020729889358483966,-0.0004424283988787765,0.0007539671778686325,-7.547818463527172e-05,0.44068760500245496,0.3860903161106756,0.41175768894222886,0.383430765648773
1057,8.808333333333334,1.7137260765929112,0.7004249335876686,0.5,0.999725720142185,0.01973362721327972,-0.002198745335498093,0.012419096671918362,-0.3830448855557564,0.3903189481367485,0.0,-0.016323346819958954,0.04186147884494786,-3.4049748382138784e-06,0.39057803655834034,0.39025739186791203,0.3900378042809559,0.39035779959806893,1.6620790148080797,0.715688161926427,0.4212959293415418,0.9288351750377509,0.01472043125658263,0.01219770418037274,-0.3699996520659706,-0.34589847647108485,0.2667633563452454,0.03510891902915869,-8.394852868160433e-05,0.00015071363927666762,-1.980841672286331e-05,0.44281104377847474,0.3871673528075827,0.41256844488397715,0.38531787061306694
1058,8.816666666666666,1.7105388516778885,0.7036579710742056,0.5,0.9997274361709825,0.019663013674698204,-0.002025886582499693,0.012422360636267895,-0.3833469988248017,0.3870956452370165,0.0,-0.01654205363419845,0.04154170158553784,-3.3687147798656253e-06,0.39057305649017826,0.39025256069795045,0.39003728730444154,0.3903571525219297,1.6516562486784463,0.7235038123301355,0.4221776184966511,0.9288977969743258,0.012916082160618788,0.013628441192385843,-0.3698598696648908,-0.33975125504479564,0.25203649970754194,0.018097360626662118,-0.00025913091873343974,0.00040055542749729725,2.3845285296722322e-05,0.4389585993151162,0.3851380922533622,0.41165639237731594,0.3825785605630244
1059,8.825,1.707349253948411,0.7068642252502432,0.5,0.9997291325376129,0.01959151401623556,-0.0018543707216436814,0.012425596298387263,-0.38362110557851753,0.38388433469491906,0.0,-0.01675643184788797,0.041222083006478324,-3.3328679281303952e-06,0.39056810263233044,0.39024779407676585,0.39003680688707804,0.39035650324362065,1.6447298816936164,0.7283913919633364,0.42266609848076153,0.9289653623475668,0.012231783669163233,0.014417385841109557,-0.36968348355347624,-0.3554687187729222,0.2304239275550013,0.01673001225308557,-0.0002715627810562726,0.0006288042051694273,6.202960678072389e-05,0.4414938226539054,0.38660160642537184,0.41436262107925703,0.3863785987720684
1060,8.833333333333334,1.7041575156359408,0.7100437966586426,0.5,0.9997308093904257,0.019519146212490773,-0.001684196800110545,0.012428803958469022,-0.38386742756857883,0.38068515689068066,0.0,-0.016966509867200455,0.04090266131004732,-3.2974311574368803e-06,0.3905631751124389,0.3902430915568456,0.3900363624215141,0.390355851737299,1.6401502981080263,0.731545161590493,0.4229748000759779,0.9289575424186146,0.011179806625456697,0.01473485604977628,-0.369723924468755,-0.33327412967227854,0.23690407969622074,0.017560274759764738,-0.0008973183477838812,0.0005156690563163167,-7.084919017745618e-06,0.4434504719275533,0.38872113258733076,0.41260008713716523,0.384544029147977
1061,8.841666666666667,1.700963867125768,0.7131967869978724,0.5,0.999732466877246,0.019445928117404775,-0.0015153637082910999,0.012431983913289603,-0.38408618633114605,0.3774982492750232,0.0,-0.01717231625202397,0.04058347412240353,-3.2624013531958734e-06,0.39055827405408655,0.39023845268932245,0.3900359533062745,0.39035519798026436,1.6355052867616853,0.7345447631301507,0.4232429908668201,0.9289849607923122,0.009574589626803492,0.015027411072449452,-0.3696883102988847,-0.3380800198909295,0.24295701013186122,0.043320228243171055,-0.000315607082709545,-0.00011717873728912397,-5.872101094257811e-06,0.4414173137752496,0.38538105812347373,0.4142548944679966,0.3873792720212726
1062,8.85,1.697768536958922,0.7163232990976949,0.5,0.999734105145373,0.019371877463661927,-0.0013478701821936644,0.012435136456235108,-0.38427760316178444,0.37432374638942184,0.0,-0.017373879708751625,0.040264558496344846,-3.227775411554696e-06,0.39055339957679575,0.3902338770240643,0.39003557894574253,0.3903545419528892,1.6332888419505527,0.7361243653131099,0.42346547135320317,0.929016088429695,0.009462204669208161,0.014910405906757903,-0.36961771320823233,-0.3713948362641828,0.22408889817615574,0.014424022187287111,-0.0003930057173513608,0.0004401065773166564,5.3174233105951e-05,0.43501872371091177,0.3814074259495462,0.4121330189262271,0.38290226267050537
1063,8.858333333333333,1.6945717518342884,0.7194234368950233,0.5,0.9997357243415791,0.01929701186212137,-0.0011817148058392447,0.012438261877327033,-0.38444189909077825,0.37116177988644805,0.0,-0.017571229083172133,0.039945950914121994,-3.1935502408475362e-06,0.3905485517960584,0.39022936410974135,0.39003523875014173,0.3903538836385419,1.630963584673128,0.7375752543188638,0.423610277856527,0.9290289367810394,0.008551575664916709,0.014811047284773664,-0.3696116043300955,-0.3389899358792192,0.24252287594336286,0.01215201831173407,6.327969249312975e-05,0.0005332293260939638,0.00017481767184427725,0.44193902264954105,0.3903707626353856,0.41480450532646035,0.38361725491418025
1064,8.866666666666667,1.69137373661093,0.7224973054099514,0.5,0.9997373246121106,0.019221348801277672,-0.001016896013644446,0.012441360463247881,-0.3845792948588389,0.3680124785501931,0.0,-0.01776439335345335,0.03962768729029285,-3.1597227606340855e-06,0.39054373082337623,0.39022491349387906,0.39003493213552015,0.3903532230235102,1.6264011687418154,0.740409478811537,0.42396929900050245,0.9290553158184612,0.007196674392611516,0.014711571048796931,-0.3695781347758854,-0.33143067175769314,0.24450392262319598,0.04501023959216921,-3.6431159496060704e-05,-0.00037018557826625295,0.0001878869011907641,0.4392177206206974,0.3862127339951291,0.41816705113234615,0.3882963805356466
1065,8.875,1.6881747143106076,0.7255450107219493,0.5,0.9997389061026861,0.019144905646750508,-0.0008534120927920609,0.012444432497366705,-0.38469001089320043,0.36487596831677027,0.0,-0.01795340162321752,0.03930980297460998,-3.126289900367055e-06,0.39053893676626045,0.3902205247229458,0.3900346585237183,0.3903525600969446,1.6240736422431221,0.741775974939578,0.42415632485688504,0.9290687312375726,0.00621203990545609,0.01452168790729804,-0.3695697820130093,-0.35780371412699186,0.1972483777282097,0.009148426088695372,-0.0015918514445464865,0.0005353076780051074,-6.576496196680182e-05,0.4322082983839769,0.37974824453621253,0.41414924684534404,0.3837954214400085
1066,8.883333333333333,1.6849749061205053,0.7285666599462295,0.5,0.9997404689584962,0.019067699640802883,-0.0006912611855891173,0.012447478259764543,-0.3847742672841026,0.36175237229489204,0.0,-0.018138283114703627,0.03899233275498717,-3.0932486021666497e-06,0.39053416972824717,0.39021619734242985,0.39003441734235994,0.3903518948507781,1.6218131219085925,0.7431519536139288,0.42431395046063985,0.929049306491025,0.0055007880485572645,0.014384164144122682,-0.3696352570592601,-0.34390336814953404,0.23039560688795646,0.051046231395296404,0.0001517164579977963,-0.00012585769542689554,0.00016832687988495868,0.4432024194431579,0.3886903617938275,0.41486034889035156,0.38659203019783084
1067,8.891666666666666,1.6817745313961396,0.7315623612102895,0.5,0.9997420133242035,0.018989747901887677,-0.000530441291811955,0.012450498027259768,-0.38483228376166284,0.3586418107865111,0.0,-0.018319067162023417,0.03867531086052014,-3.0605958191203203e-06,0.39052942980894423,0.39021193089688644,0.3900342080248381,0.3903512272796474,1.6195392662022057,0.744525467429528,0.4244322567313539,0.9290672299098983,0.0050963940841002656,0.014361910999814712,-0.36959686766437994,-0.3379267528885732,0.1944773933967192,0.013081327500819029,-0.0004343558429270158,0.00030999490974086826,5.999242194375832e-05,0.43139508128872295,0.379998350676339,0.4127701292673544,0.3813376381784162
1068,8.9,1.6785738076644634,0.7345322236306259,0.5,0.9997435393439409,0.018911067424221883,-0.000370950271038318,0.012453492073433343,-0.38486427967313014,0.3555444013075263,0.0,-0.018495783204512117,0.038358770964515544,-3.0283285145886593e-06,0.3905247171040385,0.3902077249300191,0.39003403001026604,0.3903505573808517,1.6172593772330905,0.7458367066606437,0.42460181586880275,0.9291305629700715,0.004610108710866489,0.014056511252265397,-0.3694557596573737,-0.3491554176084044,0.20964002265424497,0.024344763713801676,-0.00017051539839285645,-0.00016016021912961702,0.00024403195334030941,0.4419219416236117,0.38510170912662345,0.4146575423301204,0.3886517215396515
1069,8.908333333333333,1.6753729506271613,0.7374763572896162,0.5,0.9997450471613121,0.01883167507738843,-0.00021278584496641696,0.012456460668653996,-0.3848704739605186,0.35246025860855,0.0,-0.01866846078016416,0.03804274618758142,-2.9964436650528397e-06,0.3905200317053238,0.39020357898474184,0.39003388274347955,0.39034988515426333,1.614982739425842,0.7471625032965432,0.4247238609785155,0.929121578206949,0.0038949485331455248,0.013943990564310785,-0.3694908488897865,-0.3292065941430833,0.1910156634448268,0.004777645377751494,-0.0009050533060438105,0.00024066789170047777,-7.75398079858802e-05,0.43757926989635737,0.38485764564306923,0.41522507484892224,0.38522700817120603
1070,8.916666666666666,1.6721721741641271,0.7403948732125787,0.5,0.9997465369193906,0.01875158760596498,-5.594559972050341e-05,0.012459404080103275,-0.38485108513862176,0.3493894946957287,0.0,-0.01883712951916237,0.03772726910077896,-2.9649382565320867e-06,0.39051537370072614,0.3901994926032456,0.3900337656750121,0.390349210602261,1.6127185917480082,0.7483867158146086,0.4247789199997512,0.9290893229767869,0.003069963253848858,0.013952079754187444,-0.3695794159943009,-0.3356768142064759,0.18462776503326284,0.009051679595478701,-1.239848732107417e-05,0.00036686947362350074,0.00016862896240461966,0.4425630716044887,0.3850982934969912,0.4165874884260085,0.39119186791755406
1071,8.925,1.6689716903371195,0.7432878833450046,0.5,0.9997480087607192,0.018670821629179456,9.957301185708819e-05,0.012462322571800556,-0.3848063312734036,0.346332218851613,0.0,-0.019001819137495487,0.0374123717287979,-2.933809287346766e-06,0.390510743174317,0.39019546532707394,0.3900336782610545,0.3903485337296821,1.610469061296491,0.7497228097760563,0.42490612886369467,0.9291049786145945,0.002369106629783265,0.01383595045701524,-0.36954958060090076,-0.31919254553560705,0.20320987851939476,0.024717117585404402,-0.00031374425055778955,-0.00022038219378511513,0.00016415765138579866,0.4421199912826575,0.3850498563078746,0.41555005655736466,0.3898540206884466
1072,8.933333333333334,1.665771709393601,0.7461555005299648,0.5,0.9997494628273095,0.018589393640591884,0.000253772667927573,0.0124652164046279,-0.3847364299607633,0.3432885376560757,0.0,-0.019162559430668906,0.03709808555317562,-2.903053767794859e-06,0.39050614020636343,0.39019149669716435,0.3900336199634515,0.3903478545437356,1.6082393449401708,0.7509347170273724,0.42505831979307973,0.9291565851068613,0.0013981950949195259,0.013633968884023283,-0.36943226753425606,-0.34035158429537304,0.16619812179196058,0.0022866069345484075,-0.0006970117603552895,0.00032973023717203486,-2.1229618459464416e-05,0.4365302343841,0.3800766171644054,0.41589486188775454,0.3895205736568274
1073,8.941666666666666,1.662572439770749,0.748997838485691,0.5,0.9997508992606413,0.018507320007802152,0.00040665617539123705,0.01246808583635488,-0.38464159830567274,0.3402585550072702,0.0,-0.01931938026750154,0.0367844415155504,-2.8726687178277574e-06,0.3905015648733358,0.39018758625392674,0.3900335902496646,0.3903471730539517,1.590439037743275,0.7603966735832492,0.42583495967252954,0.9292121215330427,-0.0029200834968557063,0.013511898422103904,-0.36928814618054584,-0.31215010074854277,0.17187621030093636,0.00014064480853281935,-1.261385635243415e-05,0.0003553998505557513,-7.611959869804504e-06,0.4441300369368818,0.38628133857056113,0.41568452596534733,0.39082097475706234
1074,8.95,1.659374088099641,0.7518150117833288,0.5,0.9997523182016623,0.018424616972183325,0.0005582264676369074,0.012470931121663264,-0.38452205290168184,0.3372423721426291,0.0,-0.019472311584013077,0.03647147002096145,-2.8426511700648882e-06,0.39049701724793034,0.3901837335373144,0.39003358859274584,0.3903464892721198,1.5882128553483217,0.7614507378285968,0.4259413919739603,0.9292031658473954,-0.003826747836590521,0.013164677854618084,-0.36931493855130904,-0.333999793573847,0.18178071142795904,0.03446724543098578,-0.00022934728065828285,-0.00017945042705566703,0.00023038948509739938,0.43900751603192234,0.384231236782541,0.4212475786334879,0.3932463588902342
1075,8.958333333333334,1.6561768592096078,0.7546071358248706,0.5,0.9997537197907871,0.018341300648640153,0.0007084866023056926,0.012473752512171634,-0.3843780098107936,0.33424008765989405,0.0,-0.01962138337740179,0.03615920094118876,-2.8129981682556643e-06,0.3904924973991112,0.39017993808686774,0.3900336144713219,0.3903458032122147,1.5860043443295708,0.7625105758995655,0.42603181474360385,0.9291535975284454,-0.004277747634913372,0.01326269628533024,-0.36943117621874155,-0.3519417651323131,0.13340855550736386,0.00017101568028365932,-0.0006010674932775588,-0.0002197472557153131,-0.00022607854666407897,0.4314023129695944,0.3813427675099484,0.41777304892985595,0.38514624940068504
1076,8.966666666666667,1.6529809561327504,0.7573743268212615,0.5,0.999755104167897,0.01825738702539238,0.0008574397590689944,0.012476550256459905,-0.38420968454370263,0.3312517975381767,0.0,-0.01976662570011069,0.03584766361810982,-2.783706767164559e-06,0.3904880053921295,0.390176199441782,0.3900336673695591,0.39034511489034796,1.5838169368892119,0.7636439459739215,0.42612810137737644,0.9292277420994374,-0.004453184913389089,0.01296513258842712,-0.3692531351171896,-0.33447062154385865,0.16587929419513703,0.021892108632254326,-0.00031567424955310366,-0.0004645682615695985,0.0002234831688234708,0.4428301076797994,0.38911538283148983,0.41793069735289723,0.3888638396799805
1077,8.975,1.6497865801086267,0.760116701770679,0.5,0.9997564714723395,0.01817289196378247,0.0010050892374209208,0.012479324600093747,-0.3840172920403953,0.3282775951590459,0.0,-0.0199080686539727,0.035536886867104864,-2.7547740332337697e-06,0.3904835412885487,0.39017251714097145,0.39003374677714137,0.3903444243247009,1.581601003523808,0.7646980751522352,0.4262084229485748,0.9292490672846063,-0.0049268802789512005,0.012721479557382592,-0.369201924100183,-0.31924163153780327,0.16046989260314337,0.01867871965476331,-0.000991538828484336,8.52978859086481e-05,-4.796662668574742e-05,0.43472513744646707,0.3834068777649302,0.41853219407640846,0.38711922192482345
1078,8.983333333333333,1.6465939305890895,0.7628343784369919,0.5,0.9997578218429279,0.018087831198107508,0.001151438454485368,0.012482075785648925,-0.38380104665111175,0.32531757132763583,0.0,-0.020045742384459848,0.03522689898049535,-2.7261970441562608e-06,0.3904791051462756,0.39016889072313204,0.39003385218923714,0.3903437315354648,1.5794690838992345,0.7657441936608854,0.4262487175849236,0.9292152017310195,-0.005699795773573262,0.012698232880063247,-0.36927682852007393,-0.32285492018768736,0.15049941686371415,0.008026055495363726,-0.000464286596809256,0.00013154324562926627,-0.00017149075364273733,0.4355861541013841,0.381741733145177,0.41867897138726956,0.38975138194651104
1079,8.991666666666667,1.6434032052432879,0.765527475328393,0.5,0.99975915541794,0.0180022203354746,0.001296490942837767,0.012484804052735523,-0.38356116211766383,0.3223718142937726,0.0,-0.020179677075013364,0.034917727731006355,-2.6979728897327153e-06,0.3904746970195905,0.3901653197267876,0.39003398310647747,0.39034303654478625,1.5762304279627342,0.7673219798452172,0.42628711873092046,0.9292021665375487,-0.007092998097195115,0.012242561896528956,-0.3693008837765332,-0.3386170422574386,0.14826906493523584,0.008882816454208742,-0.00015476958191913145,-0.0002836703794113668,0.0001974295657278435,0.43811078207365023,0.38374951493687476,0.4197116232149182,0.39131038678179103
1080,9.0,1.6402145999628195,0.7681961116762093,0.5,0.9997604723351189,0.0179160748556798,0.0014402503483416935,0.012487509638022101,-0.38329785155510876,0.3194404097731153,0.0,-0.020309902941447872,0.0346094003752574,-2.670098670833304e-06,0.39047031695917983,0.3901618036903472,0.3900341390349312,0.39034233937670404,1.5740735694507082,0.7683372240664262,0.42631713028785767,0.9292052775953418,-0.007254736980806199,0.012035855339612074,-0.3692967087133963,-0.33029432630429234,0.1478335950192422,0.014920973178328412,-0.0015113154463925126,-5.769727899284854e-05,4.9538199576420723e-05,0.4369609760373681,0.38579604406605494,0.420691596899052,0.38917608650912255
1081,9.008333333333333,1.6370283088670352,0.7708404074138856,0.5,0.999761772731671,0.01782941011110992,0.0015827204280003694,0.012490192775259744,-0.3830113274337746,0.31652344096830826,0.0,-0.020436450226459915,0.03430194365728329,-2.6425714994523283e-06,0.3904659650121574,0.3901583421521772,0.3900343194860678,0.3903416400570917,1.5718667363161656,0.7693885779182029,0.4263557354066651,0.9292425618013886,-0.007780576457748518,0.011646270155196729,-0.3692046700114316,-0.32011357751462466,0.1467657926084165,-0.004338115814789267,-0.00037844962169575726,-6.469063321794064e-06,-0.0004451799415870354,0.43575500276016654,0.3836583806349962,0.41992451487181437,0.3892661796398132
1082,9.016666666666666,1.6338445243084934,0.7734604831561466,0.5,0.9997630567442668,0.017742241326666963,0.001723905047823267,0.012492853695306016,-0.3827018015616352,0.3136209885901401,0.0,-0.02055934919421978,0.03399538381209984,-2.6153884993731624e-06,0.3904616412220965,0.3901549346506492,0.3900345239767351,0.3903409386136032,1.5697705273649267,0.770412165259981,0.4264457130408478,0.929211269079888,-0.007881407966109599,0.01138794642497816,-0.3692893384592058,-0.3350637109421184,0.15065558196996065,0.005285023829970648,-0.00029024237457670783,-6.473237244770545e-05,0.00013267473208261192,0.43862373506561425,0.3855719169295712,0.423395749454397,0.3936281582765602
1083,9.025,1.630663436878553,0.7760564601783374,0.5,0.9997643245090396,0.01765458359971476,0.0018638081807079714,0.012495492626148833,-0.38236948506703516,0.31073313087870386,0.0,-0.0206786301250388,0.033689746569270866,-2.5885468056005643e-06,0.3904573456290641,0.3901515807241893,0.39003475202912374,0.39034023507562376,1.5665941157043644,0.7719357376009485,0.42656836051490976,0.9292379746888414,-0.008442350556017867,0.010968556982460562,-0.36922243142987987,-0.30451169503906694,0.15775455550310902,0.01677296406087936,-0.0007731426563015779,-8.754496198452191e-05,0.00019518134169703907,0.4363656817035173,0.3860664050997205,0.42247587744282317,0.3900824502714167
1084,9.033333333333333,1.6274852354131175,0.7786284603959351,0.5,0.999765576161585,0.01756645190004756,0.0020024339043371456,0.012498109792930218,-0.3820145883817559,0.307859943624561,0.0,-0.020794323310129627,0.033385057156501315,-2.562043564872745e-06,0.39045307826964737,0.39014827991133977,0.3900350031707397,0.39033952947421086,1.559108308815429,0.7753633285569461,0.4267510001886447,0.9292659084328556,-0.009918694775265587,0.01035989281449676,-0.3691329889610068,-0.3149064878354535,0.15379403827053828,-0.004999837264291207,-0.0006236199281890529,5.6347825367466024e-05,-0.0001186867463779693,0.43281756325556037,0.38030167891776206,0.42193795932658484,0.39170113178833826
1085,9.041666666666666,1.6243101069985144,0.7811766063442398,0.5,0.9997668118369609,0.017477861069880127,0.0021397863990909663,0.012500705417969998,-0.3816373212244257,0.3050015001898994,0.0,-0.020906459046448517,0.03308134030327349,-2.5358759356086755e-06,0.39044883917698214,0.3901450317508159,0.3900352769343779,0.39033882184203295,1.5570803672506959,0.7763666169322473,0.42675544431680384,0.9292803124272638,-0.010214031655403712,0.010047652868567718,-0.3690973031116078,-0.32793928314653886,0.14072445373128906,0.010024665867897076,-0.0002952454988095923,-1.0599253115339303e-05,1.1903993146923593e-05,0.4352838950018905,0.3860526789011325,0.42677508500994976,0.3932991334315189
1086,9.05,1.6211382369775098,0.7837010211582417,0.5,0.9997680316696869,0.017388825823859016,0.002275869945975009,0.012503279720789365,-0.3812378925842698,0.30215787152968465,0.0,-0.021015067631629768,0.03277862024450142,-2.510041088012063e-06,0.3904446283807982,0.3901418357815458,0.3900355728580963,0.3903381122133172,1.5548952171058041,0.7773274834190458,0.4267591204247031,0.9292472529064089,-0.010411030933208346,0.01003574513076016,-0.36917534752536113,-0.27096031005184873,0.14295894275406784,0.021620836259772513,-0.0016585679472598486,0.00041543408453406097,0.0002497937250165742,0.4341433764659318,0.3854655897024047,0.42312270779443895,0.3891217046743162
1087,9.058333333333334,1.617969808955457,0.7862018285526662,0.5,0.9997692357937432,0.0172993607490946,0.0024106889245637452,0.012505832918134376,-0.38081651070519784,0.29932912621279967,0.0,-0.02112017935899196,0.03247692072418898,-2.4845362023095214e-06,0.3904404459074366,0.3901386915427278,0.39003589048516973,0.39033740062381406,1.5528266145993546,0.7782885818222404,0.42672979688414037,0.9293128346374573,-0.010960574448718906,0.009769583966584434,-0.3690014585539846,-0.31325070155070467,0.14974542383456857,0.0038809914457815786,-0.00013374864480890494,-7.84562464134357e-05,-0.00010528823390219821,0.43171633691707956,0.37590099848834974,0.42128311741625907,0.3943285121516004
1088,9.066666666666666,1.614805004806581,0.7886791528021899,0.5,0.9997704243425707,0.017209480305213708,0.002544247810959514,0.012508365223999344,-0.380373383070223,0.296515330443174,0.0,-0.021221824512629637,0.032176264999111366,-2.459358471688976e-06,0.390436291779877,0.39013559857389923,0.3900362293640597,0.39033668711073843,1.54765001442733,0.7806750459428268,0.42662061441604066,0.9293013520106007,-0.012422746102925817,0.009353721484690075,-0.3689948243877125,-0.34086156603740925,0.14435630380670306,0.009908281537640562,0.00017224626904851839,6.432587010175595e-05,4.828461618130088e-05,0.4334344944620904,0.3844371182450713,0.4256746315473125,0.39202525902713325
1089,9.075,1.611644004680387,0.791133118721836,0.5,0.9997715974490703,0.01711919882443228,0.0026765511757672923,0.01251087684965013,-0.3799087163862152,0.2937165480808943,0.0,-0.021320033362604376,0.0318766758425477,-2.434505101377659e-06,0.3904321660177853,0.3901325564149632,0.39003658904840477,0.3903359717127017,1.5455316261788519,0.7816000216572465,0.4266471934019598,0.9293037409329673,-0.012549438873879682,0.009170359776698592,-0.36898912338104095,-0.3248785441189783,0.14582461893608567,0.01197967251238552,0.00023935648975394912,-0.00042497479469334607,7.000441485052442e-05,0.4316056307247202,0.38743707388301313,0.42590547942506024,0.38743313676049906
1090,9.083333333333334,1.6084869870081926,0.793563851647548,0.5,0.9997727552456025,0.0170285305116478,0.002807603682085354,0.012513368003647354,-0.3794227165689841,0.2909328406632923,0.0,-0.021414836160192283,0.031578175547994455,-2.4099733071614128e-06,0.3904280686375495,0.39012956460623516,0.3900369690969742,0.39033525446967765,1.5434988131857545,0.7825120281574696,0.42654065373721234,0.9293304113862575,-0.012640912041101182,0.009081813674000664,-0.36892101387127463,-0.30088776277639173,0.1369673598729304,-0.0016310170599942442,-0.00025027532181845253,-0.00019262320687179034,0.00023695366002795005,0.4308084774485565,0.3850387922587376,0.4259611320294567,0.3890312219146785
1091,9.091666666666667,1.6053341285097886,0.7959714774169329,0.5,0.999773897863987,0.016937489444551247,0.0029374100835115606,0.012515838891869498,-0.37891558872868597,0.2881642674260141,0.0,-0.021506263133232787,0.03128078593290097,-2.3857603158371297e-06,0.39042399965229363,0.39012662268851234,0.3900373690736292,0.39033453542295704,1.541430396782628,0.7834553537108049,0.42657837399432513,0.9293870544524094,-0.012281978203611156,0.008704442681563061,-0.3687995237324522,-0.3072634008438824,0.12645876085995988,0.009310403048473637,-0.0006952550936235469,-0.00019912074277731828,0.00021659904930823633,0.434157063305019,0.38415235423113736,0.4270312253125818,0.39437544953186005
1092,9.1,1.6021856042002154,0.7983561223501837,0.5,0.9997750254355016,0.016846089573758008,0.003065975222165713,0.012518289717535928,-0.378387537155556,0.28541088532406056,0.0,-0.021594344481551033,0.030984528342442304,-2.3618633664060232e-06,0.3904199590719081,0.39012373020312524,0.3900377885472932,0.3903338146150989,1.5391979509525648,0.7848894740433402,0.42636348594404616,0.9296149102989065,-0.011619025474972426,0.009052457306531196,-0.36823792555042645,-0.30942601203947095,0.15228508404020458,-0.005357268126532366,-0.00011391322218436221,6.67234389923404e-05,-2.9994026567711672e-05,0.4338782150185653,0.3836478698286696,0.423705055309915,0.39134609548719035
1093,9.108333333333334,1.599041587396659,0.800717913231177,0.5,0.9997761380908826,0.016754344722957698,0.003193304026727844,0.012520720681229806,-0.37783876530596183,0.28267274905279866,0.0,-0.021679110372462833,0.030689423653296674,-2.3382797107343416e-06,0.39041594690310577,0.3901208866919622,0.390038227091931,0.39033309208986894,1.537167014010621,0.7857603099508,0.4263120448226693,0.9296340895551192,-0.011822358683587527,0.008865019100071333,-0.36818759187204647,-0.3086034975604779,0.1293562510350843,0.013984995952570634,-0.0008844659396911979,-3.5982532128431185e-05,-2.0347101692363735e-05,0.43340398210517794,0.38621929091974994,0.4289947056523865,0.3936403466690855
1094,9.116666666666667,1.5959022497254582,0.8030569772887461,0.5,0.9997772359603241,0.016662268589082225,0.0033194015104925957,0.01252313198092091,-0.37726947578877573,0.2799499110689393,0.0,-0.021760590936363674,0.030395492277424788,-2.315006610783773e-06,0.3904119631494519,0.3901180916975172,0.39003868428650995,0.3903323678922021,1.5351597204789422,0.7866714738001932,0.42632793807581904,0.9296788168887805,-0.012029062515415865,0.008603375030737296,-0.3680741515256919,-0.29360952824486475,0.13017515050831596,0.0015853017947042858,0.00016447586466645378,-0.0004037433540050177,0.000259036557815815,0.43297033661182244,0.3830239212675284,0.4231155608444021,0.3905336582600158
1095,9.125,1.5927677611292286,0.8053734421781251,0.5,0.9997783191734771,0.016569874742492056,0.0034442727694395446,0.012525523811988378,-0.3766798703520608,0.2772424216114831,0.0,-0.021838816262387286,0.030102754165867506,-2.292041340299115e-06,0.39040800781137974,0.3901153447629525,0.3900391597149587,0.39033164206816606,1.5330896969615455,0.7875923015949956,0.42628932421778665,0.9296615315176859,-0.012066267693868383,0.008595727636733047,-0.3681167687929009,-0.2902870547488723,0.12786162034583715,-0.011977935733098466,0.0005731385551332187,-0.0002528723265005495,0.00028826210263373247,0.43463445317130084,0.38331412941972515,0.4254189472275597,0.3942497724538346
1096,9.133333333333333,1.5896382898740948,0.8076674359625705,0.5,0.9997793878594492,0.016477176627180158,0.0035679229803197584,0.012527896367243316,-0.3760701498700721,0.27455032872262547,0.0,-0.021913816394150413,0.02981122881256423,-2.2693811850569906e-06,0.390404080886233,0.39011264543213864,0.3900396529661429,0.39033091466490283,1.531074076951592,0.7884560194186705,0.42624386350554133,0.9296371223762468,-0.01224471805979905,0.008505918196566601,-0.368174601154507,-0.30743846779002215,0.1271058216095744,0.005126426989410238,0.0010319707871500213,-0.000291454835195339,0.0003283510473579607,0.43720132890224617,0.3851101134012706,0.42736486092716036,0.39697959567004215
1097,9.141666666666666,1.5865140025570288,0.8099390870951554,0.5,0.9997804421468041,0.016384187560993427,0.0036903573987584638,0.012530249836951357,-0.375440514330567,0.27187367826862285,0.0,-0.021985621325579185,0.02952093525818339,-2.247023442412759e-06,0.39040018236830576,0.39010999324969586,0.39004016363383137,0.3903301857305833,1.5290367834513434,0.7893402419018717,0.42624609773954786,0.929677726079137,-0.012580430678080857,0.00830187553549349,-0.368065398073321,-0.2955632890428106,0.1348084601905386,-0.010445196107611299,8.9182418026349e-05,-6.035319705290097e-05,0.00012180149650451019,0.434338768297819,0.3845724109188486,0.4246687582845835,0.39198236445899376
1098,9.15,1.5833950641132892,0.8121885244007397,0.5,0.9997814821635619,0.016290920735871108,0.0038115813573740423,0.0125325844088551,-0.3747911628224249,0.2692125139606118,0.0,-0.022054260996814037,0.029231892093954274,-2.22496542112878e-06,0.3903963122488734,0.39010738776103426,0.3900406913166566,0.3903294553143762,1.5270153902232684,0.7901907626985148,0.4260970917751989,0.9296661845729391,-0.012710056050015144,0.008262504506466541,-0.3680909816282924,-0.30197847641186826,0.1325390221582068,-0.010170143674498311,0.0010729316528691785,-0.00026749429175346146,0.00015982601460286597,0.43546576158511274,0.3854513884448104,0.4286432763174894,0.39614055947533194
1099,9.158333333333333,1.5802816378239681,0.8144158770581115,0.5,0.9997825080371974,0.016197389218100003,0.003931600263913128,0.012534900268196446,-0.3741222935235702,0.26656687737538554,0.0,-0.022119765290178423,0.0289441174654977,-2.20320444185016e-06,0.3903924705162241,0.39010482851239714,0.3900412356180817,0.3903287234664046,1.5250395317538985,0.7910658397423939,0.4260281833381425,0.9296608897743325,-0.012774237643313986,0.008064475561749338,-0.3681065241347164,-0.3134919240194378,0.1283262192631751,0.006859763227684557,0.00010708462014345198,-0.00029062382956563586,0.00020055824479778397,0.4357174805739168,0.386300287882542,0.4284356838178422,0.39536897305015734
1100,9.166666666666666,1.577173885323635,0.8166212745822996,0.5,0.9997835198946403,0.016103605948586185,0.004050419599402025,0.01253719759773885,-0.3734341036891976,0.2639368079761207,0.0,-0.02218216402623585,0.02865762907668048,-2.181737837026257e-06,0.3903886571556989,0.3901023150509098,0.3900417961463733,0.3903279902376873,1.5230154317899223,0.7919474333484854,0.4259934543906445,0.9297090503998525,-0.012584919533595976,0.008033758405925795,-0.3679920653095834,-0.3096964507016686,0.12887053846232233,-0.008073979998612923,-0.0004108564629352238,0.0001228582702972782,-1.7023314826311908e-05,0.4332610348943439,0.3851136053162858,0.4253695190493716,0.39104428747548287
1101,9.175,1.5740719666080771,0.8188048468070611,0.5,0.9997845178622751,0.01600958374314276,0.00416804491631442,0.012539476577789485,-0.37272678964029776,0.2613223431330519,0.0,-0.02224148695993505,0.028372444193485426,-2.160562950228066e-06,0.3903848721497181,0.39009984692462274,0.3900423725145577,0.3903272556801124,1.520997993781355,0.7928084436132262,0.42581073571027184,0.9296884357446455,-0.012978028139238724,0.007945151142543726,-0.3680324140637796,-0.30036179072714386,0.11890197467725461,-0.000911799716196704,0.00011739488306169318,0.0001241370644462979,8.38066731259682e-05,0.4356770780977645,0.38707698595118517,0.4279255830596299,0.3940176626880057
1102,9.183333333333334,1.5709760400421313,0.8209667238675428,0.5,0.9997855020659399,0.015915335292793358,0.004284481836755526,0.012541737386221295,-0.3720005467524805,0.25872351814409095,0.0,-0.02229776377680425,0.028088579647867477,-2.1396771378517183e-06,0.3903811154778272,0.3900974236825327,0.3900429643403943,0.3903265198463968,1.5190040220823062,0.7936569579578291,0.4257766191545649,0.9297496071928222,-0.012481287968962917,0.007936041293100406,-0.367895235935481,-0.2883654512581435,0.12273829438153028,-0.006202624793133493,-0.00013856715967613988,7.026027511188208e-05,7.25112501644422e-05,0.4355594029446356,0.3847388767345392,0.4257304881126935,0.3940458654492251
1103,9.191666666666666,1.5678862623676135,0.8231070361831091,0.5,0.9997864726309263,0.015820873164091292,0.0043997360506623975,0.012543980198494948,-0.37125556944509003,0.2561403662553925,0.0,-0.022351024089235234,0.027806051841609357,-2.119077766393122e-06,0.39037738711672854,0.3900950448746406,0.39004357124633726,0.3903257827900384,1.517020790096636,0.7945478710623628,0.42564468155732704,0.9297701490486506,-0.012405773209081017,0.007999399245240981,-0.36784450021829895,-0.27457570917119867,0.14583175298593654,0.005832725595478205,0.0006199639918767236,-0.0004359415485476904,8.290900705542649e-05,0.43627549158431733,0.3841845630743993,0.4266723119123053,0.39627913115684943
1104,9.2,1.5648027887113338,0.825225914440343,0.5,0.9997874296819791,0.01572620979945369,0.004513813314020674,0.012546205187680718,-0.3704920511706125,0.25357291868185944,0.0,-0.0224012974328518,0.0275248767502159,-2.098762215077695e-06,0.39037368704029957,0.390092710052001,0.39004419285949177,0.39032504456528844,1.5062093137639543,0.7992742859810901,0.42530788330364755,0.9298522029384749,-0.012286528273728154,0.0077408355488434,-0.36764657128613326,-0.3072660806623828,0.11351852950004515,-0.0009626474089363679,3.438644363351569e-05,-0.00011483119167532202,-9.540164854514664e-05,0.4314387171975429,0.38027557608852175,0.4273389072711298,0.39600002416833335
1105,9.208333333333334,1.561725772593197,0.8273234895762214,0.5,0.9997883733432957,0.01563135751751059,0.004626719447097806,0.012548412524480242,-0.36971018440437414,0.251021204627585,0.0,-0.022448613262933632,0.02724506992678459,-2.078727875697733e-06,0.39037001521965814,0.3900904187667278,0.39004482881159747,0.39032430522709977,1.4955071405017293,0.8039725295928416,0.4251395414020392,0.9299547686316132,-0.012566571067684669,0.007126229810229941,-0.36739001951552175,-0.27936137347943646,0.13657559443150946,0.001102864527652292,-0.00018090055421270254,0.00016459685504724252,0.00024684015364339,0.436091413782595,0.3876058605871874,0.42549847260257806,0.39162985533288514
1106,9.216666666666667,1.5586553659343898,0.829399892761455,0.5,0.9997893037385254,0.01553632851346853,0.0047384603326924915,0.012550602377248194,-0.36891016063452237,0.24848525130623395,0.0,-0.02249300095092394,0.02696664650587438,-2.058972150078414e-06,0.39036637162318694,0.39008817057204676,0.3900454787389838,0.390323564831097,1.4935626323519822,0.8048133907074821,0.4250689357963628,0.9300026385606539,-0.01289991996778331,0.007046366511421133,-0.3672588093620535,-0.2935258052729761,0.11502767800141145,0.011184570200928334,-0.00016621208849056977,0.00024032049336155176,0.00013884611104713541,0.4315448121009831,0.38537401924900466,0.4292168628699974,0.3930229723604561
1107,9.225,1.5555917190656527,0.8314552553840001,0.5,0.9997902209907694,0.015441134859488429,0.004849041914400587,0.01255277491201387,-0.36809217035229186,0.2459650839613568,0.0,-0.02253448978100806,0.02668962120739076,-2.0394924522825235e-06,0.3903627562165539,0.390085965022347,0.3900461422825295,0.39032282343354063,1.4887901045800704,0.8068578907893841,0.4249957738487427,0.9300352609913878,-0.013697964923600533,0.00702310601094086,-0.3671477291930214,-0.26882067653495323,0.1301433049092915,-0.018847336535121606,-8.912861315732982e-05,-0.00012600801616769643,-5.575146814537978e-05,0.4324682545204767,0.38559795118396956,0.42520122392053566,0.3897527755462906
1108,9.233333333333334,1.5525349807356283,0.8334897090327382,0.5,0.9997911252225807,0.01534578850507735,0.004958470194897354,0.012554930292502667,-0.36725640304255047,0.2434607258866364,0.0,-0.022573108946766927,0.026414008340479037,-2.020286207981073e-06,0.39035916896275674,0.3900838016732083,0.39004681908763034,0.3903220810912927,1.4859810692095017,0.8081374128938152,0.4248984530150956,0.930085620978337,-0.013739322178145927,0.007024089415293124,-0.367018570161392,-0.31126082263599475,0.1292354838757448,0.006305419083046937,-8.613639660450673e-05,-0.00025049402277441216,9.54944753014458e-05,0.43456330242192037,0.3874872506213324,0.43293504224411783,0.39762568731882986
1109,9.241666666666667,1.5494852981192846,0.8355033854813282,0.5,0.9997920165559625,0.015250301277493907,0.00506675123423623,0.012557068680157457,-0.3664030471746243,0.24097219844606138,0.0,-0.02260888754789754,0.026139821807398166,-2.001350855661754e-06,0.3903556098221676,0.3900816800814269,0.3900475088041651,0.39032133786177875,1.4839891601433453,0.8090060222952087,0.4248903427256988,0.9301068683722622,-0.013271379512563746,0.006785082996125019,-0.3669864391790417,-0.2609590703130049,0.1044540262154725,0.0014673082977645358,-0.000982889057856837,0.0005997707811193024,0.00012093399821503421,0.430473423429742,0.3890447342691554,0.4289786840189837,0.38813945625104357
1110,9.25,1.5464428168264195,0.8374964166722196,0.5,0.9997928951123685,0.015154684882167039,0.0051738911481637746,0.012559190234159873,-0.36553229019339606,0.23849952109403114,0.0,-0.022641854587007244,0.025867075107393757,-1.982683844782866e-06,0.39035207875256656,0.39007959980505574,0.390048211086464,0.3903205938029472,1.4821678171166897,0.8097929409565234,0.4248890556717929,0.9301344525227121,-0.013634949667738146,0.0067311860529135365,-0.36690418301261474,-0.279382562891195,0.13228769762109183,-0.009783752750708308,-0.0007986863225455224,9.559533302254937e-05,-4.4737043048900174e-05,0.4346272462499225,0.3836242628390556,0.4262746548408977,0.3949309576605228
1111,9.258333333333333,1.543407680910236,0.8394689347008376,0.5,0.9997937610127027,0.015058950903127798,0.0052798961064511275,0.012561295111451515,-0.3646443185106765,0.23604271139538385,0.0,-0.022672038966482223,0.025595781340592098,-1.9642826366320044e-06,0.39034857570916776,0.39007756040344455,0.39004892559326804,0.3903198489732411,1.4803126695217539,0.8106066228410798,0.4249380135258209,0.9301640678908685,-0.013836197510915395,0.006594677393742273,-0.36682404047884265,-0.2742498362287682,0.11212855385516196,0.0023182619221961964,-0.00037252413224050067,9.942708385520703e-05,-1.9302933905750235e-05,0.4326087901964738,0.38773025462678345,0.43193290021275876,0.3945035908943537
1112,9.266666666666666,1.5403800328759853,0.8414210717999335,0.5,0.9997946143773188,0.014963110803453868,0.005384772331241801,0.012563383466755021,-0.36373931749684646,0.23360178504534795,0.0,-0.022699469485416672,0.025325953211873777,-1.94614470417243e-06,0.3903451006446622,0.3900755614372685,0.3900496519876942,0.3903191034315662,1.478396511731663,0.8114760517382715,0.4249633656512103,0.9301587198731317,-0.013994312175356741,0.006545569959665105,-0.3668324830009179,-0.27871132794750064,0.11868946922435342,0.01077851845271982,-0.0002277154318913578,-0.0001756538017259717,0.00014352555370924093,0.43302115174653155,0.38514089910710225,0.42759259054919063,0.3931886443741304
1113,9.275,1.537360013689682,0.8433529603241012,0.5,0.9997954553260193,0.014867175925726587,0.005488526095415806,0.012565455452595083,-0.3628174714727646,0.2311767558894153,0.0,-0.02272417483662149,0.02505760303474812,-1.9282675321950727e-06,0.39034165350925454,0.3900736024685617,0.390050389937196,0.3903183572372591,1.4764843460901724,0.8123013521570482,0.42496261293427556,0.9301528792463878,-0.014222120483461807,0.0065794601553397156,-0.36683792500595264,-0.28602377645674526,0.12169366253057534,0.01834002352410491,3.458787586123968e-05,-0.00041581655968353254,4.1648605555424974e-07,0.4305631745959194,0.3843507478511156,0.4271958104512444,0.3911449651729579
1114,9.283333333333333,1.534347762786881,0.8452647327344583,0.5,0.999796283978056,0.014771157492500067,0.005591163720970122,0.012567511219319327,-0.36187896370194017,0.2287676359431335,0.0,-0.02274618360369263,0.02479074273522055,-1.910648617382501e-06,0.39033823425069636,0.390071683060747,0.3900511391135333,0.3903176104500523,1.4746394888711047,0.8130715549374429,0.4249950533597944,0.9301823842110413,-0.01450272130679251,0.0062811618387951735,-0.36675734509906566,-0.28216348266478786,0.11802269689110689,0.005918013462780092,9.351949237106698e-05,-1.3795146486119146e-05,-3.473191105498529e-05,0.4287092759409284,0.38392893221946267,0.42659000427540283,0.38908101091345093
1115,9.291666666666666,1.5313434180815264,0.8471565215834913,0.5,0.9997971004521283,0.01467506660678229,0.005692691577415423,0.012569550915119127,-0.3609239763829668,0.2263744354118171,0.0,-0.022765524258153064,0.024525383855663087,-1.893285467920126e-06,0.39033484281431974,0.39006980277867953,0.3900518991927282,0.3903168631300454,1.4689987793193964,0.8155499250607864,0.42503772876707496,0.9302249810059745,-0.014158456167741576,0.005810488470432051,-0.36667050747928376,-0.27901411000839094,0.11877367098325209,-0.014145181843772114,0.0003088401094684606,-0.0003700397513708642,0.00010305405416291324,0.4308789704476776,0.385554450102382,0.428538101682556,0.39157521240680765
1116,9.3,1.528347115974853,0.8490284595000661,0.5,0.9997979048663845,0.014578914252527705,0.005793116080189176,0.012571574686050305,-0.3599526906422157,0.2239971627101721,0.0,-0.022782225156666978,0.024261537558681406,-1.876175605041244e-06,0.390331479143083,0.3900679611886601,0.3900526698550416,0.39031611533766813,1.462440089920303,0.8183766791124149,0.42503760304468474,0.9303048133752619,-0.013260400646160277,0.00499641980933391,-0.36651350831123714,-0.2800287793335521,0.1206600239076483,-0.004743549092323107,0.0002816512421110013,-0.0001217783334960899,-0.00012310711352998325,0.4338151320018454,0.3895414383672568,0.4322294649886264,0.3942651213039453
1117,9.308333333333334,1.525358991364352,0.8508806791746013,0.5,0.9997986973384196,0.014482711295141188,0.005892443689084945,0.012573582676053728,-0.3589652865267851,0.22163582448183608,0.0,-0.022796314538306175,0.023999214630962346,-1.859316560113406e-06,0.3903281431776014,0.3900661578584705,0.39005345078492903,0.3903153671336577,1.4606459688104907,0.8191926773264511,0.42507612692561725,0.9303297796198425,-0.01256978727825638,0.004740022607604941,-0.36647787625715456,-0.26394789304717836,0.13139979588162598,0.018492539893222304,0.00036479625642444116,-0.0005939614027692888,0.0001197769020577724,0.43201508020614504,0.38975736881092027,0.43091598491465655,0.3909354867455832
1118,9.316666666666666,1.5223791776527964,0.8527133133444019,0.5,0.9997994779852766,0.014386468481993068,0.005990680906697913,0.01257557502697584,-0.35796194299770223,0.21929042561883028,0.0,-0.022807820521894156,0.023738425487126957,-1.8427058775197388e-06,0.3903248348561779,0.3900643923574146,0.39005424167100156,0.39031461857902905,1.458775549483066,0.8199900660600518,0.4249975898764915,0.9303415365005289,-0.01236298146219427,0.004638505458072099,-0.3664563635936972,-0.2725860494478205,0.11500343038622907,-0.010848088136033995,0.0002240118321865603,-0.00016577308034363737,3.6984214262601385e-05,0.4270970767520968,0.38415017898639775,0.4278825205720531,0.38861191721315685
1119,9.325,1.5194078067573173,0.8545264947791573,0.5,0.9998002469234445,0.014290196442944875,0.006087834276886641,0.012577551878589041,-0.3569428379233774,0.21696096928092123,0.0,-0.0228167711034168,0.023479180173576933,-1.8263411128218734e-06,0.39032155411485225,0.3900626642563316,0.3900550422060003,0.39031386973503646,1.4569438484489525,0.820814674821565,0.4250128974069278,0.930354456350215,-0.012384552760803257,0.0043012881772460446,-0.36642694677415194,-0.304311377797406,0.11686212424908415,-0.008715883814497394,-0.00010704249823610143,-5.28051791232975e-05,-0.00018896275254785504,0.43415181013230164,0.390317729387295,0.4307363206614013,0.392367630337036
1120,9.333333333333334,1.5164450091185362,0.8563203562665991,0.5,0.999801004268859,0.014193905690885583,0.006183910383250972,0.012579513368612032,-0.35590814807330545,0.21464745691489168,0.0,-0.022823194153490017,0.023221488372327844,-1.8102198330868314e-06,0.39031830088741937,0.39006097312764004,0.3900558520867442,0.39031312066316454,1.4550452503188094,0.8215995582654146,0.4250647791156009,0.9303713056189991,-0.012141628806847994,0.004019762412061468,-0.36639549129440274,-0.2714634000098082,0.12028047014059906,-0.03396111488587761,2.893952948041024e-05,0.00011368673462277333,0.0001195064652592444,0.4332461942045393,0.39433991031701104,0.4310769333446401,0.38776611916770354
1121,9.341666666666667,1.5134909137097465,0.8580950305983187,0.5,0.9998017501369019,0.014097606622278127,0.006278915847626081,0.012581459632730012,-0.35485804911201324,0.21234988827371828,0.0,-0.02282711741489788,0.022965359404833,-1.7943396186096599e-06,0.39031507510548014,0.390059318545353,0.390056671014103,0.3903123714250897,1.4531347313028977,0.8223079127797718,0.42498575269263905,0.9303232948622231,-0.012571908531775864,0.003935832313096963,-0.36650378357742636,-0.2570331611244647,0.13178614127373756,-0.02039978963109812,-0.0005244998271666118,-0.00020134267617183928,4.5559704682002816e-05,0.4369162873243775,0.3943905905766648,0.43555625644672313,0.3958589829364625
1122,9.35,1.5105456480461497,0.8598506505557446,0.5,0.9998024846424002,0.014001309517715797,0.006372857328592558,0.012583390804614798,-0.35379271559324926,0.21006826143565538,0.0,-0.022828568500190178,0.022710802235798182,-1.7786980607757642e-06,0.39031187669847806,0.39005770008510415,0.39005749869297174,0.39031162208264303,1.447556183979419,0.8247132583155552,0.42487170989212,0.9303467348669541,-0.012494680445208522,0.0032431581481173347,-0.3664537048635147,-0.2989867947497338,0.11993462604357186,-0.014747638151862974,-6.100665327660327e-05,-0.00020471796430323656,-0.00012027114109615619,0.43298381191256313,0.3901799310792068,0.43490893250224655,0.395468859128717
1123,9.358333333333334,1.507609338194133,0.8615873488962768,0.5,0.9998032078996266,0.013905024542488433,0.006465741520002568,0.012585307015944852,-0.35271232095441346,0.20780257282322326,0.0,-0.02282757488934783,0.022457825477002043,-1.7632927624700316e-06,0.39030870559372866,0.3900561173241857,0.39005833483222213,0.3903108726977923,1.4458001358221897,0.8255016236806302,0.42486999889342186,0.9303797329167779,-0.01196749342423143,0.0029165374253603735,-0.36639026391034546,-0.2728681001058497,0.14552946158912228,-0.013171183919458151,5.3465157752169065e-05,-0.0005547540625183127,0.00017962141694151778,0.4330801458857499,0.39597254515166125,0.4332823014931467,0.3881774496598313
1124,9.366666666666667,1.5046821087805926,0.8633052583395829,0.5,0.999803920022298,0.01380876174715791,0.006557575149522077,0.012587208396425194,-0.35161703751122614,0.20555281722209565,0.0,-0.02282416392751273,0.022206437391091825,-1.7481213380771024e-06,0.39030556171645137,0.390054569841569,0.39005917914465793,0.39031012333263365,1.4439318929384257,0.8263589166286472,0.4248098348806609,0.9304262479885093,-0.011699661844256855,0.002574159383393615,-0.36628334478955504,-0.29194762319209033,0.09755468423764402,-0.008910347425794551,-0.0004933859519161541,2.887467125998149e-05,-0.00011724807667141746,0.4295367320550599,0.3925332880194649,0.4359798831274221,0.39079719148159403
1125,9.375,1.5017640830023034,0.8650045115540483,0.5,0.9998046211235763,0.013712531068142908,0.006648364977188953,0.012589095073807243,-0.3505070364526302,0.20331898779989177,0.0,-0.022818362822763026,0.02195664589535478,-1.7331814153356806e-06,0.3903024449898117,0.3900530572179293,0.39006003134698747,0.390309374049355,1.442050799060519,0.82705065016061,0.4247059473279406,0.9303649988788965,-0.011882701777323977,0.0023352752225296665,-0.3664346009169675,-0.2928546706488344,0.10779657098031192,-0.004381595804631155,-0.00033998606187094074,7.759646437892145e-05,-0.00012683356718309126,0.43517498635384616,0.39490029776833757,0.4293260964843855,0.3873845999755146
1126,9.383333333333333,1.498855382635331,0.8666852411433793,0.5,0.9998053113160672,0.013616342328312596,0.006738117793986915,0.012590967173908521,-0.34938248783592496,0.20110107612486794,0.0,-0.02281019864396994,0.021708458565505705,-1.7184706337141828e-06,0.3902993553349682,0.3900515790356641,0.3900608911598056,0.3903086249101854,1.4402437950653764,0.827882195294175,0.4246031437636349,0.9303939926643207,-0.011786449919069781,0.002193648093704164,-0.3663649627359177,-0.27881660338433534,0.11720638586942833,-0.013875929140289012,-0.000516415194576833,-3.475099650409245e-05,-0.00011516209174638248,0.43274407178703517,0.39451310745791035,0.4302279808074051,0.3862215580336727
1127,9.391666666666666,1.495956128044479,0.8683475796333678,0.5,0.9998059907118202,0.013520205237588883,0.006826840420435476,0.012592824820632292,-0.34824356058213213,0.19889907218450478,0.0,-0.022799698318711235,0.021461882639462113,-1.703986642966743e-06,0.3902962926710942,0.39005013487892426,0.39006175830753764,0.39030787597740146,1.4383820527149698,0.8286702478944422,0.42459241951192456,0.9304314176345377,-0.011560563599915506,0.00204639558231398,-0.36627795826797643,-0.286864107703666,0.10973279180801487,-0.004232335446141544,-0.00020612655097970823,3.598056019243902e-05,-1.9675047675099583e-05,0.43308205053303594,0.3942933652631957,0.4329900360891204,0.3895428372105289
1128,9.4,1.4930664381927734,0.8699916594588087,0.5,0.9998066594223278,0.01342412939355715,0.006914539705195643,0.012594668135987096,-0.34709042247158745,0.19671296440399205,0.0,-0.022786888631229237,0.021216925021080357,-1.6897271054036947e-06,0.3902932569154079,0.3900487243336442,0.3900626325183907,0.39030712731331474,1.4273143581119863,0.8333630613022815,0.4242594463266809,0.9304543543941866,-0.011931223647721237,0.0013596431196848027,-0.36621099336550866,-0.2685088467765384,0.09652178178194415,-0.013164692178446735,-0.0005842234439491037,5.438317501502584e-05,-7.934979142321069e-05,0.4325850829748701,0.3940203140749905,0.4303528461111688,0.3867270983222979
1129,9.408333333333333,1.4901864306509884,0.8716176129505666,0.5,0.9998073175585258,0.013328124282085175,0.00700122252369127,0.012596497240106176,-0.34592324013975634,0.1945427396646112,0.0,-0.022771796220466618,0.020973592283892766,-1.6756896964182765e-06,0.390290247983227,0.39004734698754906,0.3900635135243467,0.39030637898021847,1.4255353264274757,0.8341521529667498,0.42420078679589973,0.9304580493785649,-0.01182211584436956,0.0013252064025366416,-0.3662052699669804,-0.26165366450117133,0.13108021635335199,-0.014538110462164466,0.0007736876847573541,-0.00022491200061077135,9.47333462025834e-05,0.43456931704781815,0.3952269004025296,0.43150721122192076,0.38865978014707003
1130,9.416666666666666,1.4873162216072027,0.8732255723227988,0.5,0.9998079652307927,0.013232199277949877,0.007086895776746168,0.012598312251266808,-0.3447421790732718,0.19238838332201033,0.0,-0.02275444757814792,0.02073189067484375,-1.661872101599727e-06,0.39028726578799117,0.3900460024301918,0.39006440106111356,0.39030563104037636,1.4237018960670327,0.8349466219134094,0.42418497373050473,0.9304635072336427,-0.011754055735198027,0.0014796269246826145,-0.3661930018233644,-0.27815989770696437,0.10769376598935843,-0.012720808357663538,-0.000408888766365426,8.65123950052e-05,-0.0002757981609179171,0.4303857945077671,0.3945015814761847,0.4359287194087509,0.38965916259017314
1131,9.425,1.4844559258763868,0.8748156696603308,0.5,0.9998086025489482,0.013136363645471855,0.007171566389236847,0.012600113285909535,-0.34354740360619257,0.1902498792243728,0.0,-0.022734869046933046,0.020491826118003795,-1.648272020031644e-06,0.39028431024129706,0.39004469025297395,0.3900652948680776,0.3903048835560145,1.4219069697383842,0.8357465371600682,0.42414989530367964,0.9305014570150046,-0.01164280888870453,0.0014859527931765791,-0.3661000893723341,-0.2779172196601065,0.11876101118067917,-0.03075995022121525,-0.0005556633423534496,0.0003164374143797372,-0.00017595621328397355,0.43315478413486486,0.39624676929566865,0.43281778968938994,0.3874963986430236
1132,9.433333333333334,1.481605656910018,0.8763880369061813,0.5,0.9998092296222555,0.013040626539157208,0.007255241308760844,0.012601900458657313,-0.34233907691647725,0.18812720973047586,0.0,-0.02271308681861392,0.020253404218251704,-1.6348871628582909e-06,0.3902813812529586,0.39004341004913623,0.3900661946883005,0.39030413658927426,1.4200882605201988,0.8365494782735496,0.4240625368692901,0.9305041610037184,-0.011740728264636614,0.001663399140262661,-0.36608932620042656,-0.2864626056581887,0.12076431914999075,8.951056362782595e-05,-0.0006750370426680407,0.0007500396583655771,-0.00012400636856930167,0.43459399341979116,0.39921328187015304,0.4372872533856095,0.3904898878081587
1133,9.441666666666666,1.4787655268057347,0.8779428058492348,0.5,0.999809846559418,0.01294499700434673,0.007337927504320391,0.012603673882334531,-0.34111736102267165,0.18602035572764497,0.0,-0.022689126932367937,0.020016630264963333,-1.6217152501703876e-06,0.3902784787310079,0.39004216141382503,0.39006710026845093,0.3903033902022133,1.4182489486929832,0.8373360907355512,0.4239511123736648,0.9304646930046571,-0.012363564224907118,0.002092221279711411,-0.36616692909317006,-0.28147023610736177,0.13176721995116214,-0.007712977919599462,-2.6273704171354602e-06,0.0007065567074019084,2.859938921571563e-05,0.4292156643923684,0.395072585346132,0.4324784432757308,0.38444532506558304
1134,9.45,1.4759356463170052,0.8794801081120678,0.5,0.9998104534685803,0.01284948397787191,0.007419631965021718,0.012605433667985973,-0.3398824167808097,0.1839292966495928,0.0,-0.022663015273089008,0.01978150923569011,-1.6087540171424e-06,0.3902756025817365,0.39004094394410266,0.3900680113587695,0.3903026444567912,1.4163800249548968,0.8381662441443892,0.4240430338367023,0.9304768636946794,-0.012814814315152212,0.0023311462047635335,-0.366119041324476,-0.25562800944938235,0.12069793266458184,-0.020255354286313754,-0.000557981341712574,0.0006276939215931528,-0.000196372358223275,0.4287063466212375,0.3951753435482901,0.4355514577532202,0.3869147169285213
1135,9.458333333333334,1.4731161248628242,0.8810000751389211,0.5,0.9998110504573285,0.012754096288717737,0.007500361698789627,0.012607179924895634,-0.338634403881523,0.18185401049414812,0.0,-0.022634777569743615,0.019548045799795893,-1.59600121016351e-06,0.3902727527097588,0.39003975723893225,0.3900689277130599,0.39030189941482607,1.4148119471190412,0.8389176182445158,0.42390571989456177,0.9305073137137782,-0.01306921204883998,0.002528661633292214,-0.36603133840142094,-0.2679491055593619,0.10934572259466702,0.0036220500568839853,6.446828161848861e-05,0.00011965629050639651,0.00010836433850454886,0.4319781275222095,0.3935931533509343,0.43639826434193807,0.3925707951498913
1136,9.466666666666667,1.4703070705374373,0.882502838183818,0.5,0.9998116376326889,0.01265884265869202,0.007580123731097324,0.012608912760605483,-0.33737348084735563,0.17979447384087457,0.0,-0.02260443939380313,0.01931624432209101,-1.5834545868034094e-06,0.39026992901802204,0.3900386008992326,0.3900698490886317,0.3903011551379923,1.412947133529646,0.8396590975477733,0.42380126457448214,0.9304653921932426,-0.014138293782734663,0.002994675952787278,-0.366094652372206,-0.26175288302410227,0.12488398183334581,-0.00646303422869865,0.0009082665178435106,0.00015274102208185842,1.7097513197564207e-05,0.42945495687950697,0.39131113041701787,0.43116791795185305,0.3871849799145225
1137,9.475,1.4675085901200848,0.8839885282988295,0.5,0.9998122151011275,0.0125637317031009,0.007658925103711494,0.012610632280934085,-0.33609980503028436,0.17775066186857405,0.0,-0.02257202615772448,0.019086108866459717,-1.571111917280689e-06,0.3902671314078451,0.3900374745278885,0.3900707752462706,0.39030041168779916,1.4111815209077778,0.8405108710344035,0.42374840919441453,0.9304493630305432,-0.014517074440264193,0.003392807771889672,-0.3661170936205734,-0.2668765327652478,0.11662816017310451,-0.0012311733403436165,0.0001400382640530666,0.0005349571483120273,-3.30834352756505e-05,0.4284244990317753,0.3914891362495198,0.43550230914322524,0.3902732393914066
1138,9.483333333333334,1.4647207890847618,0.8854572763224866,0.5,0.9998127829685505,0.012468771931430507,0.007736772873452583,0.012612338589995163,-0.3348135326094404,0.17572254837267562,0.0,-0.02253756311348102,0.01885764319945876,-1.5589709835638174e-06,0.39026435977896007,0.3900363777297623,0.390071705950205,0.3902996691255702,1.4093684338270265,0.841327910971294,0.4236724075511555,0.9304965136707263,-0.014354981664925139,0.003847707750543467,-0.365999136191727,-0.277208247294225,0.13602966660809512,0.01064965910659299,0.00038089862778227225,-5.027412242126133e-05,0.00022037997305215836,0.42847635398778816,0.3908778759298752,0.4338588201946403,0.38927695597376716
1139,9.491666666666667,1.4619437716099988,0.8869092128683349,0.5,0.9998133413403033,0.012373971748034358,0.007813674110970076,0.012614031790216026,-0.3335148185890303,0.17371010578251003,0.0,-0.02250107535115503,0.018630850793898562,-1.5470295795561614e-06,0.3902616140295465,0.39003531011171316,0.39007264096806876,0.3902989275124295,1.3976730270159143,0.8463869599908087,0.42364213013344204,0.9306239580587151,-0.014521222896947227,0.00583315284020619,-0.3656421161472661,-0.2618591165127748,0.10578950850779201,-0.003817176307174819,-0.0005655791339953106,0.0005106566178159404,5.647735705055326e-06,0.4241212223326766,0.38998395707566913,0.4342068938471863,0.38623644851992045
1140,9.5,1.4591776405886592,0.8883444683136335,0.5,0.9998138903211704,0.012279339452826388,0.007889635899532822,0.01261571198235593,-0.3322038167964527,0.17171330517846747,0.0,-0.02246258779756973,0.018405734832407393,-1.5352855107819458e-06,0.3902588940562575,0.39003427128261864,0.39007358007086307,0.3902981869092905,1.3958158325342993,0.8471738521199093,0.4237796394120189,0.9306678359323995,-0.014782194317425534,0.005893212454467549,-0.36551899531902987,-0.2638565682879568,0.09900767208578243,-0.0066736701101022256,-0.0003992602907102798,0.0007218551187169821,-0.00030112006302814926,0.43010861169555065,0.3906650023814853,0.43316563657068724,0.3905420831272134
1141,9.508333333333333,1.4564224976377524,0.8897631727881953,0.5,0.9998144300153752,0.01218488324197942,0.007964665333834211,0.012617379265524312,-0.3308806798806103,0.16973211630903928,0.0,-0.022422125214981922,0.018182298210977735,-1.5237365957395006e-06,0.39025619975426773,0.3900332608533887,0.3900745230329286,0.3902974473768246,1.3931010518182423,0.8483338250512923,0.4238721720272098,0.9307129424879547,-0.014701555665227316,0.00627612750264237,-0.36540100324165214,-0.28335252770967934,0.11712534329637592,0.015805182530764794,-0.0003513798054013533,0.00020732126240304417,0.00011675970990605928,0.4312649090900375,0.39146467579199345,0.43299539287404937,0.39068093697402273
1142,9.516666666666666,1.4536784431082588,0.8911654561633695,0.5,0.999814960526579,0.012090611208628737,0.008038769518812246,0.012619033737198943,-0.3295455593104129,0.16776650760774164,0.0,-0.022379712199831918,0.017960543542503437,-1.512380663548868e-06,0.39025353101729665,0.3900322784369826,0.39007546963190753,0.3902967089754555,1.389488417674139,0.8498641647607713,0.4239217518599865,0.9307350308284825,-0.014501018461964485,0.006777461350980019,-0.36534379544465484,-0.26024272233446943,0.10533829181488263,0.019467841291398447,5.807031936159389e-05,0.00014860122141932327,7.597373368995684e-06,0.4251288843136293,0.39019646123793783,0.43158582496678327,0.38450917188984884
1143,9.525,1.4509455760949626,0.892551448041166,0.5,0.999815481957882,0.011996531343580629,0.008111955568484385,0.012620675493243982,-0.3281986053734707,0.16581644620991864,0.0,-0.0223353731815267,0.017740473160282894,-1.501215556586684e-06,0.39025088773764827,0.3900313236484241,0.39007641964870476,0.3902959717653491,1.3877344380930536,0.8506500192511549,0.42401390224807645,0.9308385864212354,-0.01395081717110167,0.006855260299535156,-0.3650998577592173,-0.2747130465196923,0.10523234951241855,0.009797666490535262,0.0006785668113859855,0.0002124478229374508,-1.8956324633039823e-05,0.42613706050005157,0.3866336454979796,0.42926695260188535,0.3867221860306949
1144,9.533333333333333,1.4482239944463031,0.8939212777435162,0.5,0.9998159944118216,0.011902651536025767,0.008184230604796987,0.01262230462792791,-0.3268399671749733,0.16388189796942967,0.0,-0.02228913242128778,0.01752208912150818,-1.4902391284005536e-06,0.3902482698062526,0.3900303961048093,0.39007737286746214,0.3902952358063833,1.3850539198073777,0.8518480789880593,0.4240312385730606,0.9308617321852156,-0.013483959526873463,0.00712621068412866,-0.36505319545225595,-0.2772301977208347,0.1354100573077277,0.014798657871312182,0.0008733545235151438,0.00011851505208202721,0.0001276955764687611,0.4281276779729826,0.3903619989745234,0.4305269425770274,0.386306156326286
1145,9.541666666666666,1.4455137947742265,0.8952750743016743,0.5,0.9998164979903724,0.011808979574256997,0.008255601756489397,0.012623921233941396,-0.3254697926367547,0.16196282747521365,0.0,-0.02224101401104326,0.017305393210735542,-1.4794492441686435e-06,0.39024567711267905,0.3900294954253414,0.39007832907550777,0.39029450115815634,1.3814447295065884,0.8533385269768092,0.42409876500497024,0.9309227059381542,-0.012998890698492081,0.007526588508419797,-0.36490724146667547,-0.2540009855074743,0.10899953788263694,0.031075659014956347,0.00027768316937545564,-0.0003023231442320113,0.00022517331089622622,0.42355456231226474,0.3898039043760637,0.4332336254648958,0.38503427688404857
1146,9.55,1.4428150724640505,0.8966129664457557,0.5,0.999816992794947,0.011715523146391627,0.008326076157972491,0.012625525402415037,-0.32408822849653895,0.160059198067735,0.0,-0.022191041872366642,0.017090386943338587,-1.4688437831253138e-06,0.39024310954519104,0.3900286212313261,0.3900792880633402,0.39029376787994974,1.3797070648577174,0.8541749425095032,0.42417673804828365,0.9309621946981042,-0.012933991578993963,0.00767229851138969,-0.3648057561775525,-0.2859521422315936,0.10380793276223432,0.002703834357609125,1.7566074561106235e-05,0.00018653902250324552,-0.00010579796941622274,0.4245474352311412,0.38439774448206504,0.42675401475292224,0.3849717733275786
1147,9.558333333333334,1.4401279216843297,0.8979350825944116,0.5,0.999817478926394,0.011622289841097717,0.008395660948221702,0.01262711722293701,-0.32269542030736686,0.15817097185530604,0.0,-0.02213923975547051,0.016877071568940184,-1.458420634345035e-06,0.3902405669907807,0.390027773146183,0.390080249624594,0.39029303603071874,1.3775072246568838,0.8558144249413548,0.4256981002973371,0.9318302669934068,-0.0032296277990525595,0.009343210611322681,-0.3627597378910017,-0.27089444642696137,0.13083616059191838,-0.0009905546555333267,0.0009356322772254669,-8.661710726292463e-07,0.0001829188228991517,0.4298861738469597,0.393292618380726,0.4310820512353269,0.3857276216313979
1148,9.566666666666666,1.4374524353967275,0.8992415508446393,0.5,0.9998179564849988,0.011529287148324407,0.00846436326968431,0.012628696783570625,-0.32129151243719944,0.1562981097302892,0.0,-0.022085631238238305,0.01666544807481668,-1.44817769939619e-06,0.3902380493351848,0.390026950795475,0.3900812135559873,0.3902923056690985,1.3757114366009364,0.8565237836023545,0.42576781156148436,0.9318303615883932,-0.0036247836549466233,0.009720404383577071,-0.3627458502920729,-0.27736152230803945,0.10466444639222194,0.00997649630868902,-0.0005175070254648945,0.00042881762944998303,-0.00018468236210228496,0.4337094512925926,0.3934955945526313,0.4271490620337756,0.38592542872273117
1149,9.575,1.4347887053658896,0.9005324989617274,0.5,0.999818425570483,0.011436522460035958,0.008532190267201003,0.01263026417087178,-0.31987664806869714,0.1544405713851755,0.0,-0.022030239725308383,0.01645551718928705,-1.4381128919785705e-06,0.3902355564629289,0.3900261538069177,0.39008217965729847,0.3902915768533755,1.3740144526473999,0.8573178311109695,0.4258710627100334,0.9318930785814578,-0.003456578360085163,0.010034414462467608,-0.3625777884598136,-0.27720920945444316,0.10873175571020077,0.017256671163767834,-3.0152128247796547e-05,0.0002978416641948475,5.307094521917609e-05,0.4348043799348163,0.3922423791816297,0.42221549803003505,0.3831809776133984
1150,9.583333333333334,1.4321368221693218,0.9018080543693319,0.5,0.9998188862820039,0.01134400307094937,0.008599149086941552,0.012631819469906318,-0.31845096919917054,0.1525983153285419,0.0,-0.021973088447210472,0.016247279385085966,-1.428224138364919e-06,0.3902330882573623,0.3900253818103832,0.39008314773133446,0.39029084964147753,1.37222215234828,0.8580720316412277,0.4260266667162581,0.9318879300152684,-0.0034997810998968135,0.010111051306323265,-0.36258847756870605,-0.2553459336217534,0.11693224382959277,0.0024739736135870327,0.0006648875482614384,0.00015157520653629857,0.00015062557520184187,0.4331371969607797,0.39099868314579395,0.42136137985338734,0.38199137735493977
1151,9.591666666666667,1.429496875207258,0.9030683441396896,0.5,0.9998193387181544,0.011251736179275277,0.008665246875354613,0.012633362764267254,-0.3170146166407038,0.15077129890088134,0.0,-0.02191420045953479,0.016040734882699914,-1.4185093764878132e-06,0.3902306446006956,0.3900246344379086,0.3900841175839001,0.3902901240909632,1.3704782383301883,0.8588221995464066,0.42604269394541505,0.9319112721707667,-0.0033168183694249308,0.010592270039351624,-0.3625164593951298,-0.24735153127843912,0.11866868913473771,-0.0007526737430985087,0.0010039062572134506,5.712863258208458e-05,-6.086269697012605e-05,0.43449962144974486,0.3904779561300765,0.42468981868446987,0.387179691431071
1152,9.6,1.4268689527125413,0.9043134949839564,0.5,0.999819782976963,0.011159728887462177,0.008730490778131357,0.012634894136091967,-0.31556773002044336,0.148959478290314,0.0,-0.02185359864215027,0.01583588365369334,-1.4089665557427212e-06,0.3902282253740204,0.39002391132372627,0.3900850890237568,0.39028940025901043,1.3688073313726892,0.8596000075289221,0.42608155281373317,0.9319753647665439,-0.002914445698647652,0.01075204194814597,-0.362350409229081,-0.26298265830517753,0.124896138255981,0.02251494127687992,0.0004404150605787888,7.872982726100849e-06,0.0002406425830618895,0.43516749992232506,0.3897454221366752,0.4250624883828044,0.38894966043979895
1153,9.608333333333334,1.424253141760488,0.9055436332426811,0.5,0.9998202191558924,0.011067988202943503,0.008794887939183106,0.012636413666079217,-0.3141104477810552,0.14716280854816935,0.0,-0.021791305698482435,0.015632725424022494,-1.3995936384850129e-06,0.3902258304573509,0.39002321210426605,0.39008606186258865,0.39028867820240715,1.3670821524202499,0.8603693161874297,0.4261750171755257,0.9319894648733846,-0.00268841627753455,0.011041054392768168,-0.3623071968659147,-0.24067951987141178,0.09717565129221395,0.0401885557804349,-0.0008733529065405338,0.0008438014362997202,0.000132842211486293,0.43069535085448163,0.3880210393123872,0.4218277641573214,0.3830822303578194
1154,9.616666666666667,1.4216495282787518,0.9067588848764075,0.5,0.9998206473518404,0.010976521038887537,0.008858445499632706,0.012637921433506125,-0.3126429071813449,0.1453812436044447,0.0,-0.02172734415481525,0.015431259677299481,-1.3903885987220335e-06,0.39022345972966244,0.3900225364181506,0.3900870359149796,0.3902879579775403,1.3653621722292266,0.8611256552991722,0.42624499624873186,0.9319708952962911,-0.0022080796648857337,0.011289485298081334,-0.362350551574753,-0.2578126393850022,0.11983616982322864,-0.0018532978780960718,-0.00016330111503595318,0.00039949550591572775,0.00013087772004432514,0.4313962832931163,0.38211601751705027,0.4150455242072574,0.3828320389006452
1155,9.625,1.4190581970571865,0.9079593754564024,0.5,0.9998210676611398,0.010885334214949992,0.008921170596819501,0.012639417516245019,-0.3111652442970381,0.14361473628314006,0.0,-0.021661736359639642,0.015231485658051007,-1.381349422043118e-06,0.3902211130689126,0.39002188390622633,0.39008801099837226,0.3902872396403867,1.3593748944636506,0.8637072237000326,0.4265125774351187,0.9320764105487799,-0.0023182772165320433,0.012627463044625377,-0.3620341664350292,-0.24569254351127778,0.10061702372820003,0.012886797715755405,-0.0005316236000999829,0.000398850781889323,2.9273912117853763e-05,0.4357799693722041,0.3913013486491726,0.4246686517700161,0.38770912930999013
1156,9.633333333333333,1.4164792317576966,0.909145230155512,0.5,0.9998214801795562,0.010794434458029007,0.00898307036331795,0.012640901990780181,-0.30967759402172146,0.14186323831746553,0.0,-0.021594504483055492,0.015033402374960834,-1.3724741064617988e-06,0.39021879035207596,0.39002125421157424,0.390088986933031,0.3902865232465033,1.3560561073893254,0.8651359723674866,0.4265499411861235,0.9321132633587238,-0.002342829504698337,0.013631412345536893,-0.3619026941294141,-0.2496051579130132,0.1116271125142787,-0.011516269374656218,0.00011069074657994938,0.000557725605394324,-5.426232533740302e-06,0.4356708225231536,0.3870490486517608,0.41969431475542085,0.3868864264191993
1157,9.641666666666666,1.4139127149240798,0.9103165737391457,0.5,0.9998218850022895,0.010703828403022399,0.009044151925969742,0.012642374932224506,-0.30818009006794017,0.14012670036492295,0.0,-0.021525670516214845,0.01483700860407514,-1.3637606626066266e-06,0.39021649145518644,0.39002064697950084,0.3900899635420214,0.39028580885101527,1.3544011830969718,0.8658735353534475,0.42669036315684966,0.9321375154473939,-0.002476835917705304,0.013855428883072589,-0.3618308232722337,-0.2543926718169942,0.11729056700089391,0.010226825652259741,0.00021304493690076434,0.00023992446368122187,0.0001053567615027809,0.4384528973931659,0.39119671380871895,0.42503594768064296,0.39089687374330234
1158,9.65,1.411358727991859,0.9114735305563842,0.5,0.999822282223974,0.010613522593586996,0.009104422404929254,0.012643836414336068,-0.30667286496845036,0.13840507202226096,0.0,-0.021455256270789543,0.014642302891988515,-1.3552071119825424e-06,0.39021421625335734,0.3900200618575617,0.3900909406511696,0.39028509650861276,1.3494617145851275,0.868076172177079,0.42702527720765987,0.932246828663635,-0.0020175739567434405,0.015022682175792505,-0.3615053234216192,-0.24520364573834552,0.11877918747947858,0.039756086444692196,0.0003676794356449433,0.0002104365675681954,0.0001966533066215444,0.43399466350535026,0.3880798540886218,0.42225387922011987,0.3867957223899831
1159,9.658333333333333,1.408817351298108,0.9126162245312098,0.5,0.9998226719386754,0.01052352348289997,0.009163888912722278,0.012645286509534549,-0.30515605007762353,0.1366983018403049,0.0,-0.02138328337850108,0.014449283559011776,-1.3468114895672173e-06,0.39021196462082003,0.39001949849556705,0.3900919180890307,0.39028438627353856,1.3478575010205678,0.8687763315037152,0.42715325140289906,0.9322167117814778,-0.002382436012451582,0.015165685333622987,-0.36157478930691134,-0.25278889528728143,0.1223780963394705,0.012005009672688693,0.0007016517191225606,0.00021429982668003816,0.00011364205460933206,0.4291567812925172,0.38190741203835993,0.41704744706367186,0.38299775530986685
1160,9.666666666666666,1.4062886640912573,0.9137447791538628,0.5,0.9998230542398937,0.010433837434421797,0.009222558553317993,0.012646725288917615,-0.3036297755730025,0.13500633733865747,0.0,-0.021309773290679082,0.014257948702309614,-1.3385718411929753e-06,0.39020973643095674,0.3900189565455866,0.39009289568686306,0.3902836781995768,1.3462256330090223,0.8695406682063865,0.42717946613329416,0.9322232480107088,-0.0022922689895232516,0.01562775782457735,-0.3615388423898884,-0.2520541818257449,0.11356828314424972,0.010036798217988308,0.00035542222510623924,0.00046319397915410153,-0.00013583871096079747,0.4330027742942163,0.3872300012472784,0.4224438087559418,0.3868832450001166
1161,9.675,1.4037727445408956,0.9148593174723165,0.5,0.999823429220561,0.010344470722660953,0.009280438421213935,0.012648152822277168,-0.3020941704570047,0.13332912502027497,0.0,-0.02123474727786409,0.014068296199022005,-1.3304862252955566e-06,0.39020753155632826,0.39001843566196404,0.3900938732785873,0.39028297234005144,1.3446528554192467,0.8702207053261941,0.4273174540614036,0.9323102294175143,-0.002391903087590034,0.015784300682122207,-0.3613070311730149,-0.24200990842953019,0.10800681584309801,-0.007609314572210035,-2.4542040329217355e-05,0.0003396545220876033,0.0002642431997110172,0.4345777921585772,0.3872067405257595,0.421529867724913,0.38752507866569325
1162,9.683333333333334,1.401269669747543,0.9159599620838772,0.5,0.9998237969730422,0.010255429533939861,0.00933753560053406,0.01264956917811549,-0.3005493625587724,0.13166661038591265,0.0,-0.02115822642945149,0.013880323709352795,-1.3225527118157672e-06,0.3902053498687073,0.3900179355013166,0.39009485070076155,0.39028226874781885,1.3430656409962964,0.8709148118206315,0.4274571597976802,0.9322939429103628,-0.0027764670980361394,0.0159138552260057,-0.3613406210972527,-0.2509882500362437,0.09356574770875703,0.050149482725342365,3.450582097332601e-05,0.00020661413336788592,-0.00014252892246811202,0.4380442539052557,0.3887079039673783,0.42368812433756114,0.39175258265002727
1163,9.691666666666666,1.3987795157524243,0.917046835126899,0.5,0.9998241575891338,0.010166719967162244,0.009393857164139527,0.012650974423661315,-0.29899547853616626,0.1300187379484468,0.0,-0.021080231653361498,0.013694028679636792,-1.3147693829469818e-06,0.39020319123910124,0.3900174557225574,0.3900958277925378,0.39028156747526643,1.3406753327271768,0.8719650887312488,0.4277133363520005,0.9323121525015688,-0.0028875033361345144,0.0164776891807206,-0.3612674886862072,-0.24537177275139044,0.10212568980506598,0.01850371061818401,-0.0004507139755609346,0.0003190776206829485,0.00018305823799878173,0.42995635138161775,0.3804205258906158,0.4125934669708965,0.38080205941513257
1164,9.7,1.396302357547212,0.9181200582726213,0.5,0.999824511160064,0.010078348034581509,0.009449410172752401,0.012652368624885755,-0.2974326438779015,0.12838545124706566,0.0,-0.02100078367577023,0.013509408345390371,-1.3071343343232667e-06,0.39020105553779993,0.3900169959868865,0.3900968043956481,0.39028086857428723,1.3390302591420071,0.8726399641817899,0.4278507794651668,0.9323455245999573,-0.0037315478759034054,0.016545980225677676,-0.3611704983068967,-0.21249087103327735,0.09975748706928522,0.03617535317008702,-0.00041012366795260634,0.00020844549434365754,0.00023292659245414656,0.4339021324077374,0.3844952123691451,0.4189831521068708,0.38711205884951105
1165,9.708333333333334,1.3938382690837572,0.9191797527171224,0.5,0.9998248577764931,0.009990319662570052,0.009504201674091948,0.012653751846518183,-0.29586098290582397,0.1267666928613344,0.0,-0.020919903040861564,0.013326459734326862,-1.2996456719140083e-06,0.3901989426344013,0.39001655595779366,0.39009778035436904,0.39028017209628785,1.3375507702104608,0.8733475646432597,0.4279586453168372,0.932402166050587,-0.003931168814817523,0.01687894735397366,-0.3610067143311116,-0.2515688204811628,0.10545173652311002,0.04176272322241603,2.0850574789240207e-05,0.00017823847559956233,-0.0001564754916598311,0.43070103391681536,0.3770020256211814,0.4159406240904991,0.38833996693218914
1166,9.716666666666667,1.391387323283797,0.9202260391733895,0.5,0.9998251975285122,0.009902640692389384,0.009558238702023504,0.01265512415206197,-0.29428061877732375,0.125162404425131,0.0,-0.020837610110611773,0.013145179669348014,-1.2923015144182103e-06,0.3901968523978278,0.390016135301085,0.3900987555154798,0.3902794780921865,1.3359344684594066,0.8740322655988567,0.4281904797447281,0.9324025905277741,-0.004023820288351616,0.01704976634800739,-0.36099656994888674,-0.22857351498926093,0.10619796359354616,0.0027130636914396433,0.00011025597201429072,0.00023683626490989036,-6.383659281781341e-05,0.42895652386381244,0.381015651404468,0.4161469631201052,0.3828609268916207
1167,9.725,1.3889495920486503,0.9212590378635036,0.5,0.9998255305056437,0.009815316880960937,0.009611528275719783,0.012656485603810143,-0.2926916734878842,0.12357252664045675,0.0,-0.020753925064631674,0.012965564771523648,-1.2850999927130694e-06,0.39019478469637536,0.3900157336848773,0.39009972972824,0.39027878661239457,1.3343752306978,0.8747025201673201,0.4283085264037737,0.9323621584925007,-0.004236812287102677,0.01711920857907598,-0.3610952610191323,-0.22660950109487654,0.10536428987548696,0.028925959478076635,-0.000252274364456104,0.00014022045113912913,-1.8850201219155674e-05,0.4351264558324812,0.3841313000945199,0.4226793222907315,0.3923777260443112
1168,9.733333333333334,1.3865251462688768,0.922278868510942,0.5,0.9998258567968406,0.0097283539016372,0.009664077398834632,0.012657836262860938,-0.29109426787376624,0.12199699929111435,0.0,-0.020668867900030637,0.012787611463029992,-1.278039249619895e-06,0.39019273939773474,0.3900153507795998,0.3901007028443613,0.39027809770681915,1.3282736832992266,0.8774489216224327,0.4289043677612994,0.9325178735856604,-0.005269094666033607,0.01743542265192986,-0.36066419024021107,-0.23834348962150642,0.11006733718508244,0.008183979019671384,-0.00039132274766566835,0.0004778158527903741,0.0001292376741687716,0.43073363873495824,0.37955636736198806,0.4182722738876381,0.388167721306985
1169,9.741666666666667,1.3841140558339273,0.923285650332989,0.5,0.9998261764904866,0.009641757344973358,0.009715893058688875,0.012659176189133259,-0.2894885216148228,0.12043576125626271,0.0,-0.0205824584313145,0.012611315970074501,-1.2711174397868536e-06,0.39019071636901914,0.39001498625800785,0.3901016747179702,0.3902774114248602,1.32459829831866,0.8791373004128782,0.4294640437975532,0.9325924820836681,-0.005808114403764903,0.01741372248842686,-0.3604639932603428,-0.22804286382931416,0.10683919995015945,0.039953092084210606,7.9696105458208e-05,3.9740721296957244e-05,0.00014920249137196064,0.43229641067982005,0.38463683650903707,0.4234468419969426,0.38996277418835235
1170,9.75,1.3817163896417575,0.9242795020332659,0.5,0.9998264896743948,0.009555532719498983,0.009766982225468488,0.012660505441382012,-0.2878745532374445,0.1188887505238391,0.0,-0.020494716290324684,0.012436674325788875,-1.2643327305512887e-06,0.3901887154767976,0.3900146397951834,0.39010264520557814,0.3902767278154076,1.321693563987039,0.8804386038433129,0.4298336684615637,0.9326133987391545,-0.006405915184227973,0.017342940513073737,-0.3604031564196068,-0.2184466176122557,0.0988734081609377,0.048427146186286185,-0.0002149312406448551,1.9912254539780958e-05,1.8980881963378315e-06,0.4266359541975059,0.3782980669530934,0.41823654465017857,0.38543811052110405
1171,9.758333333333333,1.3793322156084307,0.9252605417943636,0.5,0.9998267964358095,0.009469685452489891,0.009817351851434614,0.01266182407721338,-0.28625248011763144,0.1173559042038583,0.0,-0.020405660926208314,0.012263682373092989,-1.2576833015671344e-06,0.3901867365871332,0.39001431106853496,0.390103614166065,0.3902760469268197,1.3183714034308802,0.8821840059261794,0.4303225218898651,0.9327356159359408,-0.006099878517059454,0.016791619976115654,-0.36011818024817344,-0.2313169365194101,0.10054385286070167,0.012399033879134658,-0.00032377985725992245,0.0002262530173863518,-1.8094826205245762e-05,0.4255185962910376,0.3757669882911234,0.41628715299178715,0.38488611525423394
1172,9.766666666666666,1.3769616006776813,0.9262288872705927,0.5,0.999827096861404,0.009384220890739784,0.00986700887014564,0.012663132153099959,-0.2846224184841928,0.11583715854157925,0.0,-0.020315311605430833,0.012092335767554313,-1.2511673431033691e-06,0.39018477956559766,0.39001399975781187,0.39010458146063515,0.39027536880693514,1.316234491666026,0.8831896536625151,0.4306318078724617,0.9327820881158454,-0.006639011115163358,0.016430725991869916,-0.36000490394581636,-0.22003530897638512,0.10158777438942224,0.03663878201067283,-8.932807715491418e-05,-1.1272138010670739e-05,0.00025303949539561156,0.43092439152113887,0.3841113410629197,0.42275396819050803,0.38849528562756175
1173,9.775,1.374604610830458,0.9271846555808402,0.5,0.9998273910372811,0.009299144301331701,0.00991596019569106,0.012664429724395819,-0.28298448342206917,0.11433244893054609,0.0,-0.020223687411808803,0.011922629980196985,-1.2447830587731688e-06,0.3901828442773018,0.3900137055451079,0.3901055469527841,0.39027469350307764,1.3141212537510938,0.8842087860866151,0.43085335703137895,0.932793839083031,-0.007052565818120002,0.0161005232552873,-0.35998151096275416,-0.21379633738856096,0.10960227217974294,0.032620626895035754,-0.00014161305074302321,7.237049084942271e-05,-5.109792766731392e-05,0.4259967088811242,0.3788897629925517,0.419341148721807,0.3854095821789823
1174,9.783333333333333,1.3722613110944353,0.9281279633015331,0.5,0.999827679048973,0.009214460872409114,0.009964212721937022,0.012665716845351444,-0.28133878887577746,0.11284170992550079,0.0,-0.020130807246583327,0.011754560300295565,-1.2385286645110708e-06,0.39018093058694026,0.39001342811484946,0.3901065105082899,0.39027402106202863,1.3127022763590834,0.8848849771692968,0.4310440117384206,0.9327902101777363,-0.007257722876040947,0.01574799723373739,-0.3600024303228457,-0.22142850698101402,0.08384463200701298,0.02685627801694568,-0.0006777971313721941,2.8232159874572467e-05,-8.980151593862725e-05,0.42508317383430155,0.3788673852462064,0.4214641786086325,0.38659482160505065
1175,9.791666666666666,1.3699317655535013,0.9290589264597102,0.5,0.9998279609814408,0.009130175713946476,0.010011773321783492,0.012666993569128595,-0.2796854476529755,0.11136487525516872,0.0,-0.020036689828525855,0.011588121838145997,-1.2324023868499597e-06,0.39017903835880363,0.39001316715381884,0.39010747199516393,0.39027335153004067,1.3106066295640932,0.8858284424241092,0.43118894643624883,0.9328520012532854,-0.007854999980402405,0.015115835365871303,-0.3598568524486377,-0.21380463442615127,0.10181800721049683,0.025624875367913358,-0.0006574723140321415,0.00026738318940370854,0.00023916307612941796,0.42891255781388127,0.381144421441423,0.41954913776299513,0.3862433557698058
1176,9.8,1.3676160373572084,0.9299776605261997,0.5,0.999828236919074,0.00904629385851914,0.010058648846432906,0.012668259947815046,-0.2780245714281453,0.1099018778349155,0.0,-0.019941353694078685,0.011423309527808578,-1.226402466197147e-06,0.3901771674568072,0.39001292235115614,0.3901084312836233,0.39027268495283657,1.3085645954381382,0.8868917635830622,0.43134467228825674,0.9328730063389281,-0.008262278541346552,0.014681653093514754,-0.3598112531035084,-0.11931885705254164,0.1081753961428844,0.017855751351042448,0.0013638854093603384,-0.0016688751885633709,6.578829419983156e-05,0.42596946616110565,0.3807211884983525,0.4227213403526371,0.3869579164343497
1177,9.808333333333334,1.365314188730196,0.9308842804089016,0.5,0.9998285069456913,0.008962820262072471,0.010104846124670237,0.012669516032439246,-0.27635627074639285,0.10845264977927707,0.0,-0.01984481719752392,0.011260118129825917,-1.2205271549590264e-06,0.3901753177445397,0.3900126933983351,0.39010938824608554,0.39027202137559014,1.3065431015541997,0.8878645041011535,0.4315656913466104,0.9328706155284536,-0.009152048139913651,0.014081484192032364,-0.35981990842831146,-0.22616078078523394,0.10003658230227641,0.0359067813812286,-0.0006111837212320971,-7.104308483220278e-05,4.8611438154325904e-05,0.4260503082173462,0.3698398882132417,0.42423769466884814,0.3993767549258015
1178,9.816666666666666,1.3630262809815807,0.9317789004461747,0.5,0.9998287711445392,0.008879759804690072,0.010150371962154302,0.012670761872984855,-0.27468065502736216,0.10701712241436194,0.0,-0.019747098511171176,0.011098542233906114,-1.2147747159372137e-06,0.39017348908527144,0.3900124799891933,0.39011034275711615,0.3902713608429378,1.3051796508227762,0.8885532715667323,0.43165299930061424,0.9328924043602326,-0.009376073839642002,0.0136766449031766,-0.35977326263986076,-0.1986972488400962,0.10074568077674817,0.02760331881238587,-0.00025003392407871056,-0.00016115751538294443,0.00027345503280286766,0.42306958418467844,0.3811346276457332,0.4219632808283615,0.3829180411246054
1179,9.825,1.3607523745143189,0.9326616344003225,0.5,0.9998290295982919,0.00879711729136104,0.010195233140720197,0.012671997518405202,-0.2729978325692613,0.1055952262901288,0.0,-0.01964821562560543,0.010938576261598961,-1.2091434252971462e-06,0.39017168134198066,0.39001228181993963,0.3901112946933998,0.39027070339897696,1.3038498693685543,0.8892482136524363,0.4317532880412401,0.9329376714721742,-0.009425777690530737,0.013326377161183596,-0.35966771266651704,-0.20577448104497353,0.11769999437706291,0.03830490633807693,-0.0003341685080156623,-0.00018380814039095072,6.366137623600051e-05,0.42370637855473864,0.3792151675607264,0.42401393800505527,0.3875099636176835
1180,9.833333333333334,1.3584925288345184,0.9335325954511883,0.5,0.9998292823890521,0.00871489745274587,0.010239436417692937,0.012673223016637626,-0.2713079105530018,0.10418689119253204,0.0,-0.019548186349942313,0.0107802144689333,-1.2036315712419415e-06,0.3901698943773931,0.3900120985891316,0.39011224393372684,0.3902700490872619,1.3018568920710538,0.890311553947246,0.43185070792696983,0.9329270523257546,-0.009731169589324648,0.012855319218181949,-0.3597042676213354,-0.2245769145771126,0.09719068686160348,0.027598621432001202,-0.0002813676825648684,-0.00032211868434461687,-5.319969067155115e-05,0.4195626166067064,0.37856510407266003,0.4245951443019173,0.3845931399642745
1181,9.841666666666667,1.3562468025607377,0.9343918961898432,0.5,0.9998295295983496,0.008633104945941304,0.010282988525211858,0.01267443841461773,-0.2696109950464446,0.1027920461555463,0.0,-0.01944702831210765,0.010623450949021495,-1.1982374541987168e-06,0.390168128054004,0.3900119299976884,0.3901131903589569,0.3902693979508023,1.2992175439478928,0.8916265955146098,0.4320914508577533,0.9329796783943242,-0.009902334142219008,0.011846542353446688,-0.3595977237358819,-0.2007199241922386,0.09372738663047109,0.009080911096848165,-0.00029017536981507574,-9.903900061886818e-05,0.0002239780207506964,0.42334108010591986,0.3832802650577063,0.42456661303839,0.3836031719064637
1182,9.85,1.3540152534332326,0.935239648612378,0.5,0.9998297713071415,0.008551744355243631,0.010325896169565972,0.012675643758293512,-0.2679071910087543,0.1014106194730615,0.0,-0.01934475895916774,0.010468279634653938,-1.1929593866915212e-06,0.3901663822341109,0.3900117757488958,0.3901141338519973,0.3902687500320527,1.2959001378447799,0.8934173088645772,0.43211073047563553,0.9330101743661682,-0.00964050789082117,0.011140307580652348,-0.35954828421761104,-0.20869229378173149,0.10504722595879867,0.012245446413639005,-0.00025942289446475203,-0.00025176389922378306,9.107291151960764e-05,0.4260868254208774,0.38412868178276155,0.4276247760195525,0.38862255995057793
1183,9.858333333333334,1.3517979383231746,0.9360759641137912,0.5,0.9998300075958122,0.008470820192910525,0.010368166030539994,0.012676839092639426,-0.2661966022948596,0.10004253871065286,0.0,-0.019241395557677177,0.010314694300863484,-1.1877956928030829e-06,0.3901646567798297,0.3900116355484101,0.3901150742977671,0.39026810537292356,1.2940422937067677,0.8944533101397493,0.4321571494678409,0.933030121432815,-0.009842936915018577,0.010657701194511461,-0.3595056640683176,-0.21099330730951493,0.10752080829818933,-0.002049674787896194,-0.00030407444824169885,-0.0002234990678444325,-4.719407489491212e-05,0.42381182950907065,0.3856108703276065,0.42891740739580714,0.3861534584712058
1184,9.866666666666667,1.349594913241825,0.9369009534819787,0.5,0.999830238544173,0.008390336899921169,0.010409804760771057,0.012678024461670318,-0.2644793316600171,0.09868773071722363,0.0,-0.019136955194056834,0.010162688567460606,-1.182744709635772e-06,0.39016295155312986,0.3900115091042478,0.39011601158317594,0.39026746401478113,1.2927881490858137,0.8952788734851235,0.43213138167973464,0.9330083023104594,-0.010229452712726482,0.0105588734920234,-0.3595544135559066,-0.20956712838875458,0.09291552570804829,0.025800759963001685,-0.0005970465184171717,-9.901548546019782e-05,8.592625537649353e-05,0.4253215893414752,0.38859043191460474,0.43215104610687377,0.38790157151521626
1185,9.875,1.3474062333496752,0.9377147268918149,0.5,0.9998304642314615,0.008310298846734681,0.010450818985115861,0.012679199908455266,-0.2627554807644775,0.09734612163652365,0.0,-0.01903145477498515,0.010012255901533132,-1.1778047857249787e-06,0.39016126641586174,0.3900113961267882,0.39011694559710103,0.3902668259984379,1.2915038212033372,0.8959478652128905,0.43215394766635556,0.9330186578292743,-0.010872692086960312,0.010202239563717182,-0.3595189605808382,-0.19864113780367898,0.09659817251335134,0.01885133243068604,-0.0005663505383494028,-0.00015449502994991531,-8.652780984465318e-05,0.42212825122866704,0.38396367281245186,0.4261142394955965,0.3833039010261923
1186,9.883333333333333,1.3452319529655512,0.9385173938993306,0.5,0.9998306847363422,0.00823071033404673,0.010491215300028212,0.012680365475131334,-0.26102515017825156,0.09601763691854401,0.0,-0.01892491102784219,0.00986338961994145,-1.1729742815615911e-06,0.39015960122977456,0.3900112963287914,0.39011787623034777,0.39026619136415874,1.2902273356557772,0.8966701239114847,0.43216309208000936,0.933068418554851,-0.011403481929880391,0.01003085457656566,-0.35937816969299646,-0.2066828117468278,0.10375186035571637,0.018584707134711165,-0.0005126055895443633,-0.0004135393576472874,-5.3439337069691584e-05,0.42215429100456836,0.38378809434344835,0.42830305622805426,0.3856779081131049
1187,9.891666666666666,1.3430721255756661,0.9393090634359887,0.5,0.999830900136905,0.008151575593543983,0.010531000272946945,0.0126815212029172,-0.2592884393859763,0.09470220133078291,0.0,-0.018817340501167436,0.00971608289177375,-1.168251570656735e-06,0.3901579558565472,0.39001120942538203,0.39011880337563076,0.3902655601516636,1.2883816743262329,0.8978178525281494,0.4321310485068784,0.9330346598293001,-0.011719330972975013,0.009728691801793853,-0.3594639528445013,-0.18875573157515202,0.09519374089711485,0.017701863459812506,-2.0734273763081728e-05,-0.0004339755821127602,0.00012581687194906777,0.4207288582230506,0.3848618742123331,0.4298469550561196,0.38475835717034745
1188,9.9,1.3409268038426447,0.9400898438030478,0.5,0.9998311105106671,0.008072898788656665,0.01057018044169392,0.01268266713212671,-0.25754544679187685,0.09339973896939129,0.0,-0.018708759565135992,0.009570328740772654,-1.1636350385607337e-06,0.3901563301578224,0.3900111351340465,0.3901197269275559,0.3902649324001139,1.2871936763205274,0.8985640005148435,0.43213016737610327,0.933033406713725,-0.011520024751683417,0.009611593705545481,-0.3594767979332475,-0.19259482582938414,0.09670804152234203,0.02280982315296387,-0.00040766555098162494,-0.0006401425200588408,0.00013912513189842397,0.42151987548028114,0.3829955186139438,0.42923976317160817,0.38682070841776817
1189,9.908333333333333,1.3387960396144971,0.9408598426660222,0.5,0.9998313159345702,0.007994684015308777,0.010608762313882131,0.012683803302182304,-0.255796269724825,0.0921101732701915,0.0,-0.018599184412079663,0.009426120047749086,-1.1591230821313809e-06,0.39015472399522505,0.39001107317464107,0.39012064678258723,0.3902643081481223,1.2859428188537134,0.8992594792429345,0.4321322484778674,0.9330855630352862,-0.011306231677597018,0.009276904333485358,-0.3593569816023654,-0.1864270024894532,0.1065703639609894,-0.004135923269565911,-0.00015324691050914112,-0.000211122369728634,-6.219470579250493e-05,0.42048020725479573,0.3829012244144579,0.4286192075055281,0.38525224764365584
1190,9.916666666666666,1.3366798839335536,0.9416191670492317,0.5,0.9998315164849824,0.007916935302666059,0.0106467523663338,0.012684929751628368,-0.2540410044434908,0.0908334270195734,0.0,-0.018488631057013333,0.009283449552955375,-1.154714110319715e-06,0.3901531372303789,0.390011023269396,0.39012156283901106,0.3902636874337644,1.284127770176511,0.9004215949632176,0.4320281989079487,0.9330803990733526,-0.01109135874739588,0.009035078622520775,-0.3593832466609073,-0.17906435128607345,0.10248358010672698,-0.0023921491862033406,-0.00025021111925625507,-0.00012812345335976052,2.605619388553676e-05,0.42361789219353224,0.38677754224135175,0.434349020761618,0.3902406966725126
1191,9.925,1.3345783870453578,0.9423679233304404,0.5,0.9998317122376966,0.00783965661388158,0.010684157044508247,0.012686046518144468,-0.2522797461415868,0.08956942236526771,0.0,-0.01837711533820142,0.00914230985843946,-1.1504065452356822e-06,0.3901515697249399,0.39001098514291477,0.39012247499691927,0.39026307029456414,1.2793245926410832,0.9034179911476897,0.431879241435218,0.9331472295929188,-0.01087332625156188,0.008791433370855592,-0.35922239543014756,-0.16991600575642085,0.11639526410593959,0.0007634244281407021,0.00017696898502016123,-0.000460743183676248,0.00018185850310254158,0.4238108292056986,0.3859712180359248,0.4335770522824547,0.39047927185199544
1192,9.933333333333334,1.3324915984075103,0.9431062172355873,0.5,0.9998319032679313,0.007762851846838724,0.010720982761939554,0.012687153638558477,-0.2505125889532031,0.08831808082699502,0.0,-0.018264652917746815,0.009002693430382404,-1.1461988213558555e-06,0.39015002134063104,0.3900109585221558,0.3901233831581965,0.39026245676749083,1.278187320835869,0.9042366070289627,0.431777600599991,0.9331490320352018,-0.010740974824881483,0.009058132775441288,-0.3592150688684978,-0.193277678897541,0.11160439432355007,0.00724911939342654,8.849152858626713e-05,-0.00041681258240150226,-2.6941421818074517e-05,0.4211307041178596,0.38517048958288175,0.4351686819669981,0.390253455087404
1193,9.941666666666666,1.3304195666984724,0.9438341538336033,0.5,0.9998320896503297,0.007686524834891638,0.010757235899683895,0.012688251148859624,-0.24873962595823107,0.0870793233069933,0.0,-0.01815125928219229,0.008864592601389245,-1.1420893839315005e-06,0.3901484919392616,0.3900109431364403,0.3901242872264842,0.39026184688896903,1.2769731058576599,0.9049677846334373,0.43172778514259036,0.9331708561263298,-0.010856396152726778,0.008996515735221599,-0.3591564487011949,-0.18070108572258992,0.11129894018686581,-0.001470485600268967,6.263289919750303e-05,-9.726099327312128e-05,-2.404978943441703e-05,0.42070029147125737,0.3870663107933734,0.433698226724884,0.3863964154673193
1194,9.95,1.328362339826323,0.9445518375313143,0.5,0.9998322714589596,0.0076106793476029555,0.010792922805776255,0.012689339084211423,-0.24696094918787512,0.08585307010042406,0.0,-0.018036949743161394,0.0087279995727678,-1.1380766902400162e-06,0.39014698138273113,0.3900109387174741,0.3901251871071382,0.39026124069489065,1.2757904680686127,0.9056839563285091,0.4317038530795286,0.9331896328189927,-0.010845394123753765,0.008875076507761799,-0.3591110129784874,-0.16119384826323024,0.11091157454510281,-0.021031832918771975,0.0004467983780903516,2.0489342854293038e-05,0.0001252271086384566,0.421946678002665,0.38694619554674337,0.43527035645361656,0.38937536322083166
1195,9.958333333333334,1.3263199649374668,0.9452593720684341,0.5,0.9998324487673136,0.007535319091478669,0.010828049794696705,0.012690417478964516,-0.24517664963025032,0.08463924090565554,0.0,-0.01792173943801477,0.008592906416786644,-1.1341592118293956e-06,0.390145489533076,0.39001094499932126,0.39012608270723,0.39026063822060003,1.274629834141116,0.9064517511922765,0.43157931460979515,0.9332099788376577,-0.010673300043182395,0.009020057647836718,-0.35905968114512177,-0.17872994556475952,0.11991246031092251,-0.01164029713541792,0.0005586310998013681,5.418372114524648e-05,-6.016165075652852e-06,0.42523129892571787,0.38779122698560564,0.43833310946586024,0.3949197325071398
1196,9.966666666666667,1.3242924884252996,0.9459568605126383,0.5,0.9998326216483088,0.007460447710700147,0.010862623146845907,0.012691486366669386,-0.24338681723606445,0.08343775483442613,0.0,-0.01780564333052905,0.008459305078893203,-1.1303354309817213e-06,0.3901440162525038,0.39001096171839267,0.3901269739355259,0.3902600395008879,1.2723301891417091,0.9080352294664639,0.43144521602690067,0.9332306377697237,-0.010140463500007963,0.008906096597756858,-0.3590242737912177,-0.17891321063767673,0.11104319644974492,0.00678449366137146,0.00022295074899788796,-0.0004724198992725925,7.0117009935162e-05,0.4226220791878929,0.388547506832919,0.4380083081376812,0.3911850142670476
1197,9.975,1.3222799559388203,0.946644405254725,0.5,0.9998327901742862,0.007386068787853112,0.01089664910802982,0.012692545780089012,-0.2415915409243832,0.08224853042188651,0.0,-0.01768867621159914,0.008327187379914018,-1.1266038410148987e-06,0.3901425614033851,0.39001098861347594,0.3901278607024357,0.3902594445700212,1.271181660499933,0.9087707103617009,0.4313003125567002,0.9332290565637543,-0.009781988491599924,0.008806957722527837,-0.35904077509657434,-0.16848959311541734,0.1284702488663525,-0.012232668378708844,0.0005922297222589127,-0.0005148921240300203,0.00016077321658814088,0.4207164171562515,0.38616735402467595,0.43388101121160055,0.3875646184218467
1198,9.983333333333334,1.3202824123912016,0.9473221080038575,0.5,0.9998329544170105,0.007312185844653567,0.01093013388895349,0.012693595751211383,-0.23979090858847663,0.08107148563652299,0.0,-0.017570852699962863,0.008196545018229216,-1.1229629494821907e-06,0.39014064558309436,0.39001150469267903,0.39012826364920095,0.39025933273077146,1.2700082083819093,0.9096214155111203,0.4311881209584644,0.9332706112819379,-0.009266666799387273,0.008762878306653909,-0.3589474989015104,-0.16809816290530577,0.11707987977189749,-0.01239673553157239,0.00037797066504201705,-0.00016113730832866257,-9.54699186201254e-05,0.42181155174802365,0.38813279836796777,0.43905399375287907,0.39189237056833676
1199,9.991666666666667,1.3182999019683053,0.9479900697828892,0.5,0.9998331144476706,0.007238802342670517,0.010963083664723844,0.012694636311261937,-0.23798500710174636,0.07990653788996002,0.0,-0.017452187246486447,0.008067369564244956,-1.225378453188048e-06,0.39015916298329256,0.3900025129084552,0.3901072899483178,0.3902696992196843,1.268307071877834,0.9108251440760272,0.4310348662378006,0.9332784692386612,-0.008773407686933538,0.008696984632318046,-0.3589410656798765,-0.16844726145297528,0.11238432649782748,-0.028812406060307882,-0.00011184914235319207,2.6834055285694257e-05,9.065453265979086e-05,0.42361010157307044,0.3884222030717952,0.43739418312697065,0.3917137127145764
1200,10.0,1.316332468137149,0.9486483909237708,0.5,0.99983327034809,0.007165921674335709,0.010995504580689283,0.012695666607803299,-0.23617392232373066,0.07875360404664451,0.0,-0.017354585716984033,0.007877966480347266,-1.4336733628794642e-06,0.3902203079885262,0.3899723439662247,0.39004559235455366,0.39029936574884333,1.2671639206004892,0.9116381785742029,0.43095191759667195,0.9332620260791886,-0.008640109703578694,0.008528782642100247,-0.35899108491649473,-0.17034997413498676,0.11881356538376853,-0.026194744295759964,-3.7835415824203154e-05,0.00017101651573333952,0.0001418520743673512,0.42709461547975797,0.39164915298495245,0.4394690118981895,0.3940790943419252
1201,10.008333333333333,1.3143801529483505,0.9492971712968346,0.5,0.999833429151395,0.0070933713098061376,0.011026886458927113,0.012696684994347594,-0.23435782388118923,0.07761262831507244,0.0,-0.017299206415435284,0.007566388123807607,-1.5390832106310396e-06,0.3902820748031735,0.38994057342539457,0.38998515436799097,0.3903287352754303,1.2649116443557895,0.913263867241737,0.43069764489494883,0.9332773009717154,-0.008249551471283655,0.008544389096980971,-0.35896018972364085,-0.16784612318181402,0.11777809209315704,-0.019031772100341904,-0.0001563421772741632,0.00010465920636267616,-2.4441041280714926e-05,0.4257673920654693,0.391710753327326,0.4399788812577608,0.39319372697613936
1202,10.016666666666667,1.3124429963357827,0.9499365105314765,0.5,0.9998335978702286,0.007020984925675275,0.011056717049068129,0.012697690681545186,-0.23253696549768707,0.0764835812219478,0.0,-0.017262940056129057,0.0071939163193312635,-1.5415249341347117e-06,0.3903012907382941,0.3899286991376608,0.38996631047990177,0.39033910442664377,1.2632528537846497,0.9144202982853648,0.4304348393324109,0.9333128842096077,-0.008058106203538199,0.00843216629402998,-0.3588746656763971,-0.16567688898780908,0.11666333784781102,-0.03948029485514315,9.039383241076968e-05,-6.511068299926606e-05,5.407093618900192e-05,0.4247939044451664,0.3906290952539086,0.4387017379353297,0.39200599144642484
1203,10.025,1.3105210361206352,0.9505665079975031,0.5,0.9998337765535424,0.006948776054924252,0.011084999214452183,0.01269868364969239,-0.230711600404674,0.0753664310702787,0.0,-0.017223447193461746,0.006822125519385553,-1.5435358953875633e-06,0.39029904774507695,0.3899271622172585,0.3899679674069785,0.3903400331167878,1.2621142058382535,0.9152237364253953,0.43024399941964225,0.9333366467965432,-0.007536620641451287,0.008251888953735369,-0.3588283843630364,-0.18135201307267756,0.11458735077336524,-0.039640873916857444,0.00020346997320006956,-0.00022319676899846286,-3.5271697511371586e-05,0.42833086784483226,0.39411880425593687,0.44208125875901594,0.3954629936637972
1204,10.033333333333333,1.3086143080158739,0.9511872627868202,0.5,0.9998339652450178,0.006876757981261409,0.011111736109196885,0.012699663882607685,-0.22888198129415419,0.07426114398067646,0.0,-0.017180787119549373,0.00645108586417357,-1.5451150144741134e-06,0.39029678416047436,0.38992567453474736,0.38996961419264276,0.39034088182398324,1.2599139029479698,0.9168987271401388,0.4298283592075075,0.9333731698228335,-0.006863885488820182,0.008220149774778154,-0.35874760217812274,-0.163778013851279,0.11226755480301387,-0.047251777114565297,0.00022166793298220242,-6.415848968620604e-05,0.00020997417671875623,0.42880498400811917,0.3966673592718345,0.4418887961622148,0.39316940189062716
1205,10.041666666666666,1.3067228456310942,0.9517988736954692,0.5,0.9998341639830179,0.006804943736110167,0.011136931174755357,0.01270063136764006,-0.22704836027192535,0.07316768393315062,0.0,-0.017135019839193456,0.006080866673784835,-1.546261509637487e-06,0.39029450067799104,0.389924235966573,0.38997125001653626,0.39034165056062625,1.2576881079244508,0.9185193781402035,0.42930598862734864,0.9333952416048142,-0.0064231178135827054,0.00789278470719002,-0.3587056877951746,-0.16040489468869268,0.1295869163164265,-0.03411843368334999,0.00024672985442797515,2.540673876834999e-05,-0.00022206715410645313,0.4306564867412214,0.3962624745010923,0.44263297130876583,0.3962579877724579
1206,10.05,1.3048466804777579,0.9524014392060166,0.5,0.9998343728005441,0.006733346095769666,0.011160588136445418,0.01270158609567495,-0.22521098881139423,0.07208601280936965,0.0,-0.01708620602851717,0.005711536441094727,-1.5469748984533896e-06,0.3902921979822652,0.38992284637347563,0.3899728740838105,0.39034233937138335,1.2566110332691247,0.9194132082664626,0.42902758835729565,0.9333970204633146,-0.0062342084596720805,0.007932023388185553,-0.3587035263836379,-0.16945089766224886,0.11963863227154592,-0.02543689460937082,0.0006622385663377999,-0.0002895963726866869,5.825202958335544e-06,0.4264268730010199,0.39435818999318495,0.4427884221757938,0.39401629895162293
1207,10.058333333333334,1.3029858419748082,0.952995057470298,0.5,0.9998345917251952,0.006661977578748141,0.011182710999952728,0.012702528061137721,-0.2233701177079712,0.07101609043535988,0.0,-0.017034406993611594,0.005343162825286739,-1.5472549992014595e-06,0.39028987674883303,0.3899215056008791,0.38997448562548837,0.3903429483329237,1.2522240615521694,0.9227250567405504,0.4279844292335719,0.9334101083681015,-0.0054467045503001355,0.00768607381758041,-0.35868764583556756,-0.14758084838515373,0.11685243148829016,-0.04518940949085337,0.00012421425735379156,-0.00010039165028966647,0.000144577274105712,0.42629052335167156,0.39434263760095456,0.4402192219109115,0.39134821309173573
1208,10.066666666666666,1.30114035745467,0.9535798262925205,0.5,0.9998348207791321,0.006590850443268912,0.011203304047810548,0.012703457261994703,-0.22152599703404713,0.06995787462461586,0.0,-0.01697968462923291,0.004975812646004009,-1.5471019319551087e-06,0.39028753764390783,0.3899202134792921,0.3899760838987971,0.39034347755363347,1.2511555176756177,0.9235603677013109,0.4277080486092147,0.9334397770363256,-0.0052062532462317625,0.007708561835296589,-0.35861351849580697,-0.15709549846889548,0.1202105129098241,-0.0412294077681008,-0.00030280212596041627,-6.474153606386555e-05,-4.2148417170367685e-05,0.43016282198950484,0.3960974655983425,0.44334129870329053,0.39664572831399886
1209,10.075,1.2993102521696156,0.9541558431127282,0.5,0.9998350599790459,0.0065199766849486146,0.011222371835858705,0.012704373699751758,-0.2196788760945577,0.06891132122159166,0.0,-0.01692210137758326,0.004609551878108585,-1.5465161202744772e-06,0.39028518132418,0.3899189698247008,0.38997766818747936,0.3903439271733083,1.2501061560086608,0.9243751730287469,0.4274381591292076,0.9335080317551762,-0.00487065502635263,0.0076464576444329945,-0.3584418544948166,-0.15831831341532876,0.12394659717335221,-0.0399134296323711,0.0002081180469818074,-0.00018109271049967246,-0.00019369669340540705,0.42919811403468305,0.3968986923661827,0.4432241680072314,0.3947202056191656
1210,10.083333333333334,1.2974955492985034,0.9547232049906307,0.5,0.9998353093361297,0.006449368034647282,0.011239919189684233,0.012705277379450368,-0.21782900338313532,0.06787638414554652,0.0,-0.016861720187194985,0.004244445647044126,-1.5454982909646555e-06,0.39028280843663143,0.3899177744389495,0.38997923780208843,0.3903442973628369,1.2490637308922439,0.925211164657187,0.4271619457112497,0.9334696227063224,-0.004654199802704342,0.007635545696824001,-0.35854497674716446,-0.1493783078696076,0.12816890938535108,-0.043048290773578524,0.0005698629860380816,-4.37724280749439e-05,0.0003142186248402633,0.4286369905609663,0.3971415443772831,0.4434863304078537,0.39419919544924037
1211,10.091666666666667,1.295696269953869,0.9552820085898031,0.5,0.9998355688560555,0.006379035956489733,0.011255951201046234,0.012706168309661267,-0.2159766265388546,0.06685301543471442,0.0,-0.016798604471930212,0.00388055822477161,-1.5440494734404514e-06,0.39028041961835047,0.38991662711013464,0.3899807920802375,0.390344588323889,1.2463444378289923,0.9273337689085578,0.4263511669483618,0.9335274441011798,-0.003660314108929472,0.007768052349967977,-0.3584030839337612,-0.15922529088698845,0.12204142910644533,-0.02957741901244426,0.0004551112125894975,-0.00028128201204380936,2.04810983693901e-05,0.4287536744637394,0.39671512025302086,0.4444686867604765,0.39579599114382186
1212,10.1,1.2939124331893868,0.9558323501622522,0.5,0.9998358385389546,0.00630899164605779,0.011270473224287187,0.012707046502475599,-0.21412199230356957,0.06584116529077343,0.0,-0.01673281807013954,0.003517953026267963,-1.5421710005792766e-06,0.39027801549636965,0.3899155276129998,0.3899823303868318,0.3903448002885728,1.2442163001649857,0.9290096874896022,0.4257388385467212,0.9335685382695906,-0.00276084433913375,0.007898845388307821,-0.35830122848414436,-0.1692781512795838,0.13194248119627883,-0.04790740841681407,-0.0002400772144949063,-0.00010322401012119961,-0.00020261629776661632,0.4278852292194601,0.3966277441215827,0.44138665789398823,0.3918861650535407
1213,10.108333333333333,1.2921440560076731,0.9563743255333581,0.5,0.9998361183794031,0.006239246028752415,0.011283490872733162,0.012707911973493594,-0.21226534647984713,0.06484078212358246,0.0,-0.016664425204003748,0.0031566926065956747,-1.5398645071353393e-06,0.39027559668751005,0.3899144757093183,0.38998385211428344,0.39034493351908683,1.2431805207845021,0.9298183845717642,0.4254105704178501,0.9335415799124063,-0.0024749620558558705,0.008183077696138623,-0.35836717257149747,-0.15727590933960478,0.14535432583538954,-0.046964890747402954,0.0008107992248281924,-9.33649651017124e-06,0.00023170555703510762,0.43015665370158673,0.4014908029179284,0.4456299866704514,0.3935319468253031
1214,10.116666666666667,1.2903911533684393,0.9569080300871906,0.5,0.9998364083664099,0.0061698097583250755,0.011295010015085188,0.012708764741810787,-0.21040693388949744,0.06385181259616018,0.0,-0.01659349043905608,0.0027968386584977384,-1.5371319294052758e-06,0.39027316379823584,0.3899134711482809,0.38998535668268,0.3903449883073774,1.241577831529106,0.931079701661098,0.42492262373412343,0.9335923775254609,-0.0018889425047070845,0.00841912168407833,-0.3582329171260507,-0.16268959742469224,0.13118193626318053,-0.05908577729943354,0.0008784563843914299,-0.00013166369250345602,4.970333473242608e-05,0.42860106721966945,0.39979573499688376,0.4469467296126071,0.39507985202393614
1215,10.125,1.2886537381969911,0.9574335587522003,0.5,0.9998367084834117,0.0061006932155774785,0.011305036771803929,0.012709604830001796,-0.2085469983327009,0.06287420166987902,0.0,-0.01652007864394121,0.002438452010511721,-1.533975504918909e-06,0.39027071742454433,0.38991251366687163,0.3899868435399516,0.3903449649747501,1.2400337580421974,0.9323451072548842,0.4244688721311137,0.9336410780547918,-0.0013900595144382883,0.008354792895102391,-0.35810976325550314,-0.1724880153458619,0.10407627030625255,-0.05240598370459537,-0.0002587511523961771,4.9777731282728276e-05,-4.433066546187926e-05,0.4329036279972878,0.4028751521130058,0.446981077112024,0.3962883396044158
1216,10.133333333333333,1.2869318213930618,0.9579510059872895,0.5,0.9998370187082688,0.006031906507228487,0.011313577511489788,0.012710432264101606,-0.20668578254773404,0.06190789264984446,0.0,-0.016444254950426743,0.002081592625605253,-1.5303977682532249e-06,0.3902682581518497,0.3899116029902383,0.38998831216200974,0.3903448638714884,1.2390143692277027,0.9331621633226642,0.4241030382158801,0.9336445638155846,-0.0008669643058767339,0.008578347000103723,-0.35809703823579025,-0.1484372000891021,0.11873561951487588,-0.0508894809225946,0.0003726487870122912,-0.00021516022385327833,2.3836350269072753e-05,0.4353391822336497,0.40374331466675834,0.4426201119453962,0.39348140769841117
1217,10.141666666666667,1.2852254118399735,0.9584604657682639,0.5,0.9998373390132687,0.00596345946494725,0.011320638847260641,0.0127112470735845,-0.20482352817129362,0.06095282723043332,0.0,-0.016366084713662743,0.0017263196002918469,-1.5264015489724976e-06,0.3902657865548593,0.38991073883209115,0.389989762052824,0.39034468537649536,1.2379479415449448,0.9339763185440165,0.4237963195871752,0.9336773539072583,-0.0006101170032319354,0.00860376626041148,-0.3580114547945625,-0.15555913833451562,0.1165536845549986,-0.047428105136548826,0.0006310545054386228,0.00010395311637180054,-0.00020106195529425954,0.43369468160402147,0.400635879567185,0.443819521484842,0.3962189926871215
1218,10.15,1.2835345164141376,0.958962031574661,0.5,0.999837669365131,0.005895361644551402,0.011326227633128995,0.012712049291340517,-0.20296047569941847,0.060008945540965995,0.0,-0.01628563347275073,0.0013726911642276138,-1.5219899723406094e-06,0.39026330319749064,0.38990992089507276,0.3899911927445051,0.39034442989688406,1.235838978711122,0.9355954868953913,0.4231926543597752,0.9336795536502146,0.0002693246699052228,0.008945292723207389,-0.3579977657721543,-0.1581178347410006,0.12324209562122324,-0.038669943559993536,0.0004552529406143221,-0.00011908275002667096,0.00014185002525590883,0.4336559206033562,0.40123196735234046,0.44295761500071945,0.394668589520476
1219,10.158333333333333,1.2818591399948625,0.9594557963769652,0.5,0.9998380097250185,0.005827622325368821,0.01133035096038072,0.01271283895364953,-0.2010968644490101,0.05907618619148115,0.0,-0.01620296691161886,0.001020764680267986,-1.5171664549780623e-06,0.39026080863281265,0.3899091488711027,0.38999260379738265,0.3903440978675499,1.234818946707791,0.9363749127362807,0.4229457678061864,0.9337336837049138,0.0005396254650999146,0.008848030521679092,-0.35785867192943205,-0.16003278590470682,0.12076008574269936,-0.0309816167521626,0.0009315664408634031,-0.00015463566070104685,0.0001530057229418003,0.43190467707668423,0.40059275827931623,0.4421308802561456,0.39280009871719596
1220,10.166666666666666,1.2801992854744921,0.9599418526242014,0.5,0.9998383600485514,0.005760250509761867,0.011333016153957034,0.012713616100152963,-0.19923293251994958,0.05815448631859159,0.0,-0.016118150820230978,0.0006705966449714829,-1.5119347001181873e-06,0.39025830340296325,0.3899084224417587,0.3899939948000146,0.39034368975077405,1.2337611226532443,0.9371382671643751,0.4226573790514568,0.9336798640624743,0.000807772446223035,0.008924193217373607,-0.3579966727825466,-0.14965817856322783,0.12121201971987405,-0.05619573622834273,0.0003703176967650359,-0.00013498817655937398,7.251422932699685e-05,0.4310281303093289,0.3999397554839114,0.4405856259375864,0.391052919756037
1221,10.175,1.278554953768845,0.9604202922319148,0.5,0.9998387202858272,0.00569325492281235,0.01133423076884174,0.012714380773823175,-0.1973689167578113,0.0572437816313896,0.0,-0.016031251056152357,0.00032224268952550574,-1.5062986962522708e-06,0.39025578803909444,0.3899077412786381,0.3899953653691855,0.39034320603580164,1.232701644820931,0.9378940913951115,0.4224288793897995,0.9337181820407416,0.0016448050221212684,0.009214308585139512,-0.3578865010869641,-0.15627304108949414,0.12024466442926984,-0.05026385148780288,-1.762610633732839e-05,0.00012135999759958459,-7.266744187473071e-05,0.4353975781730089,0.4028992229907821,0.44471571295887374,0.3965596264923377
1222,10.183333333333334,1.2769261438279713,0.9608912065705304,0.5,0.9998390903814426,0.005626644012165943,0.011334002586455182,0.012715133020930492,-0.19550505271717075,0.056344006457380726,0.0,-0.015942333506486873,-2.424241891409792e-05,-1.5002627123592005e-06,0.3902532630613326,0.38990710504371273,0.3899967151498903,0.3903426472384003,1.23169452666959,0.9387243520830469,0.42213464690403457,0.9337257083409574,0.002092737069961945,0.009301338808883152,-0.3578622739701628,-0.15590799551998824,0.1291223643746786,-0.03586213306924768,0.00044400769341119826,0.00018567786897615425,0.0001588791625466337,0.43516930146513455,0.4030293404290115,0.44315385927815654,0.394628384486104
1223,10.191666666666666,1.2753128526472035,0.961354686454099,0.5,0.9998394702745216,0.0055604259480341875,0.011332339611056884,0.012715872891007991,-0.19364157462550644,0.055455093788415184,0.0,-0.015851464050223463,-0.000368804775478021,-1.4938312948251662e-06,0.3902507289787422,0.3899065133896797,0.3899980438152853,0.3903420139004258,1.230664231220763,0.9394812826197028,0.4219041091306131,0.933736365205609,0.002558358006064132,0.009379317066431386,-0.357829405594758,-0.153389042188401,0.11795921195330017,-0.03783645847655892,0.0005748432571803678,0.00024463786448926877,9.513167465525002e-05,0.4319193332078234,0.40089322662911503,0.44178747887344805,0.3922058910006592
1224,10.2,1.2737150752785076,0.9618108221294253,0.5,0.9998398598987466,0.005494608623352496,0.011329250066158224,0.012716600436813996,-0.19177871534769245,0.0545769753265944,0.0,-0.0157587085209737,-0.0007113913354757845,-1.4870092625125179e-06,0.3902481862893148,0.38990596596029736,0.38999935106662287,0.39034130658936805,1.2296045825065784,0.940219825120446,0.4216026631903688,0.9337175507981713,0.00266296836233139,0.009507270228416263,-0.35787435748285945,-0.14759098697851858,0.12277577399630868,-0.013772370726961025,0.00040555338360059623,-0.00017444208846937621,6.899986260606001e-05,0.4339870749343879,0.4011760529579889,0.440457125351801,0.3926367989276055
1225,10.208333333333334,1.2721328048421303,0.9622597032655764,0.5,0.9998402591823944,0.0054291996540924365,0.01132474239094677,0.012717315714292394,-0.18991670635108057,0.05370958153012749,0.0,-0.01566413267016552,-0.0010519499119132367,-1.4798017017018006e-06,0.3902456354799556,0.38990546239073864,0.39000063663314927,0.3903405258978923,1.228609046762184,0.9410407451262075,0.421381913861225,0.9337792737897054,0.003081215467053765,0.009618067987618708,-0.3577069564884106,-0.14250358100169613,0.12042438271475664,-0.02986271176504962,0.0009203088372269813,0.00030770935118660484,0.00014795335991625157,0.4294095810674614,0.39667076054528316,0.43720226159616915,0.38931239671005335
1226,10.216666666666667,1.2705660325385253,0.962701418943777,0.5,0.9998406680483762,0.005364206379726175,0.01131882523672375,0.012718018782530748,-0.18805577767116977,0.05285284165910938,0.0,-0.015567802130686172,-0.001390429172663799,-1.4722139613583443e-06,0.3902430770264786,0.3899050023079218,0.39000190027198567,0.3903396724433884,1.2275750617303978,0.9417951004732859,0.4211645512918632,0.9337717915571515,0.0032696152596268253,0.009718955580727153,-0.3577220887932719,-0.1468279931519323,0.12300681013469594,-0.022396849485650794,0.0006239314146844181,-6.069183426820629e-05,-7.980665852529158e-05,0.4327709266101174,0.3988647130509417,0.4392591665533273,0.39258241067628863
1227,10.225,1.2690147476605693,0.9631360576476826,0.5,0.999841086414281,0.005299635863841411,0.011311507463355975,0.012718709703716285,-0.18619615787785945,0.05200668382119978,0.0,-0.015469782380974911,-0.001726778637318347,-1.4642516484047086e-06,0.3902405113936253,0.38990458533083566,0.39000314176799006,0.3903387468674915,1.226523184591365,0.9425378272945858,0.4208928581441979,0.9337597951030638,0.003664794781266166,0.010047874041819805,-0.35774048492662286,-0.14319853232971358,0.10716333162789082,-0.04512498660211306,-5.715761189520491e-05,0.000464023204205079,3.7814574433376e-05,0.4312680033149717,0.3983798073035624,0.4384733305160388,0.390729696326748
1228,10.233333333333333,1.2674789376060565,0.9635637072540327,0.5,0.9998415141924235,0.005235494894904692,0.011302798135743555,0.012719388543089774,-0.18433807404228456,0.051171035017176854,0.0,-0.015370138709633703,-0.002060948673712305,-1.4559206210076013e-06,0.39023793903508547,0.38990421107087436,0.3900043609335846,0.3903377498356031,1.2225071219597103,0.9455318815038056,0.42002472135160723,0.9338103767134455,0.004872279557635477,0.011065874574532418,-0.3575639630249477,-0.1500066515576881,0.11676609663802129,-0.034336929845862896,0.0004467378063480206,0.00018312846656551172,-4.410734525253591e-05,0.4374201879062795,0.4017174090319095,0.439933736954792,0.3950100051667834
1229,10.241666666666667,1.265958587890457,0.9639844550236866,0.5,0.9998419512898962,0.005171789987170868,0.011292706520304696,0.012720055368897396,-0.18248175170422967,0.050345821186339956,0.0,-0.015268936180528655,-0.0023928904941540392,-1.4472269840910704e-06,0.390235360393527,0.3899038791321476,0.3900055576085692,0.3903366820364166,1.2214805775547986,0.9462355986728551,0.41991376054695984,0.9338511786406116,0.0050372912629832334,0.011206926930618678,-0.3574507051847068,-0.13513414550851977,0.09604837653627296,-0.044110699234584105,0.00023640890204737887,0.0005858453656378336,0.00028577771784826154,0.4353140935806335,0.40143191151394847,0.43904738278269256,0.39234321653448206
1230,10.25,1.2644536821599517,0.9643983875930338,0.5,0.9998423976086257,0.005108527381736799,0.011281242081478723,0.012720710252340563,-0.18062741484011804,0.049530967251740915,0.0,-0.015166239598406508,-0.0027225561513836934,-1.4381770822652557e-06,0.39023277590064437,0.3899035891117884,0.39000673165991817,0.39033554418142064,1.219016610879114,0.9480259575308965,0.41935879747644556,0.9338790774369791,0.005561628940390948,0.012047572011340782,-0.3573426828936306,-0.14921080313552437,0.11114685392767942,-0.023876884633888817,0.00021451276562470855,0.0005199053514010565,-9.754109285293531e-05,0.43967702670608366,0.40125362369776935,0.43779041203516206,0.3956799043140807
1231,10.258333333333333,1.262964202204727,0.9648055909657818,0.5,0.999842853045432,0.00504571304773688,0.011268414478248364,0.012721353267523838,-0.178775285831573,0.0487263971652181,0.0,-0.015062113475059197,-0.0030498985342524614,-1.428777493268159e-06,0.3902301859771994,0.3899033406002732,0.3900078829815338,0.39033433700440934,1.2175700930367794,0.9490377678709476,0.41904290114182763,0.9338998413420023,0.005521953996104869,0.012483826983812127,-0.35727405227540115,-0.14428439203439947,0.10056051021586354,-0.03812955058670742,-4.4008975041146384e-05,0.0004436932121536216,-3.183483521364034e-05,0.4348716253765662,0.39988100990348957,0.4363917622844544,0.3908264814138703
1232,10.266666666666667,1.2614901279725308,0.9652061505051185,0.5,0.9998433174920921,0.004983352683678217,0.011254233560682522,0.012721984491400913,-0.17692558543454784,0.04793203395221165,0.0,-0.014956621996041688,-0.003374871363158104,-1.4190350228372316e-06,0.39022759103309607,0.3899031331817081,0.39000901149400097,0.39033306126097816,1.2145819380744194,0.9510902687350778,0.41858215832079093,0.9339694736454891,0.0054415559970898775,0.01350358303317169,-0.3570561090528558,-0.15028920681408042,0.10432147839258832,-0.01087484291152907,-0.00030354770752472364,0.00024183900750176314,0.00011864221474083324,0.4386003137684327,0.4014943820967692,0.4375042784200946,0.39405865193314893
1233,10.275,1.2600314375824744,0.9656001509262474,0.5,0.9998437908354075,0.004921451718912989,0.011238709366500304,0.012722604003718786,-0.17507853274902055,0.047147799756335596,0.0,-0.014849828987949213,-0.0036974291852542225,-1.408956695338751e-06,0.3902249914674428,0.3899029664341279,0.3900101171443082,0.39033171772802105,1.2136091649423617,0.9517109793566181,0.4183695693189569,0.9339660586345956,0.005631093659603548,0.01411401633660897,-0.3570384946271288,-0.1412344138813637,0.08532425788426723,-0.03219526406590956,0.00029923717901910455,0.0004167285364092274,-3.426372647591159e-05,0.4335432103321557,0.39769649160982395,0.4338322570571753,0.38920758047856174
1234,10.283333333333333,1.2585881073390965,0.9659876762892909,0.5,0.9998442729572764,0.0048600153152457744,0.011221852117657345,0.012723211886960137,-0.17323434518924938,0.046373615883687776,0.0,-0.014741797886285546,-0.004017527369425471,-1.3985497494612613e-06,0.39022238766863304,0.3899028399297872,0.3900111999055506,0.39033030720321604,1.2126524809531085,0.9523664445598311,0.41817520186394863,0.9339956387496199,0.005365076217702096,0.014514419141473807,-0.3569491481861998,-0.1458667537925562,0.09458732342827458,-0.030843528583179847,7.539682739070098e-05,0.0003863045489560334,4.437554875008104e-05,0.43989071555717435,0.3998481740907303,0.43456414815550615,0.3940810147464448
1235,10.291666666666666,1.257160111746657,0.9663688099925654,0.5,0.9998447637347664,0.004799048368673095,0.011203672216955252,0.012723808226283953,-0.17139323845458573,0.045609402846871476,0.0,-0.014632591703930085,-0.0043351221010725525,-1.3878216281227348e-06,0.3902197800144408,0.3899027532354299,0.39001225977661713,0.3903288305045079,1.2112617233242118,0.9533166656574179,0.41783810022122925,0.9340362732538813,0.005216824531904244,0.015160146821173405,-0.35681815387696364,-0.15177297722821503,0.09018728014867916,-0.023167445858213176,0.0002869713822272414,0.0007604108719487774,0.0001417488178491309,0.4383822343307176,0.4001005230476131,0.4358209565365087,0.39363452421930784
1236,10.3,1.255747423523681,0.9667436347662182,0.5,0.9998452630401953,0.004738555511252934,0.011184180244674892,0.01272439310946455,-0.1695554265008397,0.044855080408711355,0.0,-0.01452227300020452,-0.004650170376706854,-1.3767799724307534e-06,0.3902171688721029,0.3899027059125797,0.39001329678183927,0.39032728846960285,1.2103406635174985,0.9540211869666997,0.41768855661620363,0.9339966308991068,0.00509200812595913,0.01555962717061541,-0.3569065184676158,-0.1284240212255705,0.10430676829165098,-0.026501911535586897,0.0002812525938509669,0.00035586509662226175,7.072093297992722e-05,0.43767626649650065,0.3993644500517212,0.4341906720542889,0.39206338344956204
1237,10.308333333333334,1.2543500136177324,0.9671122326662296,0.5,0.9998457707412113,0.004678541113101447,0.011163386955234302,0.012724966626828918,-0.1677211215121941,0.04411056762564052,0.0,-0.01441090385057217,-0.004962629998372267,-1.3654326145375614e-06,0.3902145545984369,0.38990269751779333,0.3900143109706532,0.390325681955427,1.209329935398067,0.9546143465021657,0.41757086745274097,0.934047696009235,0.004955476237575489,0.016093273480868253,-0.35675110565178175,-0.15296594540119557,0.08002874400719895,-0.03234819508973752,-0.00046233012386421874,0.00039898158452933896,7.528175037527792e-05,0.43651822267927126,0.3966301064032299,0.43647358546509485,0.39590357735304527
1238,10.316666666666666,1.2529678512204205,0.9674746850687739,0.5,0.9998462867008796,0.004619009284514344,0.011141303273871809,0.012725528871192578,-0.16589053387366315,0.043375782890738714,0.0,-0.014298545816967484,-0.005272459567905787,-1.3537875675016645e-06,0.3902119375399497,0.3899027276029273,0.39001530241721405,0.39032401183760485,1.2084580145111559,0.9552239708701836,0.4174019833822389,0.9340834202120615,0.00509567084913765,0.016602044180830607,-0.3566322620747489,-0.15141341036573053,0.0825082175898495,-0.019159379973110457,-0.0004242295515848511,0.0002943953781741215,-1.8994855725236935e-05,0.44051996434542046,0.4005793454053792,0.43454619376238407,0.3940347932635915
1239,10.325,1.251600903782632,0.9678310726649371,0.5,0.999846810777771,0.004559963878210211,0.011117940293355059,0.012726079937793955,-0.16406387214409085,0.04265064397640194,0.0,-0.014185259918777766,-0.005579618481063257,-1.3418530194411337e-06,0.39020931803295783,0.38990279571539355,0.3900162712200014,0.39032227900993116,1.2075416206229534,0.9558256631995007,0.41722045140796876,0.9341022865966343,0.005141984070806337,0.016948165197070618,-0.3565658955525722,-0.11963011093234499,0.08284335026889078,-0.027077926037383238,0.0001396945408600191,0.0006415488114401405,0.0003470205519768046,0.4381009164799977,0.39813637599071466,0.4326901058049808,0.3922251285693367
1240,10.333333333333334,1.250249137029983,0.9681814754557891,0.5,0.9998473428260534,0.004501408491693042,0.011093309270716271,0.012726619924227313,-0.1622413430296843,0.04193506807662315,0.0,-0.014071106604479694,-0.005884066921510239,-1.3296373232599492e-06,0.390206696403716,0.38990290139840456,0.3900172175014131,0.3903204843838294,1.2051972422143928,0.9572927264686647,0.41675280821201416,0.9341438049923444,0.005028976685378624,0.017937700628821975,-0.35641029710724337,-0.13076077022973198,0.099242240250208,-0.019814288787822765,-5.64700930614023e-05,0.0005750048484101876,-7.2550534994651e-05,0.4396474154272403,0.3951850794564897,0.4335842516406626,0.3976793180873937
1241,10.341666666666667,1.2489125149784912,0.9685259727478053,0.5,0.999847882695588,0.004443346469731244,0.011067421624014497,0.012727148930374408,-0.1604231513580783,0.04122897184886557,0.0,-0.013956145723946796,-0.006185765854698284,-1.3171489895131107e-06,0.39020407296854787,0.3899030441912215,0.39001814140732743,0.39031862888782076,1.2025791406978057,0.95903158014939,0.41628720047154616,0.9342079810376536,0.00385924294760251,0.01909574337892658,-0.35619644438740355,-0.13566959795643374,0.07778773386577509,-0.015270944684953047,-0.0004360673424647889,0.0003327447421745452,-1.8467867199505654e-05,0.436600857703115,0.3951553210769225,0.4347366603850599,0.39578801594840696
1242,10.35,1.2475909999504573,0.9688646431486354,0.5,0.9998484302320277,0.004385780906950246,0.011040288929124951,0.012727667058334816,-0.15860950005292557,0.04053227145550961,0.0,-0.013840436501442361,-0.006484677021645673,-1.304396677508481e-06,0.39020144803399753,0.38990322362938273,0.3900190431066645,0.390316713466974,1.2017189927405827,0.9595832010571553,0.416079287084686,0.9342177945625234,0.003505265660007296,0.019512617189424066,-0.3561517699040776,-0.12314564499820158,0.09402116740974131,-0.028364884448905947,-4.093542770978219e-05,0.0002532989595382453,6.0217336017066835e-05,0.4378032810823716,0.3944016402537846,0.43222646568432876,0.3952686897902815
1243,10.358333333333333,1.2462845525905555,0.9691975645632164,0.5,0.9998489852769181,0.004328714650535857,0.011011922916556055,0.012728174412355093,-0.15680059010900843,0.03984488260485446,0.0,-0.01372403750929685,-0.0067807629326228375,-1.2913891859758032e-06,0.3901988218969708,0.38990343924492915,0.3900199227909251,0.39031473908236797,1.2008368873866062,0.9601540147688693,0.4159323302557193,0.9342570987507611,0.0030774674766117995,0.019813910688185575,-0.3560359694904177,-0.1289546087175797,0.06058458915217946,-0.030881891610384793,-0.0007002319282951224,0.00019125771082576168,-1.9867555423167563e-05,0.4378917433731313,0.39464324768575,0.4366061713234688,0.39952444327736647
1244,10.366666666666667,1.2449931318821286,0.9695248141902227,0.5,0.9998495476678028,0.004272150303045518,0.010982335468294309,0.012728671098756805,-0.1549966205678668,0.03916672059165803,0.0,-0.01360700664227878,-0.007073986860776376,-1.2781354444601692e-06,0.3901961948448936,0.38990369056663154,0.39002078067370816,0.3903127067105415,1.200045253169688,0.9607363359743505,0.4157698385984052,0.9342728352504068,0.0029817294078046752,0.020051938894461992,-0.355982160156205,-0.12535887081208674,0.07112538229904208,-0.012198551287490034,0.0002875722914127152,-0.00014408302111787173,0.0001263942236284753,0.4422264572337003,0.3956875507354955,0.43304850483417073,0.399258193232447
1245,10.375,1.2437166951636855,0.9698464685188534,0.5,0.9998501172383302,0.0042160902253245165,0.010951538614677275,0.012729157225863508,-0.15319778849393798,0.03849770033719729,0.0,-0.013489401092689915,-0.007364312835676165,-1.2646445038948809e-06,0.39019356715586895,0.3899039771202113,0.3900216169902145,0.3903106173429463,1.199165039438073,0.9612089489903115,0.4155776990539771,0.9342797199249175,0.002365556428295505,0.02018964359377336,-0.35596093517598093,-0.1329204257466854,0.07536096981379803,-0.03611297774536171,0.00030200890098319114,0.0005237657184037728,6.624911636239725e-05,0.43772191218260176,0.39226088194765635,0.43146360215414187,0.39663154937029055
1246,10.383333333333333,1.2424551981455862,0.97016260332595,0.5,0.9998506938183638,0.004160536539524045,0.010919544531294945,0.01272963290392673,-0.15140428895120323,0.03783773642883074,0.0,-0.013371277326168425,-0.0076517056368240535,-1.2509255285767011e-06,0.3901909390988479,0.38990429842853863,0.39002243199674635,0.3903084719853963,1.1983215475720228,0.9617719992632703,0.4153755024992172,0.9343187358612877,0.001975165870650587,0.020390696013896082,-0.35584943171855415,-0.11602901510854302,0.09332267664081684,-0.03218411250560105,7.958461698537038e-05,8.77805900859213e-06,-4.364229379887503e-05,0.4408332967970316,0.3969238568274442,0.4365326217069181,0.4001409610744014
1247,10.391666666666667,1.2412085949269258,0.9704732936734417,0.5,0.999851277234096,0.004105491132218327,0.010886365535919497,0.012730098245051082,-0.14961631498033628,0.03718674315904967,0.0,-0.013252691058209294,-0.007936130787126681,-1.236987785304777e-06,0.3901883109337957,0.3899046540118435,0.39002322597017813,0.39030627165751786,1.1975344687567224,0.9623265834267586,0.41524030748242946,0.9343301116213549,0.0020954438163283892,0.020431135495980635,-0.3558165543298737,-0.12477586835164534,0.08134676544272468,-0.017610173516607874,-0.0005117825285876602,-5.08430603392984e-05,0.00020291258394004727,0.43767345765970106,0.3938349901984538,0.438427543273268,0.40197480266248614
1248,10.4,1.2399768380126017,0.9707786139061128,0.5,0.9998518673081616,0.0040509556576175994,0.010852014085463596,0.012730553363118504,-0.14783405757634877,0.03654463456399973,0.0,-0.013133697231429129,-0.008217554546336889,-1.2228406363941227e-06,0.39018568291187394,0.3899050433879131,0.39002399920742165,0.3903040173921915,1.1966846071633148,0.9628265440193644,0.41514621525914286,0.9343631426328256,0.0022427583333890296,0.020588307712372494,-0.35571984666294454,-0.11697126793284163,0.058038278455352366,-0.04490406362500088,-0.0003347394355147079,0.00027239225216260074,6.887542994558381e-06,0.43677010860911825,0.3927573042825743,0.43456932954443855,0.3983348200928732
1249,10.408333333333333,1.2387598783305651,0.9710786376496878,0.5,0.9998524638597578,0.003996931540873961,0.010816502772967305,0.01273099837371178,-0.14605770566672777,0.035911324461458886,0.0,-0.013014349993565854,-0.00849594390448617,-1.2084935283494601e-06,0.39018305527563174,0.3899054660722681,0.39002475202489106,0.39030171023498866,1.1958791197199254,0.9633475596855615,0.4149254006326098,0.9343583707920531,0.0021909580855248804,0.02075002843926587,-0.3557233067332779,-0.11159013727231049,0.08473488445547295,-0.03376315245662842,-0.00016915403500501985,8.823047214958135e-05,7.781651770163708e-05,0.44438048908528544,0.3963708081584818,0.4358904765488865,0.4036380513645759
1250,10.416666666666666,1.2375576652492475,0.9713734378092324,0.5,0.9998530667047634,0.00394341998147695,0.010779844324613524,0.012731433394037383,-0.144287446090061,0.03528672648825621,0.0,-0.012894702676217283,-0.008771266575317606,-1.193955982272768e-06,0.3901804282591778,0.38990592157836185,0.39002548475792587,0.39029935124362997,1.1950842978318668,0.963889828461924,0.414779665310307,0.9344105849047851,0.0018635953753564664,0.020496036390381864,-0.35560272541483506,-0.11835500889472161,0.080677450919453,-0.014477927391970402,0.00018741099773746946,-0.0002002704854781028,8.420264420686388e-05,0.43918448701130997,0.39386996228624815,0.4375969394639537,0.4026531260900394
1251,10.425,1.2363701465951682,0.971663086567859,0.5,0.9998536756558611,0.0038904219567358297,0.010742051596771914,0.012731858542847693,-0.14252346357514364,0.03467075413711838,0.0,-0.012774807774335362,-0.009043490989721212,-1.1792375857151228e-06,0.3901778020883711,0.38990640941776183,0.39002619776021963,0.3902969414874251,1.19426418892462,0.9643545731366171,0.4146194643884666,0.9344189269669516,0.0015480518875987865,0.020323529294899365,-0.3555922195693874,-0.10539597303311776,0.08728355951150846,-0.015089903855691755,0.00032486270603154864,-0.0005557960262619559,0.0001650497628632979,0.4360902116631721,0.39182672203929414,0.43441453624586684,0.3984522766214497
1252,10.433333333333334,1.235197268670707,0.9719476553857411,0.5,0.999854290522663,0.003837938225345312,0.010703137573071293,0.012732273940362726,-0.14076594072056334,0.034063320792928405,0.0,-0.012654716926477298,-0.009312586289191946,-1.164347983093449e-06,0.3901751769810325,0.38990692910030705,0.3900268914032468,0.39029448204670514,1.1930982668523062,0.9651134254614272,0.4144127617646881,0.934429959547009,0.0009640235404626392,0.020034507644216534,-0.3555816922495342,-0.11893013400985364,0.05749891948473307,-0.03124077349954124,-0.0004151622597144324,-0.00030875047736260094,-3.176976343313118e-05,0.4350380360832236,0.39037798623303055,0.4356564900882132,0.4001070760870722
1253,10.441666666666666,1.2340389762720467,0.972227214999422,0.5,0.9998549111118377,0.003785969331031683,0.010663115361500228,0.012732679708191407,-0.1390150579747571,0.03346433976838502,0.0,-0.012534480895812893,-0.009578522319318774,-1.1492968647159273e-06,0.3901725531471283,0.3899074801342903,0.3900275660756592,0.3902919740122724,1.1874593103780169,0.9687195183845055,0.41320037012441824,0.9345462564192321,-0.00031241370001743344,0.01703088380941182,-0.3554337434841404,-0.1128865580423799,0.07204760157225598,-0.041253672600843894,-0.00035850239251349286,-0.00018729955552467692,1.1638833204506813e-05,0.44087427390694617,0.3951141036357076,0.43530569454418183,0.40082387984633366
1254,10.45,1.2328952127072776,0.9725018354214207,0.5,0.999855537227237,0.0037345156062760627,0.010621998191535708,0.012733075969252456,-0.13727099361653688,0.03287372433904872,0.0,-0.01241414955190622,-0.009841269623304547,-1.1340939597022349e-06,0.39016993078897666,0.38990806202661527,0.390028222182682,0.39028941848484217,1.1867236588725179,0.9691250203104049,0.4129642202423819,0.9345791547369541,-0.0009201566710620286,0.016436884477097718,-0.355374148850965,-0.1083933975452478,0.08986532511174872,-0.021859472782265188,4.85027213362857e-05,-0.0006733947946978595,0.00016376955123973067,0.4384692168905642,0.39899973391406324,0.4418202729714262,0.4010882082569996
1255,10.458333333333334,1.231765919814657,0.972771585940125,0.5,0.9998561686700297,0.0036835771761116274,0.010579799411299733,0.012733462847695021,-0.13553392373607734,0.03229138777776244,0.0,-0.012293771853251681,-0.010100799435544556,-1.1187490248624506e-06,0.39016731010147204,0.38990867428293186,0.39002886014552113,0.39028681657446873,1.1860278527594281,0.9695991932030411,0.41275556796283613,0.9346016598786737,-0.0010305305426715375,0.016053651158643333,-0.355332176481817,-0.1118720810794116,0.0619773760619835,-0.014376941773919238,-0.00048208132138809884,-0.0005569567768567822,-0.00012734275987523745,0.43225223097422477,0.3954504507467922,0.4416630457066799,0.398310033926616
1256,10.466666666666667,1.2306510379810327,0.9730365351199677,0.5,0.9998568052388307,0.0036331539619916826,0.010536532484743377,0.012733840468819072,-0.13380402221636245,0.03171724338843671,0.0,-0.012173395830591323,-0.010357083675255273,-1.103271833394708e-06,0.3901646912722628,0.3899093164078242,0.39002948040071045,0.3902841694000107,1.1853516175332106,0.9700703772700437,0.4126009033847656,0.9345941303778761,-0.0009236760145234992,0.015475548998294317,-0.35537791950125874,-0.10542612969701715,0.06068211809586721,-0.04103414795946225,-0.001132132981235506,-5.952851578601598e-05,-9.847623916697252e-06,0.4342528860246879,0.3950956761186569,0.43721642401926797,0.39615737616022645
1257,10.475,1.2295505061604082,0.9732967508018818,0.5,0.9998574467298375,0.0035832456857251924,0.010492210988858247,0.012734208958995689,-0.13208146071508564,0.031151204539185382,0.0,-0.01205306857100971,-0.010610094940162173,-1.0876721706637319e-06,0.3901620744819766,0.38990998790493875,0.39003008339949413,0.3902814780885622,1.1845995822993909,0.9704821944321559,0.41249646365145926,0.9346173313043195,-0.0012128922333344602,0.014949050731394445,-0.3553385692550873,-0.1150799008991843,0.06178331247894686,-0.008944745589711811,-0.0009944741804424869,-0.0006112086593102662,0.00011542789210361675,0.43871100868659546,0.3992306190452098,0.44165328823983996,0.40094138728057055
1258,10.483333333333333,1.2284642618926616,0.9735523001040269,0.5,0.9998580929369636,0.0035338518734766935,0.010446848610914869,0.012734568445587244,-0.13036640864699856,0.030593184694803852,0.0,-0.011932836202797493,-0.010859806500272547,-1.0719598201082572e-06,0.3901594599044551,0.3899106882771054,0.3900306696072081,0.39027874377488064,1.1828820763247125,0.9715751634854779,0.41194915177012564,0.9346575943557714,-0.0019736929530327725,0.013794815740177161,-0.35527593347692993,-0.11679719545114597,0.06761263630402636,-0.0076496858763763775,-0.0007922692714946313,-0.0006394406904404199,7.309477724341256e-05,0.4326940352601653,0.3957535431687214,0.43713935795413283,0.3939113089222384
1259,10.491666666666667,1.227392241322405,0.9738032494227841,0.5,0.9998587436519767,0.0034849718598272614,0.010400459145727636,0.012734919056867671,-0.12865903316670482,0.03004309744857805,0.0,-0.011812743881101543,-0.011106192291723518,-1.0561445551806898e-06,0.3901568477069393,0.3899114170265039,0.3900312395026093,0.39027596760085365,1.1821914171379406,0.9720529251900542,0.41180991131237105,0.9346484188955024,-0.0017930146656886664,0.01343311551389257,-0.35531488789823656,-0.10067902961352626,0.06291043627957293,-0.05010279676476159,-0.0005789848958215065,-0.00016918891631523638,-3.293137102241501e-05,0.430713317652334,0.39670485405290035,0.4390105695407133,0.3928619976220447
1260,10.5,1.2263343792179864,0.9740496644340106,0.5,0.9998593986646364,0.003436604791893327,0.010353056492946005,0.012735260921942776,-0.12695949915189325,0.029500856553415472,0.0,-0.011692835774348523,-0.011349226910710367,-1.0402361313997018e-06,0.39015423805029953,0.3899121736547838,0.3900317935772372,0.390273150714934,1.1806050407085316,0.9731233406165288,0.41137040924296153,0.9347136638233988,-0.0017942194939691407,0.01233907455685804,-0.3551829031320707,-0.09796301574698241,0.07575918285650518,-0.03697130663201098,1.954187488783563e-05,-0.00020173472554858098,-6.398110717060412e-06,0.4384469655639897,0.4018769986318701,0.4452786841308722,0.40167387913712116
1261,10.508333333333333,1.2252906089906257,0.9742916100945512,0.5,0.9998600577628328,0.0033887496335000995,0.010304654654371465,0.01273559417067074,-0.12526796918700683,0.028966375952288948,0.0,-0.011573155051458063,-0.011588885607520725,-1.024244276346203e-06,0.3901516310892666,0.3899129576631798,0.39003233233476303,0.3902702942715771,1.1799494118227343,0.9735483179793031,0.4110754770131321,0.9347121418228551,-0.0019536243048903965,0.012058490292382169,-0.35519570393358446,-0.09410226965596014,0.07811128835923942,-0.011909228292578122,-0.00010711242429160284,-0.0005999845996928785,7.120274005349211e-05,0.43424932441303343,0.40056761085972087,0.4453608552124431,0.39890319161286275
1262,10.516666666666666,1.2242608627136833,0.9745291506439993,0.5,0.9998607207327281,0.003341405169406278,0.010255267731299806,0.012735918933582877,-0.12358460354734264,0.02843956980798422,0.0,-0.011453743869831263,-0.01182514428066276,-1.00817867985493e-06,0.3901490269726456,0.3899137685526407,0.3900328562903315,0.3902673994306922,1.1793211892784055,0.9740225247420993,0.41084929255858016,0.9347372024726985,-0.002135749072818631,0.011896286826204201,-0.35513417077093623,-0.10031815443012349,0.053872479021244146,-0.024923507375962384,-0.0002451421745839996,-0.00030403953454141003,-8.577502127163488e-05,0.4295012014586908,0.3962055731323196,0.44186641354787304,0.3950304652184872
1263,10.525,1.2232450711420613,0.9747623496067008,0.5,0.999861387358896,0.003294570009576917,0.010204909921888267,0.012736235341804687,-0.12190956018357897,0.02792035253214442,0.0,-0.011334643364120111,-0.012057979471095995,-9.920489852259436e-07,0.3901464258435319,0.38991460582395276,0.39003336596988375,0.3902644673570984,1.1787072817184547,0.9744428513642481,0.4106816214136857,0.934726510206993,-0.0023753363178397728,0.011450254512041461,-0.3551754503977476,-0.10511057050317518,0.06417508067261268,-0.026886297888401023,0.0005430114088852948,-7.473621507629937e-06,0.00021690098699975454,0.4345436284891988,0.39945237041856957,0.4412732672435603,0.39619184548208053
1264,10.533333333333333,1.2222431637317264,0.9749912697939982,0.5,0.9998620574244653,0.003248242593501091,0.010153595518547064,0.012736543526977345,-0.12024299470672468,0.027408638813602868,0.0,-0.011215893635784603,-0.012287368356583832,-9.758647814941864e-07,0.3901438278395378,0.389915468977852,0.3900338619094906,0.390261499219976,1.1780020367708819,0.974842607159604,0.41046063358583307,0.9347453793806119,-0.0022108651359833277,0.011354947439834309,-0.3551299099915201,-0.08879732315081323,0.05628230356482522,-0.037724798546440175,0.00027512202237699754,9.322114318384552e-05,0.00012410008531277158,0.4331824301722692,0.4008418652725874,0.44342495676140836,0.3956570109702494
1265,10.541666666666666,1.2212550686593566,0.9752159733067047,0.5,0.9998627307112619,0.0032024211945511564,0.010101338905354683,0.012736843621179607,-0.1185850603734876,0.026904343645997964,0.0,-0.011097533743424022,-0.012513288746156955,-9.596355946538013e-07,0.3901412330930237,0.38991635751512616,0.39003434465469333,0.3902584961923068,1.1774412602085798,0.9752737186441951,0.4102840923922758,0.9347726763253269,-0.0019342436909562555,0.011286726914644088,-0.35506184263094787,-0.07712572817877295,0.07982091203380115,-0.033854435693847496,9.831762696803165e-05,-0.0003822626875822017,-0.00017634560054277478,0.436106594588527,0.400727243803317,0.4440615146114053,0.3993310573423927
1266,10.55,1.2202807128421074,0.9754365215378051,0.5,0.9998634069999517,0.003157103924380376,0.010048154555496524,0.012737135756850279,-0.11693590807205707,0.026407382354663604,0.0,-0.010979601693890213,-0.01273571907469336,-9.433708781445688e-07,0.39013864173132506,0.38991727093671535,0.3900348147598329,0.39025545945032825,1.1768534683595648,0.9757272952369503,0.41007220193808436,0.9347499231819134,-0.0018895432613244471,0.010969969629990974,-0.3551319057814829,-0.10070018114831658,0.06779057574870517,-0.021415308840538883,5.9843489735202825e-06,-0.00036578866362591185,0.00012680785964180107,0.4327106844775844,0.3987465632430883,0.44625321599235085,0.40009020830001024
1267,10.558333333333334,1.2193200219574902,0.9756529751753776,0.5,0.9998640860701848,0.0031122887373556435,0.00999405702872628,0.012737420066711297,-0.11529568630829773,0.025917670622789206,0.0,-0.010862134434172083,-0.012954638397634215,-9.270800037392967e-07,0.39013605387696837,0.3899182087438256,0.3900352727873616,0.3902523901730024,1.1762312886548543,0.976121099708389,0.40986850520608886,0.9347919164104581,-0.001759025838599709,0.010754158668658333,-0.3550286283007209,-0.09541902115439704,0.06239036261324049,-0.04567978811153006,-3.589267237888532e-05,0.00013256968420999668,1.940867979549955e-05,0.43198852310855324,0.40017311473713985,0.44308984153823444,0.3947562386165721
1268,10.566666666666666,1.2183729204633695,0.9758653942057269,0.5,0.9998647677007396,0.0030679734350221523,0.009939060968849436,0.012737696683691478,-0.1136645411923494,0.025435124516844588,0.0,-0.01074516784406492,-0.013170026385821695,-9.107722549969732e-07,0.39013346964789314,0.38991917043803254,0.39003571930716363,0.39024928954147464,1.1756779562388606,0.9765842201936765,0.40956402561817296,0.9347867368648765,-0.0020858139918553415,0.010738391294756946,-0.3550409735705281,-0.08610245006419603,0.05411937139961909,-0.03183430420154454,0.00033262696824268333,5.9586960909391195e-05,-3.38441004609173e-05,0.43668426238678537,0.40382393348627676,0.4465059187648265,0.39925568789172733
1269,10.575,1.2174393316180567,0.9760738379167289,0.5,0.999865451669666,0.003024155670596643,0.009883181101228383,0.012737965740850999,-0.1120426164256309,0.024959660511263398,0.0,-0.010628736729606996,-0.013381863320471784,-8.944568190490955e-07,0.3901308891576889,0.3899201555213599,0.3900361548958939,0.39024615873852814,1.1757311263503176,0.975632943841267,0.4073364720781478,0.9336299469462983,-0.015423685859933341,0.008523101128358766,-0.3578052386797909,-0.0886946349298201,0.07341442151181932,-0.009770449555462912,-0.0002767313771150254,-0.00021952665289982201,-0.00019627401920366478,0.4352194339964173,0.40052829150215397,0.4434627982948196,0.39803011581292047
1270,10.583333333333334,1.2165191775005209,0.9762783649013728,0.5,0.9998661377544313,0.0029808329534862193,0.009826432230308466,0.01273822737130671,-0.11043005328824285,0.0244911955123829,0.0,-0.010512874817277107,-0.013590130088284878,-8.781427774650632e-07,0.39012831251581387,0.38992116349637307,0.39003658013629944,0.3902429989480512,1.1751740304281229,0.9760259153761712,0.4071500567524053,0.933622233336355,-0.0153478248994745,0.008378718869367544,-0.35783203708024797,-0.08674211792740749,0.05134068551256865,-0.036294355369914655,-0.00018378581929875666,-9.189689836452874e-05,2.0291634976333147e-05,0.4195059669417404,0.39476143019705384,0.4533441376133748,0.3973239919372557
1271,10.591666666666667,1.2156123790306927,0.9764790330615014,0.5,0.9998668257320632,0.002938002653829412,0.009768829237164402,0.012738481708158306,-0.10882699062676673,0.02402964688163481,0.0,-0.010397614748963595,-0.013794808176689969,-8.618390991005365e-07,0.3901257398278175,0.389922193866277,0.39003699561653576,0.3902398113545082,1.1745602560461472,0.9764806814311825,0.40688150027793546,0.9336724150482368,-0.015032350604635024,0.008614595669573148,-0.3577088740229157,-0.08918778502711167,0.0632521082351345,-0.01375767449704468,-4.370579579206393e-05,-8.846075591100182e-05,-8.849325582644788e-05,0.42660048995711364,0.3986695999844358,0.45460119285630357,0.4018722249830815
1272,10.6,1.2147188559898763,0.9766758996117385,0.5,0.9998675153792945,0.0028956620070564,0.00971038707706642,0.012738728884415431,-0.10723356484245647,0.023574932457985007,0.0,-0.010282988077700181,-0.013995879669234983,-8.455546324619563e-07,0.39012317119556367,0.3899232461350003,0.390037401929492,0.39023659714241204,1.1740067764403497,0.9769109746162453,0.40671597465976556,0.9336377818636817,-0.01485558294438687,0.008536475108549876,-0.3578085137678642,-0.09004780170025484,0.059603671968733174,-0.03341386349677289,-5.981925718848133e-05,6.801058397885316e-05,-8.617790430340924e-05,0.42158986747170696,0.39543469533882114,0.45229343873650857,0.3977929114588254
1273,10.608333333333333,1.2138385270412426,0.9768690210836004,0.5,0.999868206472707,0.002853808118465111,0.00965112077706549,0.012738969032925804,-0.10564990987981952,0.02312697057961796,0.0,-0.010169025264152731,-0.014193327241115468,-8.292980987243634e-07,0.39012060671744936,0.38992431980727327,0.3900377996721236,0.3902333574958023,1.1733895250432143,0.9773589591764824,0.4065506856033369,0.933628089759439,-0.01496561916208178,0.008389652161639487,-0.3578326899430001,-0.09018861858227645,0.06395891484004546,-0.03217577307790265,0.00036085063889544145,0.0001538842819482008,3.321478234992691e-05,0.4254261632232966,0.39896117325305874,0.4551048944385369,0.40088710352902895
1274,10.616666666666667,1.2129713097504256,0.9770584533297832,0.5,0.9998688987888745,0.0028124379678102314,0.009591045433597014,0.012739202286304362,-0.10407615721558394,0.022685680104865488,0.0,-0.010055755673845864,-0.014387134154850198,-8.130780844163815e-07,0.3901180464886267,0.3899254143887107,0.3900381894447802,0.3902300935977219,1.172814796835214,0.9777170985381862,0.40629265267311565,0.9336577674480725,-0.014841867457447555,0.008466975894033927,-0.3577585814113567,-0.07121213897911538,0.06582303882448626,-0.01741243842290907,-2.3301340030302705e-05,6.932414545184789e-05,-9.190634732172753e-05,0.42448066598292816,0.39899740737364664,0.45571043021667956,0.4005319064570655
1275,10.625,1.212117120606208,0.9772442515286194,0.5,0.9998695921045068,0.0027715484139019518,0.009530176210102327,0.01273942877686357,-0.10251243584804852,0.02225098043237746,0.0,-0.00994320757515724,-0.014577284256099629,-7.969030346672499e-07,0.3901154906012274,0.3899265293858879,0.3900385718505392,0.3902268066296956,1.1722554047300426,0.9781724569170794,0.4061282032388102,0.9336512883553114,-0.01491097281898169,0.008560071665668145,-0.357770400976852,-0.0717448165659551,0.06201537441108407,-2.5373930573335812e-05,0.0003791752899790742,0.0002721449446910991,4.931565039079224e-06,0.42192405922852283,0.3941831304125787,0.4532882789674084,0.4004125329033062
1276,10.633333333333333,1.2112758750412824,0.9774264701886994,0.5,0.9998702861965917,0.0027311361992112416,0.009468528334667369,0.01273964863654486,-0.10095887228681324,0.021822791520532066,0.0,-0.009831408138039996,-0.014763761969631533,-7.807812455599056e-07,0.3901129391445736,0.3899276643064166,0.3900389474945435,0.3902234977712224,1.171667737972785,0.9785665968793943,0.40600582287144443,0.9336270879017263,-0.014990353258523739,0.008546254835203517,-0.35783056266006497,-0.08554575867640857,0.04697001178363136,-0.012482615791109541,-0.0005290325458893698,0.0002413684357581838,-0.00019070199334149984,0.41959756481188254,0.3914995765675588,0.44996975534825423,0.3974158633946858
1277,10.641666666666666,1.2104474874531057,0.9776051631536501,0.5,0.9998709808425364,0.002691197954478804,0.009406117097677835,0.012739861996851317,-0.09941559054288669,0.02140103390608727,0.0,-0.009720383433479403,-0.014946552295432146,-7.647208583995036e-07,0.39011039220538324,0.3899288186590302,0.3900393169833287,0.390220168199277,1.170843323810217,0.9791885651218363,0.4058096518445083,0.933648732279648,-0.014807775875447744,0.008688003466351043,-0.3577782736304677,-0.07162886350393638,0.0636708720319068,-0.024702733193293636,0.0005665896326470235,0.00045711797958363187,0.00013478508611097502,0.42346512833907285,0.3955526490569233,0.4505425646912048,0.397721024554216
1278,10.65,1.2096318712248246,0.9777803836070647,0.5,0.9998716758203088,0.0026517302033244603,0.00934295784949024,0.012740068988781631,-0.09788271211916844,0.020985628722071093,0.0,-0.009610158433683064,-0.015125640804962363,-7.487298549081254e-07,0.3901078498679955,0.389929991953642,0.39003968092418245,0.39021681908779543,1.1697366994632115,0.980031327412698,0.40556067519878874,0.9336782878393964,-0.014403584749711016,0.009005155467332762,-0.3577097968167218,-0.07637744142861003,0.04877026675392804,-0.008052495721039277,0.0008894004301924452,0.000231793404800753,8.776674995159971e-05,0.42345323397836293,0.3958303681792148,0.4544910335160133,0.40152150577931967
1279,10.658333333333333,1.2088289387462827,0.9779521840775761,0.5,0.9998723709085774,0.0026127293668541246,0.009279065998118168,0.012740269742765398,-0.09636035600130277,0.020576497714912628,0.0,-0.009500757012984517,-0.015301013637562807,-7.328160490286908e-07,0.39010531221458233,0.3899311837014103,0.3900400399244972,0.39021345160717186,1.1663448258795912,0.9824706294200598,0.4051159307271429,0.9337022679476873,-0.012115711294667552,0.01113041682948919,-0.3576721937617896,-0.06769729456579388,0.053699058147949064,-0.0022050828101138897,0.0006839237798045163,4.804334482640446e-05,-3.5899048052115783e-05,0.4229806236023068,0.39398345202572554,0.4496777253417321,0.3980353641947902
1280,10.666666666666666,1.208038601435097,0.9781206164440707,0.5,0.9998730658868507,0.002574191768261273,0.009214457006933097,0.012740464388599774,-0.09484863864890225,0.02017356326081367,0.0,-0.009392201949464472,-0.015472657497002459,-7.169870819398984e-07,0.3901027793253503,0.38993239341481756,0.3900403945911172,0.3902100669237742,1.165834508358356,0.9828123002715765,0.40504146947386577,0.9337342807248682,-0.011353335186643613,0.011649651510196802,-0.3575970922687209,-0.076213291689875,0.05207338395069039,-0.02036952874561737,0.0007547141628140782,0.0002465184239048838,-5.043082287381176e-05,0.4234525489764979,0.3918246936627312,0.44750180682041385,0.3985230712374152
1281,10.675,1.20726076975781,0.9782857319410316,0.5,0.9998737605356144,0.002536113637420041,0.009149146392379142,0.01274065305538757,-0.09334767398713807,0.019776748381363018,0.0,-0.009284514927280768,-0.01564055964817127,-7.012504162742024e-07,0.3901002512787367,0.3899336206077438,0.39004074552969326,0.3902066661994589,1.1653841980215234,0.9831524604452354,0.4050094721926366,0.9337681949418813,-0.010610234215123129,0.011980480163752654,-0.35752041779446214,-0.06914106601378922,0.03766853621799404,-0.003836316453625921,0.0010440254612375617,0.00025517103337229267,0.00028550950348024445,0.4274853158986196,0.39600167640692496,0.44977872218353016,0.40062702063238503
1282,10.683333333333334,1.2064953532510996,0.9784475811640109,0.5,0.9998744546364683,0.0024984911154669253,0.00908314972170109,0.012740835871476808,-0.091857573398695,0.019385976758393993,0.0,-0.009177716539696377,-0.015804707913913654,-6.856133329193216e-07,0.390097728151622,0.38993486479551953,0.3900410933440625,0.3902032505910834,1.164885020834247,0.9835340332875937,0.4050203468230403,0.933768380074731,-0.009811951795729738,0.012434284530432282,-0.35752723888228055,-0.07289254616864582,0.04521005118387489,0.011269256508095182,0.0009861861731371782,0.00015365484210827027,-6.351559485043806e-05,0.42717539522247,0.39266555575067524,0.444592912645803,0.3985612040699693
1283,10.691666666666666,1.2057422605430594,0.9786062140752182,0.5,0.9998751479722621,0.0024613202593683197,0.009016482610685123,0.012741012964401777,-0.09037844571608913,0.01900117274808877,0.0,-0.009071826292784645,-0.015965090672010285,-6.700829239086848e-07,0.39009521001953307,0.3899361254949836,0.3900414386356304,0.39019982125002056,1.1644077803361088,0.983863412764012,0.4050002025472682,0.9338163143388988,-0.008850695001607,0.012906159507828379,-0.3574103906145739,-0.06023989352970105,0.03736778857786893,0.002175010018740098,0.001149918718451254,0.00018163525494863838,0.00013746237513393567,0.4244041232802816,0.3907351958542064,0.44245633760231895,0.3955075518525112
1284,10.7,1.205001399374543,0.9787616800092243,0.5,0.9998758403272278,0.00242459704647102,0.008949160721411498,0.01274118446082565,-0.08891039721434554,0.018622261394332,0.0,-0.008966862609833655,-0.016121696852291402,-6.546660881647857e-07,0.3900926969568282,0.38993740222456114,0.39004178200274026,0.3901963793216965,1.1639447506695144,0.9841806247684839,0.40502335334111805,0.933832634194327,-0.00810257193980979,0.013366228773886558,-0.35736858223689505,-0.05975052843865125,0.03423745167704384,0.019261330900577356,0.0014073742399055363,-3.4506335833266915e-05,0.00016225706523139734,0.42776647906570875,0.3906945330678318,0.44201586977102886,0.39855653879573544
1285,10.708333333333334,1.2042726766205538,0.9789140276787716,0.5,0.9998765314871132,0.002388317379032754,0.008881199760018749,0.012741350486484681,-0.08745353160403495,0.018249168441315432,0.0,-0.008862842836408818,-0.016274515933892734,-6.393695277573977e-07,0.39009018903689163,0.3899386945043181,0.39004212404007044,0.3901929259451241,1.1630217950188615,0.984763136707067,0.4050993486641612,0.9338376805185622,-0.006784046495334608,0.014282715707540729,-0.3573474040606403,-0.062278611011867824,0.03872511761946473,0.00890446707845216,0.0009514338396435271,0.00021636721933173344,2.4653236662166043e-05,0.426016469096246,0.38796417619393986,0.4381314440320302,0.39564436998466107
1286,10.716666666666667,1.2035559983117066,0.9790633051806836,0.5,0.9998772212393126,0.002352477088730221,0.008812615474478609,0.01274151116613404,-0.08600795002466646,0.017881820345399837,0.0,-0.008759783246082729,-0.016423537942644,-6.24199743346652e-07,0.3900876863323233,0.3899400018560247,0.3900424653380339,0.39018946225244006,1.1606045500090323,0.9863833397399884,0.4055862540739411,0.9338422901416487,-0.0018990301862273349,0.016641679390983356,-0.3572926326338124,-0.04743659520403121,0.040977037323541854,0.021089329161122494,0.0009169450713298811,-0.00019173021792396727,-0.00020611082937976963,0.4283133482078323,0.38986420281744477,0.43931101297198855,0.3972021716250387
1287,10.725,1.2028512696557236,0.9792095600018725,0.5,0.9998779093729945,0.002317071941141597,0.00874342365238124,0.01274166662349526,-0.08457375103843551,0.017520144286235224,0.0,-0.008657699046821132,-0.016568753448589817,-6.091630309142221e-07,0.39008518891512395,0.3899413238032117,0.39004280648218764,0.3901859893684531,1.1601480947969753,0.9865768178666872,0.4056642156548715,0.9338597341218456,-0.0011843711087340238,0.016956995601305595,-0.3572352929808732,-0.07429689373961157,0.02919456444777646,0.01041562312185107,0.0006203241056877453,-2.4422174290018688e-05,-4.199649680378814e-05,0.42995274407536277,0.3861360930300708,0.4333212518060261,0.3965902110061449
1288,10.733333333333333,1.2021583950589938,0.979352839025431,0.5,0.9998785956792299,0.0022820976402011047,0.008673640118730029,0.012741816981205419,-0.08315103062432463,0.017164068177146736,0.0,-0.008556604388000284,-0.016710153563642954,-5.942654777331481e-07,0.39008269685687413,0.38994265987123083,0.3900431480526544,0.39018250841019575,1.1594639846351398,0.9870004867941863,0.4059256432514066,0.9338282108315565,0.000741054051275443,0.017516846620803484,-0.35729187449267635,-0.05656252107655302,0.03352459567721455,0.003826726374495104,0.001253538394732957,7.759610302670096e-05,5.877257111776771e-05,0.4338061619782711,0.3917214159123651,0.43330265098280746,0.39483382885806956
1289,10.741666666666667,1.201477278148169,0.9794931885368092,0.5,0.9998792799511165,0.002247549832622804,0.008603280733745526,0.012741962360767994,-0.08173988217255598,0.016813520674788987,0.0,-0.008456512368066535,-0.016847729939356182,-5.795129595923465e-07,0.39008021022891687,0.38994400958731223,0.3900434906235494,0.3901790204864812,1.159067737710501,0.9871538635515981,0.40607235112454587,0.9338611138444192,0.0016459184889017456,0.01787913961452714,-0.35718489241320506,-0.04656088782808432,0.01888031686005931,0.023937932962131425,0.0014183966392581026,1.655728831337002e-05,0.00022720290340131756,0.43578010514742455,0.3907780663416831,0.433251415250573,0.39771873162667293
1290,10.75,1.2008078217918092,0.9796306542300669,0.5,0.999879961983902,0.0022134241122911055,0.00853236139067787,0.01274210288250548,-0.08034039647939394,0.016468431188075696,0.0,-0.008357435042813676,-0.016981474764828395,-5.649111369873135e-07,0.39007772910252636,0.3899453724806202,0.3900438347624201,0.39017552669747246,1.1588242939228164,0.9873032875895521,0.4061907069425004,0.9338709960457291,0.002411799887459218,0.018162649897525585,-0.3571403983233498,-0.06771139034560392,0.019240165531553277,0.02914326818915236,0.00035042233999201216,-0.00010159556320129508,-0.00016828847950221476,0.43504036643575317,0.3864002846587098,0.4270690733067021,0.3952200572613917
1291,10.758333333333333,1.2001499281220611,0.9797652812141966,0.5,0.9998806415751061,0.0021797160246153735,0.008460898013627201,0.012742238665513765,-0.07895266174229643,0.016128729886389304,0.0,-0.00825938343426549,-0.01711138076472047,-5.504654531145815e-07,0.3900752535490709,0.38994674808232016,0.3900441810296919,0.3901720281342606,1.1584344338413781,0.9874833323944139,0.4063563269371876,0.9337963194852407,0.0028892228568709478,0.018390865595247694,-0.3573203914832727,-0.06249658117718493,0.01639123411254495,0.035386202758702634,0.000290409809350714,-0.0003352645941354197,-4.353451854873509e-05,0.4346187137016478,0.38842514160564146,0.42592009647624257,0.39157103677513444
1292,10.766666666666666,1.1995034985563848,0.979897114019509,0.5,0.9998813185246377,0.002146421070846219,0.00838890655537155,0.012742369827618274,-0.07757676355541357,0.015794347707078077,0.0,-0.008162367540162706,-0.017237441197386984,-5.361811320978694e-07,0.39007278364018927,0.3899481359256248,0.3900445299781356,0.3901685258784321,1.1581294955291894,0.987577677786136,0.4065082165593836,0.9338093136398865,0.003414228679558636,0.018466209723214062,-0.35727791409543685,-0.027386344821445086,0.014834877455061068,0.01850727396143781,0.0010084833010939997,-0.0002772970670025364,9.831862039280408e-05,0.4342000674584358,0.3867584958299105,0.4241411347107782,0.3910088457932288
1293,10.775,1.1988684338193025,0.9800261966040794,0.5,0.9998819926349122,0.0021135347123508613,0.008316402995201696,0.012742496485331926,-0.07621278490543287,0.015465216362245685,0.0,-0.008066396344039297,-0.017359649853124257,-5.220631750713409e-07,0.3900703194479459,0.38994953554585393,0.39004488215233707,0.3901650210016663,1.157520930361444,0.9878018585769623,0.40675088069431536,0.933794059885546,0.004233341817699728,0.018700081568693832,-0.35729685065621336,-0.06196411222938458,0.014999890186573328,0.0077661729972255955,0.00021766975375870062,0.0001841788687420531,-9.516991386506279e-05,0.4377174451411893,0.3850583476532635,0.4257960731625623,0.39790035762712117
1294,10.783333333333333,1.1982446339641863,0.9801525723602452,0.5,0.9998826637109655,0.00208105237484528,0.00824340333676248,0.01274261875381492,-0.07486080616776929,0.015141268344841674,0.0,-0.007971477825862916,-0.01747800105252265,-5.081163604371337e-07,0.3900678610449768,0.38995094648049694,0.3900452380881762,0.39016151456533504,1.1569491619134062,0.9879310041910913,0.4070889467845927,0.9337984471561577,0.005421995432875742,0.01883382033172757,-0.35726229757138755,-0.03155536956100935,0.018791747015867166,0.030533130035365064,0.0002963831487678629,-0.00023843190101079274,-0.00010919791497819392,0.4400590597192376,0.391508103569162,0.42719594856623694,0.3952017783980887
1295,10.791666666666666,1.1976319983950727,0.9802762841211502,0.5,0.9998833315605661,0.0020489694525807484,0.00816992360590015,0.01274273674683632,-0.0735209051030996,0.014822436934059637,0.0,-0.007877618973244079,-0.01759248964492107,-4.943452415893204e-07,0.39006540850465726,0.389952368269257,0.39004559831233493,0.39015800762009056,1.156681105321434,0.9879774119524765,0.40726663612744146,0.9338119052560294,0.0059114987269689645,0.01892364061767342,-0.35721460721907566,-0.027723080606700812,0.011188633888614685,0.04272424439238365,0.0004962738194569848,-0.0003686805258449354,-8.128347053336157e-05,0.43651386374799833,0.3840826251656894,0.42277391538284603,0.394622481306571
1296,10.8,1.1970304258885052,0.9803973741673293,0.5,0.9998839959943241,0.002017281312482426,0.008095979848515247,0.01274285057673753,-0.07219315685423978,0.014508656200050986,0.0,-0.007784825793199973,-0.01770311100695997,-4.807541449553145e-07,0.3900629619012371,0.3899538004541172,0.3900459633417979,0.3901545012054872,1.156432714935573,0.9880573354469534,0.40746062713292913,0.9337580533124219,0.006589926451275022,0.018877059196275695,-0.35734594915804396,-0.020054068890229537,0.008821118707114106,0.029642484407216285,0.00032210567644343706,-0.0001046467866818757,-3.853660027034116e-05,0.43582601990361347,0.381758601198603,0.4192015815039438,0.3927204258084567
1297,10.808333333333334,1.1964398146153934,0.9805158842333305,0.5,0.9998846568257979,0.0019859832982377225,0.008021588128420638,0.012742960354397573,-0.07087763394336494,0.014199861007962068,0.0,-0.00769310332444617,-0.017809861041227174,-4.6734717039008616e-07,0.39006052130998453,0.3899552425793916,0.390046333683376,0.3901509963495988,1.15608259560702,0.9880356553311602,0.40764805076168126,0.9337497252974765,0.006584467243947237,0.019019069074124404,-0.35736028082252574,-0.019940771229309817,0.008260209105748206,0.028931375242413626,0.00010263899269033023,7.17185535896374e-05,-0.00013676818182767407,0.4387521102454725,0.38315286686816596,0.42043601463774477,0.39545864638008815
1298,10.816666666666666,1.1958600621629005,0.9806318555143642,0.5,0.9998853138715973,0.001955070734332334,0.007946764525204273,0.01274306618920026,-0.06957440626957051,0.01389598702130412,0.0,-0.007602455650218963,-0.01791273617499603,-4.5412818933926983e-07,0.39005808680732684,0.38995669419177925,0.39004670983324496,0.39014749406863947,1.1559126668466675,0.9879837980458304,0.40781561259420634,0.933770102724941,0.006892544323779518,0.01913335634647719,-0.3572951199844698,-0.036266883851521214,-0.014442743604570207,0.04130579992590033,-0.000666960882019443,-0.00017240810062767788,9.56594470952647e-05,0.4389514481909008,0.3831665382320759,0.42036187777997946,0.39555583661436033
1299,10.825,1.1952910655563405,0.9807453286729787,0.5,0.9998859669514862,0.001924538930031637,0.007871525132096258,0.012743168189003218,-0.06828354110677451,0.013596970704663609,0.0,-0.007512885911606561,-0.018011733359040688,-4.4110084487935063e-07,0.3900556584709728,0.38995815484042723,0.39004709227648876,0.3901439953666095,1.155649524243071,0.9880000247032003,0.40799797885386374,0.9337804085854304,0.007031620224328592,0.01909002237122916,-0.35726779298575684,-0.021662743237094162,-0.014028313186553731,0.020083042347712743,0.0003654030653905511,9.503342315913269e-05,0.00014703154877244905,0.4397833712720758,0.3833892784807352,0.415264695175919,0.39115769051454297
1300,10.833333333333334,1.1947327212810954,0.9808563438457536,0.5,0.9998866158884802,0.0018943831833055254,0.007795886053839965,0.01274326646010878,-0.0670051031019596,0.01330274932576352,0.0,-0.0074243963213734745,-0.018106850066536007,-4.282685522095162e-07,0.39005323638004424,0.38995962407698326,0.3900474814866605,0.3901405012349347,1.1553978244987135,0.9879466366115073,0.40820404816851846,0.933757593579072,0.007332669340361395,0.019212985967911086,-0.3573147765821653,-0.03244385767542379,-0.004698642840705869,0.02598359152910512,0.0003914321077160016,1.8904914276230113e-05,-3.520274943768679e-05,0.44334630705520156,0.3851055980725924,0.41853733792622794,0.3962244566800558
1301,10.841666666666667,1.1941849253045422,0.9809649406500058,0.5,0.9998872605089424,0.0018645987846945022,0.0077198634045666835,0.01274336110723674,-0.06573915427375512,0.013013260956884164,0.0,-0.007336988178278928,-0.0181980842920295,-4.1563449869187375e-07,0.3900508206152041,0.3899611014556443,0.39004787792537055,0.3901370126521102,1.1552417383610174,0.9879170297092957,0.40833527726335256,0.9337458943776854,0.007506794236577792,0.019449436597093396,-0.3573289411580901,-0.03527948703201389,-0.03683366157251067,0.03140104574568259,-0.000557522445466483,0.0001461169151320434,7.354867322245109e-05,0.4414324496937293,0.38554226460321206,0.4185275722235439,0.39386270263564527
1302,10.85,1.1936475730979836,0.9810711581905062,0.5,0.999887900642676,0.0018351810211151042,0.007643473305673667,0.012743452233498969,-0.06448575401135778,0.012728444475653569,0.0,-0.0072506618818511046,-0.018285434550476758,-4.0320164298776793e-07,0.39004841125876405,0.38996258653321997,0.39004828204186603,0.39013353058337374,1.1550071346716893,0.9878376342348686,0.4085275867382778,0.9337698553571903,0.0069422978649708094,0.019263517846226152,-0.3572878092053442,-0.013178057175289304,-0.01501967304359253,0.049606494950765745,-0.0005439990306980533,-0.00012780569240262074,6.396613700005148e-05,0.4445897449830578,0.38496198687462624,0.41330283438390253,0.39239285546507463
1303,10.858333333333333,1.193120559658596,0.9811750350661959,0.5,0.999888536123014,0.0018061251796027936,0.007566731883705151,0.012743539940375904,-0.06324495907379096,0.012448239565218339,0.0,-0.007165416947625711,-0.0183688998763498,-3.9097271769595294e-07,0.3900460083947954,0.3899640788691923,0.39004869427263394,0.39013005598037515,1.1548309433301982,0.9877630053248868,0.40871643052490564,0.9337961615136108,0.0069692060114462506,0.01932255718339132,-0.35721533798804217,0.19401758952377612,-0.4289497479936899,-0.574160225369652,-0.025101351831270324,0.005249982085409444,-0.005320373395861483,0.4383394565472578,0.37903330268484176,0.41333487126395524,0.39203256011949605
1304,10.866666666666667,1.192603779531368,0.9812766093769035,0.5,0.9998891667869061,0.00177742655099032,0.0074896552682361004,0.012743624327694868,-0.06201682358950226,0.01217258671380431,0.0,-0.007081252022824648,-0.018448479822792203,-3.7895022949668643e-07,0.3900436121092443,0.38996557802575954,0.3900491150410333,0.39012658978084686,1.1541722201654723,0.9871929059082685,0.4095960151319762,0.9338085228717048,0.006249515623194659,0.019239049430903783,-0.3572008470645549,-0.03350254026195376,-0.027277080722110103,0.03333418862871973,-0.0004257313762355222,0.0004916776774147625,-8.336242174309949e-05,0.5943645967624781,0.4536197139200021,0.46035218425604973,0.5196136695819402
1305,10.875,1.192097126831047,0.9813759187300536,0.5,0.9998897924750023,0.001749080433519885,0.007412259589758502,0.012743705493610256,-0.06080139905629867,0.01190142721367881,0.0,-0.006998164902453874,-0.018524174460834167,-3.671364598513279e-07,0.39004122249002493,0.38996708356790216,0.39004954475691855,0.3901231329083005,1.1538376407869293,0.9867231923441652,0.4101852180317011,0.9338478394061805,0.005111197973317329,0.019056423381269956,-0.3571259458784812,-0.01598321058204899,-0.02513425296257754,0.03772660814599371,-0.00088432050995731,-0.00018865686402727607,0.00012259514262426667,0.44368279456300774,0.3809336330497761,0.40684181497814204,0.38938417575736384
1306,10.883333333333333,1.1916004952640828,0.981473000247362,0.5,0.9998904130317332,0.0017210821363872926,0.007334560977569836,0.012743783534585532,-0.05959873434161902,0.01163470315952525,0.0,-0.006916152545824096,-0.018595984378650243,-3.555334675850878e-07,0.39003883962711605,0.38996859506343606,0.39004998381629286,0.39011968627172466,1.1534986609370912,0.9860275038956174,0.41102632031485514,0.9338466071049204,0.00417254037185079,0.0184257470831226,-0.3571744617828975,-0.024681773163481857,-0.037910541043273405,0.046406244828611776,-0.0006526426914699474,-0.00020458569224587065,-5.1561184903363735e-05,0.4399396695237678,0.38080429557399276,0.4147723478443817,0.39325974442798994
1307,10.891666666666666,1.1911137781505585,0.9815678905715177,0.5,0.9998910283053869,0.001693426983216381,0.007256575557663696,0.01274385854537705,-0.05840887568314379,0.011372357446240823,0.0,-0.00683521109345301,-0.018663910680861238,-3.44143089823043e-07,0.3900364636126518,0.38997011208307136,0.3900504326009717,0.390116250765294,1.1534200226297735,0.9857630264392813,0.4112936953083192,0.9338751621758573,0.003343735100662656,0.017935975511638422,-0.35713345081221204,-0.024647947616052157,-0.05551147388916933,0.03920597740688647,-0.0007243334707037564,-5.894537631153847e-05,-4.1620264373229435e-05,0.4391562133134885,0.3805271847283707,0.41231585620713207,0.3904187042689679
1308,10.9,1.1906368684461286,0.9816606258728388,0.5,0.9998916381481842,0.0016661103154622687,0.007178319450622192,0.012743930619019695,-0.05723186668974146,0.011114333766170558,0.0,-0.006755335884362931,-0.018727954987868736,-3.3296694518024933e-07,0.39003409454101173,0.3899716342004629,0.39005089147826744,0.3901128272680782,1.1532819486593144,0.9853955298788931,0.41160680129751614,0.9338234227769555,0.0025208395303152574,0.017326805369559238,-0.35730553068330645,-0.005535906512932343,-0.035713036324647174,0.03527543342744521,-0.0009070366651028496,-0.0003573368271801965,0.00017326016217754494,0.44174391602302665,0.38184911981700936,0.4119335295798825,0.3913010770346358
1309,10.908333333333333,1.190169658763924,0.9817512418559055,0.5,0.9998922424163483,0.0016391274957415884,0.007099808769510176,0.012743999846814283,-0.05606774834275165,0.01086057660578707,0.0,-0.006676521473737952,-0.018788119435222024,-3.220064339525474e-07,0.3900317325088958,0.3899731609922696,0.3900513608006829,0.39010941664378007,1.1531557357877524,0.9851247583665758,0.41188439999835247,0.9338162096165735,0.0021578391387204283,0.016896116560425445,-0.35734738229454505,-0.020609953117078916,-0.045195994339752854,0.055206935613855146,-0.002077471923699289,-0.0007756107722485717,-0.0001455868187809812,0.4391601437885169,0.3800334635442348,0.4156311209558172,0.3941636338808548
1310,10.916666666666666,1.1897120413964655,0.9818397737661608,0.5,0.9998928409701732,0.0016124739110885415,0.0070210596177709495,0.012744066318316753,-0.05491655899760464,0.010611031241830993,0.0,-0.006598761650923271,-0.01884440667301187,-3.1126274277065984e-07,0.3900293776153952,0.3899746920382161,0.390051840905618,0.3901060197404731,1.1530437020559512,0.9846847362148038,0.4123925322371084,0.9338345004925177,0.0006350239555305982,0.015472641059717305,-0.35737000407575215,-0.014281480805955482,-0.032388351297329976,0.050579441483455945,-0.0011597928413372561,-0.0005396038807589302,9.317280819661355e-05,0.4365780499955832,0.3788780895995039,0.41158470461288793,0.3887275864134915
1311,10.925,1.1892639083375465,0.9819262563964755,0.5,0.9998934336740871,0.0015861449761350947,0.00694208808712354,0.012744130121329078,-0.05377833438577697,0.010365643736922222,0.0,-0.006522049457774631,-0.018896819865276845,-3.007368461714102e-07,0.3900270299620721,0.3899762269211421,0.3900523321151057,0.39010263739033924,1.1529606016560807,0.9843734664494613,0.41272494245963726,0.9338326487549993,-0.0003800803339786349,0.014386674524543152,-0.3574205691538846,-0.005182198145670114,-0.05970009758262673,0.06905811425547692,-0.0016522439900220544,-0.00046850285345190976,-9.632253878558595e-05,0.4341370285700802,0.3792302807522362,0.41534136946983113,0.3896713183733237
1312,10.933333333333334,1.1888251513041022,0.9820107240936745,0.5,0.9998940203967134,0.0015601361362140773,0.006862910255461313,0.012744191341891925,-0.052653107617083326,0.010124360934655671,0.0,-0.0064463772073173305,-0.018945362689430822,-2.9042950955261955e-07,0.39002468965301124,0.3899777652270674,0.39005283473554453,0.39009927040944076,1.1528725465707739,0.9841166099521298,0.41310581929513646,0.9338665325945442,-0.00104346112571467,0.013449270908475372,-0.35736721674036176,-0.009937458454523096,-0.051249951022980245,0.04607048756350429,-0.0012483603389863809,-0.0002785694245486116,-0.0001235074125833288,0.43347083284143173,0.37547965484816964,0.40964381630844515,0.38703866238789464
1313,10.941666666666666,1.1883956617580531,0.9820932107650197,0.5,0.9998946010109288,0.0015344428703838475,0.0067835421847519594,0.012744250064278992,-0.051540909182304216,0.009887130454193926,0.0,-0.00637173650270999,-0.01899003933569533,-2.8034129370309776e-07,0.39002235679489516,0.38997930654523255,0.3900533490574737,0.39009591959747314,1.1528562158854652,0.9837649475970145,0.41347351310797437,0.9338442034606891,-0.002065616522564484,0.012632502877277511,-0.35745091517900524,-0.019716804545910627,-0.041269763671003545,0.054372593634199884,-0.0018157036241453625,-0.00042184621844640796,0.00024698351741939904,0.43538719549795224,0.380306347717562,0.41524023292072676,0.3897398837077798
1314,10.95,1.1879753309281265,0.982173749884643,0.5,0.999895175393916,0.0015090606943733162,0.006703999918938731,0.012744306370993027,-0.050441766956149464,0.009653900684370026,0.0,-0.006298118256493256,-0.019030854506535945,-2.7047255468245483e-07,0.39002003149704256,0.38998085046816994,0.3900538753553372,0.3900925857375564,1.1526429954928419,0.9825744649579461,0.4148453876391486,0.9337839073995412,-0.0077487022259520285,0.00891370639954709,-0.3576424439767759,0.007766701774913898,-0.04504035755136249,0.08084265910363597,-0.0023470457156524365,-0.000661426934347186,-3.539031045985832e-05,0.4316468381023901,0.3802996092375985,0.4161558323479156,0.3869685944235935
1315,10.958333333333334,1.1875640498316489,0.98225237449993,0.5,0.9998957434272152,0.0014839851634461658,0.006624299481842996,0.012744360342763487,-0.04935570620055747,0.009424620777313517,0.0,-0.006225512710111077,-0.019067813416094852,-2.608234516173241e-07,0.3900177138714531,0.389982396591766,0.3900544138872654,0.39008926959603063,1.1526246361943826,0.9822371918056559,0.41531701949617567,0.9337384919046298,-0.008780777915017694,0.007636480733232752,-0.3577666988931281,-0.01720964257261315,-0.06126050890707946,0.057302419397980975,-0.0014702364410365948,-0.0005029438077919011,-0.0002728245135454172,0.4224070285047292,0.372845644839666,0.41585498622834377,0.3847274478976936
1316,10.966666666666667,1.1871617092963092,0.982329117237845,0.5,0.9998963049967711,0.0014592118751831588,0.006544456875068068,0.01274441205854581,-0.04828274956832993,0.009199240641613057,0.0,-0.006153909453690698,-0.019100921789618107,-2.5139394841272475e-07,0.39001540403286955,0.389983944515297,0.3900549648949051,0.3900859719222373,1.152530172599921,0.9812157453512993,0.4165070035638332,0.933688818790605,-0.0117409885344027,0.004335812733939996,-0.3578666505579643,-0.0050471509467131526,-0.03671227619163053,0.05055173719171191,-0.0007439653864170544,-0.0005950331297098456,0.00017289111062664768,0.4272629209439859,0.38056173670703136,0.41892026061086723,0.38495881083906536
1317,10.975,1.1867681999818842,0.9824040103111993,0.5,0.9998968599929755,0.0014347364721814782,0.006464488075904341,0.012744461595522262,-0.047222917107102115,0.008977710935028993,0.0,-0.0060832974460535046,-0.019130185862869634,-2.4218381731489386e-07,0.3900131020988048,0.3899854938414952,0.39005552860323206,0.39008269344834307,1.1524641964732414,0.9808440592991037,0.416941714381813,0.9336535003219139,-0.012692177254406467,0.0035305396869831315,-0.35793516907772516,0.016320375808653864,-0.04707714619677228,0.057988124346119996,-0.001340796298282762,-0.0010473084797553796,-6.228091088674474e-05,0.42185831522416045,0.38107601907498717,0.42583715369098285,0.3859604819365558
1318,10.983333333333333,1.1863834124019363,0.9824770855248532,0.5,0.9998974083107086,0.001410554644670237,0.00638440903523581,0.012744509029104338,-0.04617622626364842,0.00875998305677023,0.0,-0.006013665034952345,-0.01915561238152779,-2.331926436085282e-07,0.3900108081895717,0.3899870441766088,0.39005610522038864,0.39007943488915986,1.1524754388449614,0.9804562134236311,0.4173905365282816,0.9336153409883925,-0.013802295536094421,0.0025352541644872327,-0.358002044959779,-0.024090916753150005,-0.061535171590842985,0.05811572709390478,-0.0018250329890650233,-0.0002471498214314179,-0.0001488259944714866,0.42108924001727205,0.3771708143588528,0.4239019276962295,0.3871330779857928
1319,10.991666666666667,1.186007236945463,0.982548374281854,0.5,0.999897949849375,0.0013866621330411296,0.006304235675448022,0.01274455443293669,-0.04514269188852321,0.008546009139348335,0.0,-0.0059449999775197,-0.019177208600556397,-2.2441982966616913e-07,0.39000852242831757,0.38998859513045026,0.3900566949375456,0.39007619694197726,1.1524450930758732,0.9800684792698138,0.4178547972376553,0.9335873345898331,-0.015044438398415851,0.0016502431843170252,-0.35803020859162155,0.00014794803468998197,-0.05905810467102812,0.07411096593898936,-0.0020085454886797725,-0.0008209816585488632,0.00013002025545090875,0.42166464284309463,0.3827511525857661,0.42333511352101627,0.3815450577312606
1320,11.0,1.1856395638985073,0.9826179075895025,0.5,0.9998984845129356,0.0013630547302934885,0.00622398388833759,0.012744597878902492,-0.04412232624103673,0.008335742040023478,0.0,-0.005877289460891697,-0.0191949822835524,-2.1586459902876009e-07,0.3900062449410361,0.3899901463164595,0.39005729792876564,0.3900729802864165,1.1524724241795075,0.9796768162311426,0.41826615600035827,0.9335112160157535,-0.016060053539399873,0.000874497402824605,-0.35818726876787976,-0.015239576427861223,-0.05254143457957827,0.06603359031820966,-0.0012158962864886008,-0.000151104113317776,7.432101581498834e-05,0.417418567411442,0.3771177834217817,0.42191227547072224,0.3815292773525007
1321,11.008333333333333,1.1852802834657303,0.9826857160653444,0.5,0.9998990122099385,0.001339728284393019,0.006143669533023331,0.012744639437130304,-0.043115138994565864,0.008129135331856533,0.0,-0.005810520123016712,-0.01920894170205944,-2.0752600276885626e-07,0.3900039758565905,0.38999169735175765,0.39005791435089465,0.39006978558427946,1.1523943897584001,0.9792603930659926,0.4186589162665473,0.9334688499369016,-0.017170569922580314,0.00019340694277698747,-0.35824717768569586,-0.0029341851678355013,-0.048391487434518154,0.05467734341439434,-0.0004939710481758266,-0.0002991767265592292,-1.9222194895106882e-05,0.41695652099291025,0.38046474426309584,0.42489608346177044,0.38066678385609987
1322,11.016666666666666,1.1849292857919271,0.9827518299430877,0.5,0.9998995328535444,0.001316678700543397,0.00606330843385924,0.012744679176002282,-0.04212113724219987,0.007926143294380702,0.0,-0.0057446780736183515,-0.019219095634842562,-1.9940292284057555e-07,0.39000171530674105,0.3899932478571839,0.39005854434348264,0.3900666134794019,1.1523754670696977,0.9783750645026311,0.41973941469179343,0.9334018089141324,-0.01958599106024581,-0.001671882062476353,-0.35829409272325824,0.011983135148163626,-0.05228224520774649,0.07841939273621756,-0.0004672452517815212,-0.0008603905207376845,3.1368439805203725e-05,0.41725565828171807,0.3807162993823609,0.42808949466119495,0.38388595951964
1323,11.025,1.1845864609834988,0.9828162790784386,0.5,0.9999000463615486,0.00129390194337025,0.005982916378349381,0.012744717162163795,-0.04114032550272055,0.0077267209039079176,0.0,-0.005679748915294769,-0.01922545336712438,-1.9149407532915403e-07,0.3899994634261319,0.38999479745736954,0.39005918802868367,0.39006346459755364,1.152346160911943,0.9778006310086714,0.4204195531779082,0.9333324368442164,-0.0200418186763992,-0.0026136695790986994,-0.3584439378339527,-0.012557156070558406,-0.0627841966529874,0.05793030773665331,-0.0005752107405357108,-0.0001248751109077964,-0.000239111664211377,0.4115288691271923,0.3752082858735387,0.42534099343844717,0.3809137569956891
1324,11.033333333333333,1.1842516991298666,0.9828790929548543,0.5,0.9999005526564,0.0012713940390168639,0.00590250911506493,0.01274475346053434,-0.04017270572691689,0.007530823823483793,0.0,-0.005615717764743636,-0.019228024689773117,-1.8379801872013222e-07,0.3899972203522947,0.38999634578079145,0.390059845511193,0.3900603395463273,1.152307993957338,0.9770206221333763,0.4212557888330485,0.9332642278584766,-0.02073927713862294,-0.0036098182598010386,-0.35857319001233223,0.0053476705356603205,-0.05897248829963564,0.06134558256629674,-0.0005553759478206089,-0.0004728679602297164,4.962168357185192e-05,0.41551769002312733,0.3821412625651606,0.4280469514413699,0.3805850040780502
1325,11.041666666666666,1.1839248903248367,0.9829403006892111,0.5,0.9999010516652163,0.0012491510771512197,0.00582210235156354,0.012744788134319748,-0.039218277304233794,0.007338408392506154,0.0,-0.0055525692740936005,-0.01922681989843985,-1.7631315727763759e-07,0.38999498622566503,0.38999789245980615,0.39006051687821863,0.39005723891502164,1.1523542757314,0.9766716012799697,0.42170627608211514,0.9332710587253663,-0.020486509700453147,-0.0041279289565538954,-0.35856435136312237,0.007934559260891483,-0.052078488603624074,0.07469975255698369,-0.00019060725866016455,-0.0006591095344742211,-1.2828374471652844e-05,0.41350856617130916,0.3795511774572521,0.4283678733890794,0.3815308021507628
1326,11.05,1.1836059246878994,0.9829999310373839,0.5,0.9999015433197954,0.0012271692128838618,0.005741711752311254,0.01274482124502562,-0.03827703706975479,0.007149431616021198,0.0,-0.005490287652326718,-0.019221849792643658,-1.6903774538988377e-07,0.3899927611895602,0.3899994371307171,0.39006120219943025,0.3900541632745744,1.152298479342294,0.9751251388743097,0.4235626533044951,0.9331469503169737,-0.02206208777445981,-0.004751736612131005,-0.3587860844519095,-0.008651061028608353,-0.06422869447507695,0.05447038420285932,-0.0005597710514122665,3.2596524380290595e-06,-8.2645328887866e-05,0.4104619425597712,0.37725749548419363,0.42666352656329265,0.3790645342499378
1327,11.058333333333334,1.1832946923854737,0.9830580123997334,0.5,0.9999020275566237,0.0012054446685963339,0.0056613529366071795,0.012744852852471974,-0.03734897931151827,0.006963851153712459,0.0,-0.005428856686772212,-0.019213125674798662,-1.6196989505050185e-07,0.3899905453901705,0.3900009794338241,0.3900619015269488,0.3900511131774808,1.1522389402951303,0.9745427645802062,0.42416799731538296,0.9330672897339444,-0.0225908425777889,-0.0049354020002114266,-0.35895783661493363,0.01224658980079063,-0.047032495138754626,0.0519091871547972,-8.446806589635098e-05,-3.834944471112831e-05,-8.31598974075606e-05,0.4137582559220419,0.382285851310354,0.4293386543979245,0.3799312830346767
1328,11.066666666666666,1.1829910836520843,0.9831145728265022,0.5,0.9999025043168807,0.0011839737356798444,0.005581041476511191,0.012744883014809026,-0.03643409577816695,0.00678162530859686,0.0,-0.005368259764663596,-0.019200659349175114,-1.551075796254924e-07,0.38998833897655466,0.3900025190134616,0.3900626148953566,0.3900480891577193,1.152222388596453,0.9742079133165796,0.42460003499369875,0.9330836640806863,-0.02225012771490115,-0.004924461373644241,-0.35893670378300824,-0.007730686269002973,-0.048495223493960626,0.06916274995521499,-0.0002252828988587155,-0.00017476283093983283,7.55784294032502e-05,0.4114563851284372,0.37965074439705704,0.43192141280557816,0.382850393330604
1329,11.075,1.1826949888114697,0.9831696400231127,0.5,0.9999029735464401,0.001162752776183965,0.005500792894774936,0.0127449117885341,-0.035532375686930316,0.006602713015442654,0.0,-0.005308479894729464,-0.019184463120795563,-1.4844863904113454e-07,0.38998614210060456,0.3900040555180631,0.39006334232169737,0.39004509173071894,1.1522028219329106,0.9738585007321374,0.42500861030979653,0.9330587501739988,-0.02186299318076795,-0.004910146106911177,-0.3590254429955094,-0.005561962632061324,-0.06853693750523693,0.06237880629895165,-0.0009735100540323662,2.2868283915495228e-05,-0.000160545831092287,0.4089970684124699,0.3793193625697138,0.4284789790032842,0.3772756444379709
1330,11.083333333333334,1.1824062982976278,0.9832232413553683,0.5,0.9999034351958672,0.001141778224375269,0.00542062266277641,0.012744939228509573,-0.034643805731939425,0.006427073828924301,0.0,-0.005249499728814454,-0.019164549794266406,-1.4199078729338533e-07,0.3899839549170269,0.39000558860020285,0.3900640838055104,0.3900421213933104,1.1521559287423289,0.9735276274032258,0.4253525614125671,0.9330638774476825,-0.02128201036356554,-0.004707382477613846,-0.35904974194029315,0.0026053202659248598,-0.04356170474413279,0.05202634325060518,-9.308861180110561e-05,0.0003601427540257284,-6.305610995967005e-05,0.41294412617076404,0.38039718328906347,0.42685550600079075,0.3784737984907001
1331,11.091666666666667,1.1821249026757796,0.9832754038545548,0.5,0.9999038892204132,0.0011210465882057462,0.005340546198458379,0.01274496538798185,-0.03376837009287374,0.006254667911528529,0.0,-0.005191301583506422,-0.019140932672529854,-1.3573161645722812e-07,0.38998177758332475,0.390007117916634,0.3900648393288893,0.3900391786236895,1.152137008953357,0.9728967948590763,0.426254049283979,0.9331282130267513,-0.01972891746158691,-0.004556382205862141,-0.3589731845841552,-0.011470555935622073,-0.04884588500232434,0.07440621985405627,-8.143072611569681e-05,-0.00011918698016298877,-6.101920119085515e-05,0.4118288748583381,0.3808343237313926,0.43090387946026504,0.38100940477785583
1332,11.1,1.1818506926632684,0.9833261542224379,0.5,0.9999043355800058,0.0011005544506910965,0.005260578864271034,0.012744990318601317,-0.032906050443939495,0.006085456021226919,0.0,-0.005133867461755717,-0.019113625555543683,-1.2966860207736125e-07,0.38997961025975425,0.390008643128344,0.3900656088565283,0.39003626388141266,1.1520830141242677,0.9725895080684718,0.4266169790261375,0.9331090294013689,-0.01927530273399245,-0.004196705394529642,-0.35905207090055874,0.001069681659715549,-0.057402848152043884,0.07298570181191177,0.0002063564808253012,-0.00012439989487112756,3.1662242647611845e-05,0.4098761237284786,0.37914155994946147,0.42505890544283004,0.3748912910191797
1333,11.108333333333334,1.1815835591503712,0.9833755188361584,0.5,0.9999047742392358,0.0010802984711988566,0.005180735965119093,0.01274501407044319,-0.03205682596317885,0.005919399498929242,0.0,-0.005077179074472812,-0.019082642738885387,-1.2379910990512885e-07,0.38997745310928666,0.39001016390060117,0.3900663923357984,0.3900333776073916,1.1520715208303525,0.9723250189180298,0.4270726179876787,0.9331386755679171,-0.01854490665953233,-0.004022815633626667,-0.3590154809346258,-0.0012200046183297175,-0.05285076590133553,0.05766021732500071,0.0008568684472846132,-2.405468882836602e-05,-7.486067071350578e-05,0.411666077157092,0.37775321915452803,0.4236210366464428,0.37665030521892573
1334,11.116666666666667,1.1813233932210387,0.9834235237530209,0.5,0.999905205167342,0.001060275386646579,0.005101032746313783,0.01274503669202927,-0.031220673342109574,0.005756460255732772,0.0,-0.0050212178620850515,-0.01904799901226393,-1.1812040150464992e-07,0.3899753062975743,0.39001167990299174,0.3900671896968451,0.3900305202238942,1.151997158056235,0.9720061186760555,0.42748244396768287,0.9331571685878208,-0.018409241495922376,-0.003705883703386927,-0.3589778056742276,-0.006972397837490263,-0.036216006325129335,0.06175771988721768,0.0007529905569259518,-0.00019996767696976104,0.00010492527346638177,0.41413575133547464,0.3806143096016437,0.42598855703314503,0.378617550180085
1335,11.125,1.1810700861735424,0.9834701947151758,0.5,0.9999056283381907,0.0010404820126101743,0.00502148439153004,0.012745058230350503,-0.030397566795694168,0.005596600759981749,0.0,-0.0049659650160371995,-0.019009709657957875,-1.1262963962588623e-07,0.3899731699929083,0.3900131908094567,0.39006800085269233,0.39002769213456506,1.1518575286943615,0.9711740351599687,0.42838741255481216,0.9331358501811161,-0.01821254744124057,-0.0030480040161549806,-0.359049436559903,-0.0025473926556163207,-0.045700682173777096,0.07816796286371219,0.0009953630235460698,-0.0005270366699432593,0.00014437177161191715,0.4113322356440813,0.38022315595150014,0.4270222597312392,0.37728161959056195
1336,11.133333333333333,1.1808235295410436,0.9835155571541913,0.5,0.9999060437302532,0.0010209152443427653,0.004942106020769212,0.012745078730890324,-0.02958747807263803,0.005439784024152329,0.0,-0.004911401500218665,-0.01896779044916472,-1.073238936296182e-07,0.389971044366167,0.3900146962983397,0.3900688256993592,0.39002489372445637,1.151781457265763,0.9707228185738835,0.4289556117572779,0.9331161363025693,-0.01745410787973998,-0.0024837838302293716,-0.35914267514147097,-0.011476214665573359,-0.051270731598540564,0.049010963494716675,0.0005726867304003888,0.000221819282008084,-4.38220196961318e-05,0.41019651887418745,0.376420686155856,0.4223352861637993,0.3752455853088278
1337,11.141666666666666,1.1805836151120737,0.9835596361955153,0.5,0.9999064513265787,0.0010015720577043054,0.0048629126883277295,0.012745098237648746,-0.028790376466015708,0.005285973591577114,0.0,-0.004857508072312144,-0.018922257648252835,-1.02200145698391e-07,0.3899689295907592,0.39001619605242854,0.39006966411598853,0.3900221253600745,1.1517067751577141,0.9702192053881522,0.42948438858430343,0.9331446807185688,-0.01629163303465011,-0.0020624457883909827,-0.3591257911332391,-0.008501993599274726,-0.03550939695164956,0.06827050475352592,0.001012074791959158,4.459522685562867e-05,-5.717442974001656e-05,0.41635396374347455,0.3821593793839137,0.42570895091826294,0.3789854988791812
1338,11.15,1.180350234950911,0.9836024566628284,0.5,0.9999068511147661,0.0009824495100023544,0.004783919380772108,0.012745116793167118,-0.02800622882422451,0.0051351335230238136,0.0,-0.004804265305029954,-0.018873128004932477,-9.725529717471394e-08,0.3899668258425761,0.3900176897589851,0.3900705159649987,0.39001938738943304,1.1516739503397047,0.9700219573822944,0.4297981031230811,0.9331910344279715,-0.015109965990547316,-0.0016458576184928614,-0.35905915020190865,-0.004367107606473297,-0.03900902117492944,0.07593033541902772,0.0006656285174893708,-0.00020321741469239856,0.00011159184348158305,0.4120446080380735,0.37845980421158276,0.42317522595309426,0.37586044328392854
1339,11.158333333333333,1.1801232814178815,0.9836440430822802,0.5,0.9999072430869302,0.0009635447407445458,0.004705141014920606,0.012745134438553534,-0.027234999562264425,0.004987228383143152,0.0,-0.004751653607237143,-0.018820418754330187,-9.248617376307006e-08,0.38996473329993225,0.3900191771097806,0.3900713810922454,0.3900166801421145,1.151615687225472,0.9697438718363511,0.43017186727476414,0.9332083401425497,-0.014209831546462822,-0.0012854018652864033,-0.35905239494794244,-0.019078148968687536,-0.05073241945900975,0.05314976387596482,0.0004531403066274729,0.0005209254746057512,-6.455633390838655e-05,0.4121805778244709,0.37668699615708656,0.42033531445323313,0.37496485966344983
1340,11.166666666666666,1.1799026471895462,0.9836844196866156,0.5,0.999907627239666,0.0009448549723031414,0.004626592435832029,0.01274515121350881,-0.02647665067334359,0.00484222322679958,0.0,-0.0046996532449408105,-0.018764147614965056,-8.78895314850482e-08,0.3899626521435054,0.3900206578011296,0.39007225932719697,0.39001400392934576,1.1515502482080333,0.9694498740742127,0.43051360621133516,0.933206412575417,-0.013502583923372646,-0.0009034860381520557,-0.35908586085850247,-0.0011790347524298639,-0.03835927251425453,0.053468648276233655,-7.827293659706457e-05,0.00028864897307767314,-5.6129520238239556e-05,0.4181110863482231,0.3824153676746652,0.4219407601281217,0.37673703993227464
1341,11.175,1.179688225278805,0.9837236104191834,0.5,0.999908003574009,0.0009263775104923846,0.004548288414802031,0.012745167156353024,-0.02573114174080798,0.004700083585299912,0.0,-0.0046482443621348405,-0.018704332786632492,-8.346206169727587e-08,0.389960582556277,0.3900221315339182,0.39007315048312197,0.3900113590440864,1.1515001350293104,0.9691870909162238,0.4308463107530093,0.9332810761185347,-0.012658751848808474,-0.0003208219468263613,-0.3589235100044836,-0.0035759234219057134,-0.03788030459979108,0.05323601673305478,0.0011387787660270686,-0.0001245277599748457,4.557519340741126e-05,0.417018898875141,0.37985376162181406,0.4225818444635611,0.3788547580068742
1342,11.183333333333334,1.1794799090548782,0.9837616389378337,0.5,0.999908372095394,0.0009081097450591362,0.004470243647367353,0.012745182304052555,-0.02499842995039461,0.0045607754525332665,0.0,-0.004597407001479975,-0.01864099294818951,-7.920039656662542e-08,0.38995852472344616,0.3900235980136453,0.39007405435727743,0.39000874576114414,1.1514201646496747,0.9689003307047268,0.43120861771526325,0.9332530132235448,-0.012332389591276213,9.210305242471907e-06,-0.3590079739940516,-0.016625997755403965,-0.05247606227370971,0.06467251029698695,0.0007556175278150848,-6.746109219249823e-06,-0.00011476344369836918,0.4178357138016563,0.3800583810367142,0.4216581663280955,0.3785944725808997
1343,11.191666666666666,1.179277592263201,0.9837985286186951,0.5,0.999908732813608,0.000890049150087667,0.004392472751318388,0.01274519669224754,-0.024278470102806662,0.004424265271037303,0.0,-0.0045471211248001315,-0.018574147255241067,-7.510111695601618e-08,0.38995647883236767,0.3900250569504464,0.39007497073112773,0.3900061643372777,1.1513322839556002,0.968593471369229,0.43151894763093257,0.9332504807403164,-0.01216690205968046,0.0004866423921987697,-0.35901987392262935,-0.011312475588809434,-0.03404142592597914,0.04815240684027944,0.0009057399288631423,0.00023085441504813232,2.8990484304892538e-05,0.41808392322841303,0.37978528823571195,0.4175776775291875,0.37498190628487943
1344,11.2,1.1790811690452048,0.983834302559838,0.5,0.9999090857427438,0.0008721932843192569,0.004314990264720547,0.012745210355279764,-0.023571214626609653,0.004290519918004131,0.0,-0.004497366633399455,-0.018503815337724546,-7.116075645886464e-08,0.38995444507249544,0.3900265080591049,0.39007589937058224,0.3900036150113046,1.1512774218436534,0.9683700404501772,0.4317974011381591,0.9332471602384944,-0.011910886870750682,0.0009885970190196558,-0.35903605857444487,-0.014380013458392682,-0.047610987719193254,0.07099095786079479,0.00025911333574387844,0.00015330997256219226,0.00011840063723536562,0.4185912822160397,0.3813449850285241,0.4222287001082553,0.3786169499775785
1345,11.208333333333334,1.178890533957981,0.9838689835848209,0.5,0.9999094309011471,0.0008545397913874326,0.004237810643944813,0.012745223326220885,-0.022876613591447128,0.004159506691239815,0.0,-0.004448123388165631,-0.018430017297396746,-6.737580580949561e-08,0.38995242363528687,0.3900279510590902,0.3900768400262171,0.3900010980042553,1.151105658908573,0.9677093505175701,0.43257694878262914,0.9333007976946042,-0.01118503506367857,0.001821823481805169,-0.3589166992108912,-0.00832166789863642,-0.054351239134531326,0.028964180991281063,0.00010961198633001775,0.0005848967777090479,-8.756508632139714e-05,0.41693872948238353,0.377706189262845,0.4162588710208832,0.3746284867608257
1346,11.216666666666667,1.1787055819938417,0.9839025942461186,0.5,0.9999097683113622,0.0008370863999697801,0.0041609482617079255,0.012745235636900979,-0.022194614721574572,0.004031193295091486,0.0,-0.004399371229454023,-0.01835277370521891,-6.374272069849585e-08,0.38995041471412845,0.3900293856745773,0.39007779243352686,0.38999861351951454,1.1508987755010474,0.9670977319667075,0.4332396796222779,0.9333322824346025,-0.009723700335098607,0.0024913230634701425,-0.3588733669786629,-0.00539248112509938,-0.03185706224650975,0.04016452759897371,0.0008450075350562471,2.784635753826023e-05,0.00017302278695888532,0.4254297050281734,0.3834152507009517,0.42136435475872547,0.3825098493507262
1347,11.225,1.1785262085997594,0.9839351568284341,0.5,0.999910098000076,0.0008198309238572154,0.004084417405122651,0.012745247317937351,-0.02152516340971012,0.0039055478263552625,0.0,-0.004351089996739837,-0.01827210559863885,-6.025792525304922e-08,0.38994841850426204,0.39003081163446063,0.39007875631318983,0.3899961617429701,1.1507763470771857,0.9667814652504207,0.43340230546488345,0.9333419003837458,-0.00941384734346315,0.002832233458164703,-0.3588540858341876,-0.004611893575434678,-0.03977198040179264,0.06543277340160802,0.0004921500638421178,-0.000206633248440348,-0.0001312341978821098,0.4219082954322557,0.3809723642792589,0.4206199243457368,0.38075016022469726
1348,11.233333333333334,1.17835230969669,0.9839666933518919,0.5,0.9999104199980562,0.0008027712619417484,0.004008232273758545,0.01274525839876356,-0.020868202731200495,0.0037825387601786798,0.0,-0.004303259548024209,-0.0181880344787718,-5.691781843204682e-08,0.38994643520269023,0.39003222867237847,0.3900797313713305,0.3899937428431916,1.1507008801838587,0.9665816832122204,0.4336672658755174,0.9333930844743024,-0.008793102796743823,0.003095888162248124,-0.35873450722677985,-0.009746287565270961,-0.04709741687640712,0.0320850700855857,0.000842927382969819,7.357138533167562e-05,7.40129045384859e-05,0.41912554934767365,0.3765556877271299,0.41497446371048036,0.37668146928324725
1349,11.241666666666667,1.1781837816987721,0.9839972255751153,0.5,0.9999107343400901,0.0007859053981237466,0.00393240697771369,0.012745268907658624,-0.020223673458500624,0.0036621349359705533,0.0,-0.004255859778977541,-0.018100582307482273,-5.371877942256446e-08,0.3899444650081033,0.3900336365267185,0.3900807172998127,0.3899913569715984,1.1505684802254743,0.9661824289098515,0.4340407494943758,0.9333817158020196,-0.00901607362918817,0.0036709481599778247,-0.35875312843569473,-0.009257333397316714,-0.03556294077275979,0.04973722928982016,0.0006398296316342612,-0.0002729002712722159,0.0001896698521400656,0.4260176292323583,0.3827967043182255,0.41904299287599844,0.3814690246019535
1350,11.25,1.1780205215324107,0.9840267749981849,0.5,0.9999110410649178,0.00076923140113987,0.003856955535697771,0.012745278871776358,-0.019591514075965263,0.003544305543331719,0.0,-0.0042088706418096635,-0.018009771504358747,-5.065717152692645e-08,0.3899425081207858,0.3900350349406379,0.39008171377652434,0.38998900426265337,1.15047542570608,0.9659268751417425,0.4342638657126814,0.9333920054917596,-0.009347653533804417,0.003876745654020092,-0.358715704006135,-0.02406611525029856,-0.05123573144280025,0.0329194068457328,-0.00013398640365038216,0.0006180188545341672,-0.00021206128669607214,0.4215748319255853,0.3792188755956587,0.417339375371091,0.37891017555416895
1351,11.258333333333333,1.1778624266552264,0.9840553628654813,0.5,0.9999113402151649,0.0007527474243127712,0.0037818918731270528,0.012745288317174816,-0.018971660794950867,0.0034290201080191146,0.0,-0.004162272163860645,-0.017915624943591266,-4.772934888618168e-08,0.38994056474252925,0.3900364236620673,0.3900827204656846,0.3899866848340595,1.150216535736317,0.9651471447876987,0.43480798336058957,0.9334669130428538,-0.008826199166528227,0.004954602370323081,-0.35852067217647315,-0.02253927831568081,-0.04002239932379137,0.031457846403126766,3.567240940198155e-05,0.00045974896787988865,7.481140307229813e-05,0.42614762847040494,0.38362993924224925,0.4184189815464431,0.38009501688064135
1352,11.266666666666666,1.1777093950748756,0.9840830101684115,0.5,0.9999116318372713,0.0007364517052237848,0.0037072298202315422,0.012745297268845757,-0.018364047569225973,0.0033162484779560345,0.0,-0.004116044465883268,-0.017818165950748074,-4.493165937472309e-08,0.3899386350765417,0.39003780244371866,0.39008373701815907,0.3899843987869711,1.1501359585240507,0.964857335287067,0.4349697918919996,0.933468499990344,-0.008401526452691365,0.0053058075519301804,-0.35852171801058835,-0.010157209323224947,-0.02602234753222854,0.03992811834543364,-0.00012115802192135005,9.186611377565893e-05,0.00020570179748864907,0.42557728971496467,0.3829673544397588,0.41908803833802677,0.3809482983624454
1353,11.275,1.1775613253677504,0.9841097376480165,0.5,0.9999119159814178,0.0007203425653099384,0.0036329831101749167,0.012745305750744161,-0.01776860611068812,0.003205960809301266,0.0,-0.004070167780020854,-0.017717418299448406,-4.2260450833323614e-08,0.3899367193273478,0.39003917104310143,0.3900847630717688,0.3899821462062203,1.1500926024351563,0.9646215113940604,0.43507251686042214,0.9334842097086693,-0.008136758626590046,0.00560685041928545,-0.358482337935929,-0.028029243439653406,-0.03737840966887562,0.026167702483470556,-0.0006213194176621722,0.00045700808627437356,-0.00013581376142215935,0.42286400096463084,0.37970239392339283,0.41878445983632073,0.3811987958930035
1354,11.283333333333333,1.1774181166975313,0.9841355657974673,0.5,0.9999121927014509,0.0007044184093864832,0.00355916537718755,0.012745313785817676,-0.01718526590538543,0.0030981275525888783,0.0,-0.004024622467464141,-0.01761340620793942,-3.971207635450551e-08,0.38993481770070354,0.3900405292225132,0.39008579825163664,0.3899799271605383,1.150007700607741,0.9643317770912497,0.43531005615728485,0.9335157144534992,-0.008009042182879239,0.0057829907839082205,-0.3584003670886499,-0.014800732636488512,-0.03108567970163678,0.005436088613286483,0.00028550899587174983,0.00048313274983764396,-7.496016284156363e-05,0.42686496809275015,0.38415923098680127,0.41945509705138256,0.3813808162846918
1355,11.291666666666666,1.177279668833613,0.9841605148644424,0.5,0.9999124620548041,0.0006886777250964088,0.0034857901547131294,0.012745321396036024,-0.016613954229840817,0.0029927194389511433,0.0,-0.003979389035770513,-0.017506154335573357,-3.728289725581618e-08,0.3899329304035019,0.3900418767490379,0.39008684217052536,0.3899777417027957,1.1498845517324097,0.9640076949741464,0.43548765347723195,0.9335073970371247,-0.007742408831318223,0.005939698938700024,-0.35842532661487286,-0.011553946931597281,-0.02344018335918019,0.024821902268618024,0.000853684297544865,-0.00010795972490090772,0.0002978890778700899,0.42963001579104165,0.38574157808052734,0.42334877038786567,0.3864675211083638
1356,11.3,1.177145882169384,0.9841846048533937,0.5,0.9999127241024177,0.0006731190822882807,0.003412870873569246,0.012745328602420294,-0.016054596167676675,0.0028897074664360847,0.0,-0.003934448155838548,-0.0173956877791879,-3.496928862456489e-08,0.389931057643666,0.3900432133945554,0.3900878944291801,0.38997558987026015,1.1495014465058382,0.9626743593509594,0.436151621249369,0.9335744329041717,-0.007913244411992043,0.007153292969464803,-0.35822477467397923,-0.021742999090057502,-0.042521932063110945,0.028734408509223375,7.199179205652979e-05,0.0001704482766753083,-4.469666022351904e-05,0.4257768563885422,0.38209813540426446,0.4205989846179488,0.38356947985795103
1357,11.308333333333334,1.1770166577403778,0.9842078555276959,0.5,0.999912978908656,0.0006577411323239249,0.003340420860122418,0.012745335425072097,-0.01550711462653797,0.002789062886431548,0.0,-0.00388978067852869,-0.017282032069388477,-3.276764375739989e-08,0.38992919963006434,0.39004453893572344,0.3900889546166965,0.3899734716848421,1.1494070234885994,0.9623362120005707,0.4362443926641577,0.9335664566432378,-0.00777008093111391,0.007415653990394874,-0.35824335995075807,-0.019815814919810215,-0.039129016444150455,0.014993134699436972,0.0007832358740768724,0.00017990648954602088,-2.758125109709266e-06,0.42785447380105235,0.3818491217769968,0.41699670079523177,0.38228480091789435
1358,11.316666666666666,1.1768918972422626,0.9842302864116877,0.5,0.9999132265412227,0.0006425426073173729,0.0032684533344779425,0.012745341883202537,-0.014971430355311413,0.0026907571902066896,0.0,-0.0038453676509166246,-0.01716521316673543,-3.06743768064842e-08,0.38992735657241,0.39004585315397194,0.39009002231088435,0.38997138715336815,1.1493600492841185,0.9619936572294883,0.43642577542014327,0.9336248440697404,-0.007704845694480431,0.007592547842884703,-0.3580888704020701,-0.012100766681610864,-0.0468564170297614,0.03870932312806663,0.0001817528911859192,0.00031833392352993456,-3.892850112991452e-06,0.4299150756954847,0.3837923230389418,0.4194359785602526,0.38483519944935046
1359,11.325,1.1767715030487007,0.9842519167925979,0.5,0.9999134670710729,0.0006275223193067038,0.0031969814086850153,0.012745347995160989,-0.01444746196163846,0.002594762095582406,0.0,-0.00380119033216943,-0.0170452574578438,-2.868592750583063e-08,0.38992552868114216,0.3900471558355104,0.3900910970786218,0.38996933626787617,1.1492899410378035,0.9616648619666492,0.43657769956873516,0.9336402555115951,-0.0074547916215304,0.007618500702063368,-0.3580534287186424,-0.015238130593542287,-0.03963704076026531,-0.002085920160216359,7.807503778272946e-05,0.0004416430801036346,-7.529099734386031e-05,0.42715754333216194,0.37879715748997694,0.41418313591229616,0.3818436366463039
1360,11.333333333333334,1.1766553782290463,0.9842727657223644,0.5,0.9999137005723253,0.0006126791593602831,0.0031260180849574525,0.012745353778463624,-0.013935125929719799,0.002501049533741159,0.0,-0.003757230209032622,-0.016922191751384482,-2.6798767611923682e-08,0.38992371616734056,0.39004844677129885,0.39009217847625505,0.3899673190058833,1.1491958009325134,0.9613398449425089,0.43666649714369243,0.9336614085090534,-0.0071806123277898,0.00768318916239436,-0.3580024883597644,-0.018752140375433157,-0.04309759932860091,0.012608314816731081,0.00021883728909973056,0.00029476890564467665,0.00023072897115636833,0.4331218001923047,0.385896824297811,0.42168239976668576,0.38821535837238946
1361,11.341666666666667,1.1765434265659063,0.984292852019341,0.5,0.9999139271221709,0.0005980120966191287,0.0030555762539105392,0.012745359249821652,-0.013434336638408746,0.0024095916361871273,0.0,-0.003713469010922041,-0.016796043273996416,-2.500940131698057e-08,0.3899219192426384,0.3900497257570219,0.390093266049994,0.38996533533067124,1.1491162805049855,0.9610145394010775,0.43677996870272845,0.9336947989075579,-0.006994202248632736,0.007758851290749834,-0.3579174539674314,-0.024773957039481154,-0.04809896991924134,0.01086680432453302,4.682311688100458e-05,8.163732426437706e-05,-9.881070081417843e-05,0.43139634950407457,0.3840288740274883,0.4184771034422263,0.38521410292971797
1362,11.35,1.1764355525725356,0.9843121942698994,0.5,0.9999141468007785,0.0005835201772769565,0.002985668692814261,0.01274536442516927,-0.012945006379591215,0.0023203607218665744,0.0,-0.0036698887246136057,-0.016666839666116956,-2.3314369192638567e-08,0.389920138119096,0.3900509925930951,0.3900943593362815,0.38996338519161416,1.1490123985693022,0.9606777018585114,0.43691169156579523,0.933727503268675,-0.006639471556805067,0.00774767643685982,-0.3578391266573891,-0.01755308334090433,-0.054884020060941285,-0.002721772209629547,5.363088321332441e-05,0.00041987112192330846,0.00013373945966023475,0.4324357895573604,0.3851414594181426,0.41800989999857857,0.38463863030885054
1363,11.358333333333334,1.1763316615100832,0.9843308108299229,0.5,0.9999143596912031,0.0005692025234996989,0.0029163080638634035,0.012745369319691299,-0.01246704537684956,0.00223332928445874,0.0,-0.0036264716085128434,-0.016534608977719717,-2.1710253628839766e-08,0.38991837300910226,0.39005224708463637,0.3900954578622021,0.38996146852448327,1.1488703741776596,0.9601499217205728,0.4370704732028578,0.9337482641081638,-0.006662638966853719,0.007923419950309261,-0.3577806701504137,-0.003728132295610642,-0.060204777506411844,0.024561535423517356,4.6215605300823696e-05,-7.45116881457155e-05,0.00023130386003470595,0.4358249013074851,0.38660499718166347,0.4190149432992055,0.38760451383031563
1364,11.366666666666667,1.176231659404675,0.9843487198261979,0.5,0.9999145658792858,0.0005550583322861907,0.002847506912464833,0.012745373947850398,-0.012000361804407732,0.0021484699798468405,0.0,-0.0035832002065021005,-0.016399379663970724,-2.019368096496257e-08,0.38991662412528555,0.39005348904143305,0.3900965611458973,0.3899595852517563,1.1484684373358451,0.9582896717859379,0.43724604662669464,0.9338315336587013,-0.006771049065106296,0.00843477450365776,-0.3575495409286218,-0.015431551709998992,-0.04528794467992814,0.01893463288343833,0.00034974192388801794,-0.00010989596965921077,-0.00010696544240112724,0.43217396703453026,0.38029500296897517,0.41342149241611154,0.3846828124061316
1365,11.375,1.1761354530643462,0.9843659391576983,0.5,0.9999147654535587,0.0005410868742718412,0.0027792776655423813,0.012745378323413966,-0.011544861806354959,0.002065755613778741,0.0,-0.003540057361358915,-0.016261180580805723,-1.8761324081529703e-08,0.3899148916804027,0.3900547182779235,0.3900976686969682,0.38995773528295186,1.1484248697669084,0.9579238200536289,0.43726181862115726,0.9338425536011893,-0.00677961526883151,0.008457944850142134,-0.35752004848585606,-0.012596826519484239,-0.055651373322340714,-0.012317317800980554,0.0002600265613896961,8.834461561289003e-05,9.71580140950842e-05,0.4314978577777575,0.3823063485352999,0.4158765142240187,0.3844875458097778
1366,11.383333333333333,1.1760429500957983,0.9843824864967724,0.5,0.9999149585051434,0.0005272874924770386,0.00271163262985962,0.012745382459480576,-0.01110044951614529,0.0019851591297262478,0.0,-0.0034970262277337367,-0.016120040980425177,-1.7409905977024627e-08,0.3899131758872289,0.39005593461317606,0.3900987800168882,0.3899559185149709,1.1483323238121759,0.9575393269562936,0.4372045625533192,0.9338407316829126,-0.006863881966740341,0.00843463744215831,-0.35752375007191967,-0.014708649062722401,-0.057764016684191954,0.009169005269288322,-0.0003717480942702847,-9.228613407163967e-05,-9.704500871306326e-05,0.4380411127897601,0.38708968624563606,0.41975163837859364,0.3901318631965921
1367,11.391666666666666,1.1759540589209996,0.9843983792902269,0.5,0.9999151451276502,0.0005136596010022021,0.0026445839903609563,0.012745386368505996,-0.01066702707637009,0.0019066535969520907,0.0,-0.0034540902846773042,-0.01597599050671109,-1.613620346691577e-08,0.3899114769584679,0.39005713787084456,0.3900998945994333,0.3899541348324271,1.1483095934950796,0.9571455845192156,0.4370654205869471,0.9338788485728186,-0.007023458888604378,0.008617605054750323,-0.3574167093137464,0.0002769034093352829,-0.057649194746600685,0.0028618208532782408,-5.975182729337427e-05,6.299592826084681e-05,0.00027551628601913666,0.4347791060422114,0.38390222302859073,0.4159198755602402,0.3862029277693974
1368,11.4,1.175868688793619,0.9844136347603142,0.5,0.9999153254170761,0.0005002026836713135,0.0025781438085313345,0.012745390062328745,-0.010244494658800651,0.0018302121987930206,0.0,-0.003411233347720644,-0.01582905919057636,-1.4937047629588878e-08,0.3899097951066478,0.3900583278791376,0.39010101193110597,0.3899523841079968,1.1482809513105594,0.9567686508903558,0.4370916557208975,0.9339206469023068,-0.007121944330098761,0.008588205603191275,-0.3573062354942229,0.004307564994565638,-0.05777585534214591,-0.01187046478137721,-0.0006406568788830346,0.00015644383096582833,-3.898924171374423e-05,0.4358964396157812,0.38286788226028085,0.4168578947342206,0.3893438169498737
1369,11.408333333333333,1.175786749815283,0.9844282699056235,0.5,0.9999154994716994,0.0004869162926258153,0.0025123240207748595,0.01274539355219518,-0.009832750484697953,0.0017558082211672054,0.0,-0.003368439580490352,-0.015679277445237463,-1.3809327522078534e-08,0.38990813054399875,0.39005950447080057,0.3901021314915498,0.38995066620279273,1.1482364879216878,0.9563841878698798,0.4369745371758758,0.9339101731979388,-0.007534428793457991,0.008770504594344322,-0.3573207229217371,-0.015313035374320272,-0.05693677669788011,-0.029123355710003462,-0.0001903387298797164,0.00019727837651463257,-7.80965327086797e-06,0.43838244623394756,0.38473191089514286,0.4192451279274741,0.3923397660726112
1370,11.416666666666666,1.1757081529516675,0.9844423015018774,0.5,0.9999156673919767,0.00047380004687085374,0.0024471364368127183,0.01274539684878407,-0.009431690845386597,0.0016834150413139993,0.0,-0.0033256935058541973,-0.015526676061414531,-1.2749994202242228e-08,0.3899064834823718,0.390060667483056,0.3901032527540023,0.3899489809667041,1.1480606330144498,0.9545488149467722,0.4364016418893741,0.9339944902795759,-0.008869683718852958,0.009134170310881444,-0.35706048195068385,0.0011488246338897667,-0.07151475970902377,-0.009940660293566994,-3.013077545001468e-06,3.064733191135876e-05,0.00024857818842251213,0.44091459057172594,0.38992906915351555,0.4226077710492718,0.3930823460033514
1371,11.425,1.1756328100484166,0.9844557461026355,0.5,0.999915829280434,0.00046085363077579396,0.002382592738100677,0.01274539996223065,-0.009041210123089819,0.0016130061167735864,0.0,-0.0032829800166000204,-0.015371286202474023,-1.1756059347554339e-08,0.38990485413313786,0.390061816757565,0.3901043751857259,0.3899473282387701,1.1479926225765245,0.9539067160611382,0.43613769223071497,0.9340105722382787,-0.009367211766730046,0.008984267952256654,-0.3570095085851392,0.0016962436595990837,-0.05398485949070775,-0.004788833072305598,-0.0002902607697787708,0.0001540083248879482,-0.00010484288231811627,0.43930272210127647,0.38428964449461034,0.41812228843882027,0.39265041828346164
1372,11.433333333333334,1.1755606338468787,0.9844686200399088,0.5,0.999915985241561,0.0004480767925309635,0.002318704476266404,0.01274540290215017,-0.008661200812022533,0.0015445549746137517,0.0,-0.003240284385632619,-0.015213139399505665,-1.0824599696083994e-08,0.3899032427070664,0.3900629521404009,0.39010549824843527,0.3899457078475654,1.147957828153806,0.9533362877284203,0.4358696036598697,0.9340192725326932,-0.009673452619367402,0.008841907480596232,-0.356982133340065,-0.016466705760342926,-0.07804752474648291,-0.024496735635265443,9.314392604514238e-05,-3.6794592295665718e-06,-3.1968481758198536e-05,0.4360403728089333,0.3832856377069285,0.41979228158000126,0.3920325096010919
1373,11.441666666666666,1.1754915379996733,0.9844809394246845,0.5,0.9999161353817015,0.00043546934256267757,0.002255483071566968,0.012745405677660844,-0.008291553539739191,0.001478035200910849,0.0,-0.0031975922756857624,-0.015052267546330534,-9.952758427506375e-09,0.3899016494142407,0.39006407348198807,0.39010662139875635,0.38994411961156494,1.147903246267995,0.9527508277177712,0.43550745748570563,0.9340649489244685,-0.010121320173325222,0.008575224348040308,-0.3568566877558277,-0.004605020775239055,-0.06339393705535601,-0.014134203876070561,-0.00019482868435156757,8.891450630515069e-05,0.00018153375291526645,0.44223336916869777,0.3892030788524575,0.4205355221269551,0.3931229112368899
1374,11.45,1.1754254370860702,0.9844927201473667,0.5,0.999916279808945,0.0004230311519085259,0.0021929398113667885,0.012745408297406296,-0.007932157088733304,0.0014134204304914696,0.0,-0.003154889748550228,-0.014888702894459902,-9.137745898421761e-09,0.3899000744639503,0.39006518063706347,0.3901077440886567,0.3899425633395393,1.1479100499010173,0.9523136799734577,0.43529763011077216,0.9340947783112391,-0.01032792137582964,0.00831865230162009,-0.3567787538455962,-0.007620278895892341,-0.05358428330541898,-0.030620107030288057,-0.00027808010569552763,-3.3557329819355296e-05,6.200671793135369e-05,0.4383954933571873,0.3860218027830308,0.42097294340244484,0.39289704602194336
1375,11.458333333333334,1.1753622466271865,0.9845039778781323,0.5,0.9999164186330156,0.000410762150554969,0.0021310858486362216,0.012745410769577376,-0.0075828984182853285,0.001350684336941154,0.0,-0.003112163273803114,-0.014722478047999178,-8.376842755908778e-09,0.3898985180645902,0.3900662734646235,0.390108865765897,0.3899410388309425,1.147892675489095,0.9519085138669683,0.43508385642873915,0.9341048162103606,-0.01081584454942102,0.008283315844968811,-0.35673883516923655,-0.01646805715880273,-0.05646441144303571,-0.03697464603852896,-0.0005143506132599151,-4.638294819459462e-06,-0.00010718428547768105,0.4397562913306942,0.38917600419931575,0.4252229666296021,0.3953732070293992
1376,11.466666666666667,1.1753018831010114,0.9845147280672033,0.5,0.999916551965161,0.00039866232573934575,0.0020699322004711046,0.012745413101933419,-0.00724366268655562,0.0012898006228862146,0.0,-0.003069399737045151,-0.014553625958496028,-7.667399869893152e-09,0.38989698042356974,0.3900673518278697,0.39010998587448337,0.3899395458762971,1.1478069864670817,0.9514309595791128,0.43486943525625055,0.9341134587226132,-0.011686261917671458,0.007986665059468786,-0.35669551538657757,0.0066825298949746426,-0.05997105152770743,-0.03794381098574107,-0.00010302412953523923,-8.773362339090374e-05,0.000329383984784679,0.44090810850838286,0.39128806458790444,0.4264048660021117,0.3955872613528446
1377,11.475,1.1752442639572251,0.9845249859450447,0.5,0.9999166799180413,0.00038673172021828515,0.0020094897466334596,0.012745415301822894,-0.006914333272919174,0.0012307430105540343,0.0,-0.0030265864476365484,-0.01438217991974003,-7.0068397801735955e-09,0.38989546174720474,0.390068415594161,0.3901111038551092,0.38993808425760307,1.1477983632685478,0.9509852417749113,0.43462863583368533,0.9341089350348057,-0.01250437046010614,0.007714979153141854,-0.35668560007968375,-0.003296246099870892,-0.04977984472421815,-0.037298119316542255,-0.00017040613848812655,1.2012009004282115e-05,3.6629991557057434e-05,0.4410330571614708,0.3885046025145824,0.42659604339983015,0.3987140180659673
1378,11.483333333333334,1.1751893076318483,0.9845347665224797,0.5,0.9999168026056166,0.00037497043050470255,0.0019497692281136092,0.012745417376203463,-0.006594791800538665,0.0011734852326174092,0.0,-0.002983711145927355,-0.01420817356251823,-6.392658069412444e-09,0.3898939622406244,0.3900694646349529,0.3901122191456071,0.389936653748736,1.1477580960184635,0.9505617425458824,0.4344323472771423,0.9341304647455341,-0.012870427949376262,0.007545450811830806,-0.3566198158974606,-0.008124963679323471,-0.05625729313033512,-0.040250877311687194,-0.00029352166140667236,-7.133024995677718e-05,6.289881793678163e-05,0.4391195740592433,0.3896204309033478,0.42847201532130214,0.397558446926149
1379,11.491666666666667,1.1751369335616868,0.9845440845907355,0.5,0.9999169201430338,0.00036337860507540745,0.0018907812457138707,0.0127454193316614,-0.006284918159172445,0.0011180010233276469,0.0,-0.002940762009984807,-0.01403164084932864,-5.822423687787719e-09,0.38989248210767563,0.39007049882574285,0.39011333118140007,0.3899352541158528,1.1477293870913545,0.9501580922154577,0.43426605215046293,0.9340970546657561,-0.013239954596249192,0.00734438721078611,-0.35669798996286306,0.01141515336229304,-0.06375548290994404,-0.029994038306341286,-0.00021952334604890286,3.8542178609731176e-05,4.0712482510882993e-05,0.4402121919987185,0.3908334562792893,0.4285817257494755,0.3975691802874036
1380,11.5,1.1750870621985952,0.9845529547214132,0.5,0.9999170326465139,0.0003519564425514829,0.0018325362586540652,0.012745421174430421,-0.005984590528213998,0.0010642641099411643,0.0,-0.002897727661809346,-0.013852616069049126,-5.2937801041469e-09,0.3898910215508219,0.3900715180460121,0.3901144393959487,0.3899338851178037,1.1476975541257204,0.9492499771319445,0.43380776376518315,0.9341945012463738,-0.013690548853017149,0.0066008940622182604,-0.35644022066921877,-0.015719870064723196,-0.06651084070127267,-0.030326665640134642,-0.0006164126901494245,9.03848800530408e-05,0.00016681297821592215,0.4393938186588884,0.3867626883911595,0.4260426653149773,0.39822664627874604
1381,11.508333333333333,1.1750396150235374,0.9845613912663912,0.5,0.9999171402332383,0.000340704189853533,0.0017750445831990341,0.012745422910409865,-0.005693685399959361,0.0010122482044437266,0.0,-0.0028545971730413702,-0.013671133831572684,-4.804445872704895e-09,0.38988958077105895,0.3900725221791568,0.3901155432212085,0.389932546506538,1.1476664028598018,0.9483248576379588,0.43318475294511094,0.9342274841182193,-0.014230462080226077,0.0060566412619853455,-0.3563422778225302,0.0026011725953845044,-0.06833107171908548,-0.035487844282366954,-0.0007148851289954163,-0.0001217128101267202,6.193634588703932e-05,0.43939177219777076,0.3909751151602192,0.42652938140711505,0.39464845767715007
1382,11.516666666666666,1.1749945145604583,0.9845694083576584,0.5,0.9999172430212349,0.00032962214033394196,0.0017183163913083,0.012745424545182262,-0.005412077603098963,0.0009619269955763151,0.0,-0.002811360070156033,-0.013487229062410634,-4.352214046592894e-09,0.3898881599678155,0.3900735111124304,0.39011664208807456,0.3899312380275223,1.1477027711084224,0.9473135328473504,0.4326501919984445,0.9342561636446377,-0.015436187405430346,0.00526465811823816,-0.3562294600188009,-0.00103333080359036,-0.0641385349794743,-0.025571331925400287,-0.0003532545708950487,-0.00016809362441144133,2.2885000809338546e-05,0.44021515274952316,0.3898301792520438,0.42773696989902826,0.39774254533460796
1383,11.525,1.1749516843899548,0.9845770199070856,0.5,0.999917341129264,0.0003187106318882636,0.0016623617093080557,0.012745426084030275,-0.0051396403264303385,0.0009132741411661027,0.0,-0.002768006339145154,-0.013300936997259665,-3.934953331152802e-09,0.3898867593388557,0.390074484736884,0.3901177354268269,0.3899299594201626,1.1476675033320294,0.9468906454164887,0.432522924305994,0.9342748952875995,-0.015909835768173862,0.005035377018233477,-0.3561628028577089,-0.007150283694401516,-0.05475219835815448,-0.01175107733887848,0.00013659040418737296,-0.00045439470481218117,1.7336795176093497e-05,0.43730064294917936,0.3890219974251568,0.4276535858287126,0.3956002320938739
1384,11.533333333333333,1.174911049162743,0.9845842396061337,0.5,0.9999174346767057,0.00030797004504789306,0.0016071904165856571,0.012745427531953011,-0.004876245142788111,0.0008662632607657728,0.0,-0.002724526429683153,-0.01311229317654239,-3.5506084535342995e-09,0.3898853790801975,0.3900754429472915,0.3901188226675843,0.3899287104182164,1.147656862989556,0.9464325097953786,0.4323349993383523,0.9342437078634837,-0.016811833558256925,0.004835193116512601,-0.35620594812190515,0.009085198474534373,-0.05120031192364927,-0.04339581550673599,-0.0011567853829609496,0.000139101746794494,-8.303446110505528e-05,0.43349251366934716,0.38752571263556534,0.4269590197091867,0.39261025775000913
1385,11.541666666666666,1.1748725346129356,0.9845910809255016,0.5,0.9999175237834437,0.00029740080105616494,0.0015528122443067111,0.012745428893681682,-0.004621762033187597,0.0008208679286040606,0.0,-0.0026809112587814956,-0.012921333439926958,-3.1971993030317868e-09,0.38988401938602435,0.3900763856420817,0.39011990324075335,0.3899274907502108,1.1476580630714872,0.9457866274101956,0.4320707307268221,0.9342771071162342,-0.01765213140550919,0.004351021890851064,-0.3560839198614121,0.004364814792534588,-0.06443132946686303,-0.024500093317147975,-0.0010523539410612595,-0.00026722756038063657,0.00017529732329344772,0.4376381888366016,0.39032414884591765,0.43337025479923647,0.4003133422102667
1386,11.55,1.174836067571103,0.9845975571147192,0.5,0.999917608569753,0.0002870033599299939,0.0014992367741548985,0.012745430173694672,-0.004376059411178429,0.0007770616668499498,0.0,-0.002637152213928124,-0.012728093920817949,-2.8728207574318276e-09,0.389882680448593,0.3900773127232712,0.39012097657746897,0.3899263001398666,1.1477297105074444,0.9454401024727247,0.4319044020903516,0.934320861203166,-0.017526969996505052,0.0040679554030265755,-0.35597863051334233,-0.01680638270498136,-0.06345071960501825,-0.02677763444624004,-0.00041250005963347237,-0.0001056832266234572,-2.131607609352194e-06,0.43575906980643203,0.38819999506653885,0.42924217818323424,0.3965329471030019
1387,11.558333333333334,1.1748015759771366,0.984603681201685,0.5,0.9999176891561862,0.0002767782185092307,0.0014464734370946881,0.012745431376231964,-0.004139004147404461,0.0007348179391927372,0.0,-0.0025932411557113713,-0.012532611040830779,-2.5756421871779042e-09,0.3898813624581438,0.3900782240963987,0.3901220421100347,0.3899251383065262,1.147735038539328,0.9442353255822665,0.43144176400687617,0.9343821343301499,-0.017887777793461845,0.003538526523300182,-0.35580547112191746,0.010843472816657318,-0.07329322433758945,-0.038488887707399666,-0.0001429712512890613,-3.124428551057022e-05,0.00019640553812035215,0.4360027973610123,0.39167198797493685,0.4299898530819741,0.3940598339991358
1388,11.566666666666666,1.1747689888929098,0.9846094659921516,0.5,0.9999177656634589,0.0002667259084958537,0.0013945315121569692,0.01274543250530894,-0.003910461594366313,0.0006941101447397667,0.0,-0.0025491704199345224,-0.012334921504250347,-2.3039080174364403e-09,0.38988006560281896,0.3900791196704517,0.39012309927236216,0.3899240049655727,1.1477154820710171,0.9438799498493325,0.4313324864568705,0.9344199804867934,-0.017959035387270898,0.0032095839004240715,-0.35570559692842285,-0.0024978015070287185,-0.0452746825337802,-0.022843473178496554,-0.0004743524309116251,-0.00012956398923447905,5.1147951130051675e-05,0.43917120689064726,0.3905103070012561,0.4309026149958933,0.3993097370543287
1389,11.575,1.1747382365147154,0.984614924069165,0.5,0.9999178382123382,0.0002568469944851189,0.001343420125247765,0.012745433564729576,-0.0036902956113828004,0.0006549116122332175,0.0,-0.00250493281921621,-0.012135062292473717,-2.0559364635496675e-09,0.3898787900685843,0.3900799993577835,0.3901241475004207,0.38992289982884565,1.1477288845959832,0.943426512454425,0.4312402283035655,0.9344422039414548,-0.018243135071996302,0.003074193176586812,-0.35563394783413865,-0.004012333645198041,-0.06293843123073017,-0.006932060093428616,-3.879948756268032e-06,-0.0002119924369414876,8.777311820596941e-05,0.4328675932020265,0.389642542684489,0.4318694475989037,0.3948739745732431
1390,11.583333333333334,1.1747092501855123,0.9846200677924537,0.5,0.9999179069235286,0.0002471420719908283,0.001293148247980048,0.012745434558099025,-0.0034783685897475086,0.0006171955945871717,0.0,-0.0024605216440809208,-0.011933070658441227,-1.830118000492591e-09,0.3898775360391413,0.39008086307405054,0.39012518623266085,0.38992182260507097,1.1477212655448124,0.9430298090446241,0.43104930450618023,0.9344742184605165,-0.01848321936069764,0.003101185000277038,-0.3555371827056425,-0.001275304359582563,-0.07349105289472524,0.004936203754829505,-0.0006292990100168961,-0.0002812338632099546,0.00014657833700677868,0.4324407871408032,0.38740990390302404,0.4272611293542636,0.3920880911760939
1391,11.591666666666667,1.1746819624069482,0.984624909297778,0.5,0.999917971917561,0.00023761176546680402,0.0012437246965287853,0.0127454354888356,-0.003274541478076785,0.0005809352637456096,0.0,-0.002415930663544018,-0.011728984121059933,-1.6249157752299369e-09,0.3898763036958419,0.3900817107381401,0.3901262149104416,0.38992077300028916,1.147753911654162,0.9426396036036244,0.430982304319917,0.9344851833022357,-0.018678641004166538,0.0028996992765997426,-0.35549984852729494,-0.004397944665379683,-0.07534656142688112,-0.03339896807917353,-0.0005536492897000307,0.00020664187939292252,8.254511329756851e-05,0.4318189610461613,0.3852418703521458,0.42412710451553054,0.3905291489691115
1392,11.6,1.174656306851174,0.9846294604962359,0.5,0.9999180333146805,0.0002282567263266919,0.0011951581305092022,0.01274543636018215,-0.003078673807845345,0.0005461037058618095,0.0,-0.0023711541251896233,-0.011522840459622069,-1.4388648447886542e-09,0.3898750932176215,0.3900825422720832,0.3901272329784712,0.3899197507182628,1.14778149387108,0.9422540739371568,0.4309042123141986,0.9344944467159283,-0.018787037608861322,0.00289766393664703,-0.35546980155659436,-0.011023182557678979,-0.06638043241820046,-0.01153519600080588,-0.0001667280105771496,1.0560622323299939e-05,-7.261524622244998e-05,0.43816018647414484,0.3920833531366391,0.4306073730255403,0.3965086425698054
1393,11.608333333333334,1.1746322183724431,0.984633733073532,0.5,0.9999180912347363,0.00021907763096419667,0.0011474570518783694,0.012745437175216874,-0.002890623719105723,0.0005126739167992085,0.0,-0.0023261867547467933,-0.01131467770821624,-1.270569682215513e-09,0.3898739047809191,0.3900833576009812,0.39012823988522866,0.38991875546089805,1.147786377345855,0.9405105924365523,0.43055410015453977,0.9346025031071119,-0.019334666147820534,0.0020880327052588223,-0.3551618954650048,0.005866005507670913,-0.05031163938022942,-0.011565687792930435,0.0009273084558644026,-0.00021112310822482528,0.00024766773907448637,0.43343311657356415,0.3892672884653332,0.4280763380346327,0.3920480588332073
1394,11.616666666666667,1.1746096330184936,0.9846377384892105,0.5,0.9999181457970705,0.00021007517877582544,0.00110062980386012,0.012745437936863538,-0.002710247986387772,0.00048061879795344213,0.0,-0.0022810237551668566,-0.011104534150139993,-1.1187035055428328e-09,0.3898727385595921,0.39008415665293916,0.39012923508337305,0.3899177869286753,1.1477512521395636,0.9396093882150992,0.4304082234578578,0.9346896140988893,-0.018863738589598576,0.0018269066625942031,-0.35495935975001275,0.016793183029095715,-0.049147907803592794,0.010035475627884205,0.0003031272143294027,-0.0006040077311666882,0.00022240143987575962,0.431128456421521,0.38745098123062743,0.43031908221206633,0.39388715279945036
1395,11.625,1.1745884880417126,0.9846414879758565,0.5,0.9999181971204104,0.00020125009018822035,0.00105468456989333,0.012745438647901147,-0.0025374020447743962,0.0004499111523949662,0.0,-0.0022356608052038927,-0.010892448312312083,-9.820083147068108e-10,0.3898715947248555,0.39008493935897537,0.390130218030171,0.38991684482105105,1.1477900450811447,0.9390655832173284,0.43034480393025154,0.9347079306119437,-0.01925430705704992,0.0014907732776769116,-0.3548917211008531,-0.018286071012862948,-0.06139519221188827,0.0022070452079914205,-0.00036189853243392663,-8.536664245548875e-06,-6.358189816610617e-05,0.428008125397031,0.3828318407206686,0.4263000413854574,0.3914140861794995
1396,11.633333333333333,1.1745687219100869,0.9846449925382644,0.5,0.9999182453227586,0.0001926031046921391,0.0010096293726035814,0.012745439310973036,-0.002371940016149702,0.00042052368133132324,0.0,-0.002190094057505469,-0.010678458959690024,-8.592908005981654e-10,0.3898704734452013,0.39008570565295103,0.39013118818790155,0.3899159288368798,1.1478130647821918,0.9387688298869291,0.4303239061285425,0.9347512415709687,-0.019088708068930683,0.0014655756117427404,-0.3547866819568034,-0.0055483151777613315,-0.0661695520693506,-0.004508969500804927,-0.0007368917146040932,8.115678976687765e-05,7.364004051208867e-06,0.43041364617441424,0.38891374797460726,0.4268095752645442,0.38825147508030133
1397,11.641666666666666,1.174550274317925,0.984648262952582,0.5,0.9999182905212869,0.00018413497888510603,0.0009654720727981954,0.012745439928595465,-0.0022137147356157487,0.0003924289808877364,0.0,-0.0021443201362152144,-0.010462605089690153,-7.494240644765501e-10,0.3898693748863207,0.39008645547150167,0.3901321450242519,0.3899150386748322,1.1477992784682634,0.9384301806534441,0.430334420403103,0.9347624935781262,-0.019592135778640433,0.001180197906365993,-0.35473065267627635,0.012997785605284307,-0.04848338457185131,-0.02367894762698719,-1.54636077534351e-05,0.00022242910046182143,-0.00010228381732587603,0.4322355600207655,0.3884942979790006,0.4272460448224595,0.3909168730616456
1398,11.65,1.1745330861963663,0.9846513097654275,0.5,0.9999183328322299,0.00017584648452477925,0.0009222203684846789,0.012745440503165636,-0.002062577778074067,0.0003655995392044628,0.0,-0.0020983361340929357,-0.010244925926615018,-6.513451827599624e-10,0.38986829921106114,0.39008718875393233,0.3901330880127461,0.3899141740337785,1.1478410696068306,0.937545353540842,0.43027850188580846,0.9347799862489227,-0.01984671501160704,0.0007056508599041303,-0.3546716612143913,-0.012789035872451393,-0.05105371468090425,-0.008647557831592545,-0.0002807178673446573,-0.00029216090407888475,0.00028285637677816054,0.4327957859575675,0.38910686868091865,0.43278557072460144,0.39638668938019994
1399,11.658333333333333,1.1745170997236596,0.9846541432929851,0.5,0.9999183723707794,0.00016773840659500854,0.0008798817939125246,0.012745441036969231,-0.001918379484968102,0.00034000773384892344,0.0,-0.0020521396091583697,-0.010025460916093937,-5.640509489713246e-10,0.38986724657933935,0.3900879054421581,0.3901340166331186,0.3899133346132112,1.1477848748584556,0.9372600222347128,0.4302073132603492,0.9348268317801568,-0.01973872866987435,0.0006198320866604678,-0.3545543582901724,0.006086107426694909,-0.060615353551740636,0.018669328189174772,-0.0001457467003088688,-0.0003978216955260172,-4.835126216309624e-05,0.43042112861508064,0.3902907761462314,0.4303272079809769,0.39048373238538625
1400,11.666666666666666,1.1745022583352225,0.9846567736200809,0.5,0.9999184092509815,0.00015981154138658055,0.0008384637186383671,0.012745441532187448,-0.0017809689911827643,0.0003156258295403832,0.0,-0.0020057285808621193,-0.00980424971953008,-4.865997164368227e-10,0.3898662171480696,0.3900886054806352,0.3901349303716979,0.38991252011365474,1.147785524105121,0.9369482976841867,0.43018955041155715,0.9348392984846995,-0.019964980171883,0.0003760210264138987,-0.35450915951997514,0.0174559297705823,-0.04684276227869821,-0.002771437838855473,-0.0003855948966108944,-0.00015932359605237774,-1.5058704619160128e-05,0.4274076925059698,0.38360515583223465,0.4243650507277275,0.3881291240134652
1401,11.675,1.1744885067334714,0.9846592105992424,0.5,0.9999184435856331,0.00015206669459459461,0.0007979733466144854,0.012745441990903526,-0.0016501942520972285,0.0002924259761845615,0.0,-0.0019591015257914134,-0.009581332208564745,-4.181085206478383e-10,0.38986521107112554,0.39008928881625543,0.3901358287218146,0.38991173023703535,1.1478521538683457,0.9366501717478088,0.4301483663536681,0.9348709370392605,-0.020028833060817715,0.0001706829863673474,-0.354422273274233,0.005323360197118099,-0.05442095706236216,-0.027816184455131676,-0.00022806883056367963,0.00011123703827725088,-9.131391856011565e-05,0.42897361173770887,0.385607712853888,0.4297278869855487,0.3930736056431755
1402,11.683333333333334,1.1744757908974313,0.9846614638497415,0.5,0.9999184754861818,0.00014450467943440408,0.0007584177153005649,0.012745442415108837,-0.0015259020707871552,0.00027038020721530337,0.0,-0.0019122573729157925,-0.009356748459552157,-3.5774932336066257e-10,0.3898642284992571,0.3900899553982912,0.3901367111841588,0.38991096468709385,1.1478032925608925,0.9363515876825453,0.4300331585731304,0.9348556529940675,-0.020260978559598092,0.00018427090671231596,-0.35444938546579,-0.00489043114411114,-0.03872352383419431,-0.01615765951556436,-6.960574012864963e-05,7.306563362155215e-05,0.0001125764258547545,0.43399827378528094,0.39150232986452443,0.4331883695307541,0.3956933655912781
1403,11.691666666666666,1.1744640580921053,0.9846635427566284,0.5,0.9999185050626255,0.0001371263147780226,0.0007198036947987649,0.012745442806708505,-0.0014079381253724948,0.000249460438240058,0.0,-0.0018651954983795501,-0.009130538748052783,-3.0475048630579e-10,0.38986326958003015,0.39009060517831806,0.39013757726714876,0.3899102231697761,1.147854477328134,0.9361093894854284,0.4300282367525962,0.9349043589540585,-0.020547983290721574,2.8647310828983095e-05,-0.3543044159627659,-0.008662248164026387,-0.03750341675249347,-0.013968965171684555,-0.0005833733405079142,0.00022667142416949877,0.00012302694766662815,0.42984218252511286,0.39067656143739676,0.4333919384024014,0.39259014476465715
1404,11.7,1.1744532568776298,0.9846654564697533,0.5,0.9999185324234146,0.0001299324233128744,0.0006821379870119378,0.012745443167526576,-0.001296146996507035,0.00022963846598568661,0.0,-0.0018179157198477739,-0.008902743543346026,-2.583933190067272e-10,0.38986233445778756,0.39009123811011803,0.3901384264873163,0.3899095053935931,1.1478661600369438,0.9356783149835284,0.43002170771628906,0.9349403716176201,-0.020695060740174805,-9.097812583225856e-05,-0.3542008013873593,0.020766373333258592,-0.03506686381278268,0.004971912947165924,2.030306249223741e-05,-0.00017026931172055794,0.00024777693000120285,0.4290414992790452,0.39071027060203695,0.43347291993047227,0.39186069027917625
1405,11.708333333333334,1.1744433371181908,0.9846672139027831,0.5,0.9999185576753561,0.00012292382972473135,0.0006454271248250372,0.01274544349931081,-0.001190372195005864,0.0002108859675407353,0.0,-0.0017704182904138715,-0.008673403502956605,-2.1800894368009303e-10,0.38986142327358275,0.390091854149615,0.3901392583696529,0.3899088110700093,1.1479163461723692,0.9353159180302895,0.4299485967788222,0.9349672765220136,-0.020950349167262634,-0.0001273110008976682,-0.35411475328583486,-0.017408996588375025,-0.043578944257516294,-0.02088463908764826,-0.0007566962715996272,0.00019057070228581025,-0.00029321606696468765,0.4257304168937653,0.3838642570680873,0.43034076388055015,0.39228805625386615
1406,11.716666666666667,1.1744342499907048,0.9846688237322132,0.5,0.9999185809235177,0.00011610135890664879,0.0006096774713096075,0.012745443803737013,-0.0010904561896069175,0.00019317449989006058,0.0,-0.0017227038920745936,-0.008442559467206168,-1.8297723068977225e-10,0.3898605361651095,0.3900924532548127,0.3901400724479458,0.389908139913829,1.1479243379058255,0.9349854192346371,0.429924764864794,0.9349733448334413,-0.021375667045842695,-0.00032676014778791233,-0.35407318245966907,0.006943036910933564,-0.02898484152171754,-0.013852629904614888,2.538702358084562e-05,0.00011726982624502123,0.00025981268300668284,0.4307861739354546,0.39308389179804504,0.43420262138258003,0.3919388490224156
1407,11.725,1.1744259479932815,0.9846702943963757,0.5,0.9999186022711352,0.00010946583419569486,0.0005748952189512969,0.012745444082413036,-0.0009962404348627877,0.0001764754997374077,0.0,-0.001674773628782109,-0.008210252453784646,-1.527267848550248e-10,0.3898596732666658,0.39009303538570544,0.390140868265135,0.38990749164354455,1.1479052807591275,0.9347350752446809,0.4298863866840861,0.9350059366550935,-0.021707877656213306,-0.0005730950331413126,-0.3539665775599122,0.002796904741408923,-0.03739006224218189,-0.007207672600878512,-0.00017974350071666396,4.008186782671945e-05,8.713394340362105e-05,0.4274356119165911,0.3886434297509023,0.4349309557954629,0.3938345031469605
1408,11.733333333333334,1.174418384953434,0.9846716340944507,0.5,0.9999186218195216,0.00010301807563920468,0.00054108638890033,0.012745444336882362,-0.0009075653991589792,0.00016076028361120012,0.0,-0.0016266290190799406,-0.007976523652341297,-1.2673058787301132e-10,0.38985883470911437,0.3900936005041904,0.39014164537366464,0.3899068659816823,1.1478469814700134,0.9345254757923721,0.42985685634909226,0.9349708423138734,-0.021953483542009326,-0.0004941733610099255,-0.3540442407043872,0.017133634177968204,-0.03346871563182363,0.01123422959950493,-0.00013110917475740738,-0.00030053709905935547,0.00023311461533089526,0.4272812943400737,0.38824736436229995,0.43303951378836303,0.392182355706575
1409,11.741666666666667,1.1744115160360706,0.9846728507854776,0.5,0.9999186396679773,9.675889829229725e-05,0.0005082568302448809,0.01274544456862738,-0.0008242705928547976,0.00014600004824858956,0.0,-0.0015782719883320239,-0.007741414419103661,-1.0450276864405818e-10,0.38985802061980385,0.3900941485740252,0.39014240333577777,0.389906262655185,1.1479245712258122,0.9340580952370381,0.4298673808243684,0.9350572707000246,-0.022087819875636537,-0.000781736105741188,-0.3538070344309498,-0.00822097624475493,-0.049649591574751906,0.006555018419596159,-0.0008744933114882902,3.259072301471994e-05,-9.875575214201241e-05,0.4237264357236626,0.38323178154341253,0.4303894321269227,0.39099752482092304
1410,11.75,1.174405297751244,0.9846739521873725,0.5,0.9999186559137028,9.068911054831037e-05,0.00047641221930721486,0.012745444779072298,-0.0007461945965430716,0.0001321658712524768,0.0,-0.0015297048605540625,-0.007504966271518153,-8.560122914084192e-11,0.38985723112253845,0.3900946795607395,0.390143141723856,0.3899056813957379,1.1479681097295076,0.9337035662421453,0.42984354432900373,0.9350560668231829,-0.0223074423278599,-0.0007739433270884123,-0.353796454088612,0.010271886112356299,-0.031911498447356745,-0.013595152270318156,-8.01424663758709e-05,7.979970723161514e-05,-3.185817280986567e-05,0.4263980265951647,0.3876139444301002,0.4295728934425598,0.3884812371824102
1411,11.758333333333333,1.1743996879616625,0.9846749457759524,0.5,0.9999186706517136,8.480951250381434e-05,0.0004455580589625914,0.012745444969585754,-0.0006731750894249143,0.00011922871201597757,0.0,-0.0014809303498542683,-0.007267220882911309,-6.962034768472862e-11,0.3898564663375413,0.39009519343155374,0.39014386012074076,0.3899051219400968,1.1479448807783277,0.9335461257863543,0.4298901179711222,0.9350775716326438,-0.02258473546472669,-0.0008919841893031451,-0.35372173967370485,0.007424917620202365,-0.0358084645753487,-0.006519521542008855,-8.562304088185761e-05,1.3992998702545712e-05,6.972979892953232e-06,0.42725426667825406,0.3882780984000098,0.4351433424230012,0.39423756020784556
1412,11.766666666666666,1.1743946458899668,0.9846758387839691,0.5,0.9999186839747557,7.912089435980016e-05,0.0004156996779808005,0.012745445141483127,-0.0006050488777957349,0.00010715941290853459,0.0,-0.0014319515514959768,-0.007028220077185139,-5.61915047875134e-11,0.3898557263813788,0.3900956901553437,0.3901445581200018,0.3899045840304514,1.1480330859321488,0.9333273363420153,0.4299059776781967,0.9351155117513665,-0.022830542005502746,-0.001023230068915466,-0.3536052870559784,0.001909568671254469,-0.021337928324693944,0.001847310900349175,0.00032057058031592954,5.637468436398933e-06,-0.00026422409243270854,0.42648166805640236,0.3874930149420843,0.43359995893296455,0.392734417042024
1413,11.775,1.1743901321257688,0.9846766382001539,0.5,0.9999186959732258,7.362403486060092e-05,0.00038684223039021665,0.012745445296028566,-0.000541651923638729,9.592870071762004e-05,0.0,-0.0013827719325887817,-0.006788005823529751,-4.4983179324500824e-11,0.3898550113669474,0.39009616970253946,0.39014523532626927,0.38990406741471234,1.1480016148276522,0.9331930162341735,0.42991357663947827,0.9351108872364133,-0.022622673634202988,-0.0009524089933923973,-0.3536310734744299,-0.008664601228569602,-0.019175852761443846,-0.004088424221138087,-5.341881069808617e-05,4.034899099669494e-05,-0.0001778476887842812,0.4229878731879,0.3866446309766452,0.43416941933452224,0.39063531181449157
1414,11.783333333333333,1.1743861086324476,0.9846773507682769,0.5,0.9999187067350912,6.831969977208469e-05,0.00035899069486437866,0.012745445434436752,-0.0004828193733220785,8.550718833971456e-05,0.0,-0.0013333953224196654,-0.006546620231163893,-3.569409257409976e-11,0.3898543214034338,0.3900966320450633,0.39014589135551375,0.38990357184682983,1.147989838927973,0.9329694314515391,0.42998066217687997,0.9351295480513276,-0.022612162855886676,-0.0009848681103940078,-0.3535823079384823,-0.0033418499774784394,-0.025190757407433928,0.005857007899645605,0.0004938096529566244,-0.00010788010519669623,0.00035168265306841946,0.4237545827698022,0.3888965827504479,0.43538546538134787,0.39037304800045947
1415,11.791666666666666,1.174382538753707,0.9846779829862207,0.5,0.9999187163458139,6.320864040058276e-05,0.00033214987413089035,0.012745445557874446,-0.00042838558639610576,7.586537671401735e-05,0.0,-0.0012838259024349767,-0.006304105544107702,-2.8054218179811295e-11,0.38985365659624877,0.3900970771562873,0.39014652583530063,0.38990309708712256,1.148018578804984,0.93265447998569,0.43011372398108005,0.9352149862114327,-0.022296235935172923,-0.0010466325017824505,-0.3533761621687,-0.005869400155167348,-0.029280364689987515,0.01926380508255332,0.00047412760886500363,-6.978776808369379e-05,9.433490797931243e-05,0.4229582416290651,0.3867188884040061,0.43284197468010926,0.38931067817355564
1416,11.8,1.1743793872198949,0.9846785411050725,0.5,0.9999187248882748,5.829159215400214e-05,0.00030632439440261415,0.012745445667461757,-0.0003781841644866394,6.697365699209546e-05,0.0,-0.0012340681958810911,-0.006060504135972521,-2.1823311971708957e-11,0.38985301704701464,0.39009750501094914,0.3901471384050856,0.3899026429025481,1.1480223932335436,0.9324262286218301,0.4302522292988422,0.9352545647732031,-0.021893157288081878,-0.0010236290314414756,-0.3532966754987255,0.008288493228891802,-0.014014270047368882,0.026647970350746064,0.00020358589368886542,-0.00010479527430620228,0.00016649310327257873,0.42156408155611386,0.3850426346415775,0.42978718957571993,0.3865363995340088
1417,11.808333333333334,1.1743766201540813,0.9846790311282348,0.5,0.9999187324427029,5.356927314651891e-05,0.0002815187048310775,0.01274544576427325,-0.00033204798028085256,5.880231293645129e-05,0.0,-0.0011841270571175478,-0.0058158585047819854,-1.6786475014667995e-11,0.3898524028535185,0.39009791558509915,0.39014772871646086,0.38990220906700196,1.1479712145043834,0.9322394657640707,0.43033504852198284,0.9352786767298629,-0.021640080870257542,-0.0010187196983572869,-0.35324844792941634,-0.011611117283849559,-0.03681385555245331,0.016247022436810532,-0.0001350671488125203,-0.00019121935558578774,-7.68576654722432e-05,0.4186380652013869,0.38189899268318195,0.42992626101945475,0.3869180982236817
1418,11.816666666666666,1.1743742050778843,0.9846794588105593,0.5,0.9999187390866046,4.9042382848188037e-05,0.0002577370769819446,0.012745445849338838,-0.0002898092066018557,5.132152354076203e-05,0.0,-0.0011340076606119454,-0.005570211267820529,-1.2755251981521498e-11,0.38985181410968006,0.39009830885604135,0.39014829643340854,0.38990179536159514,1.1479739008330987,0.932064309747305,0.4304611380506441,0.9353145293562384,-0.021214356240549927,-0.001003773929737699,-0.3531793803470346,-0.002275509290128319,-0.01827076614805412,0.016172133252373433,-8.895514889570737e-05,-0.0001847533366254727,-0.00020650380667689648,0.4234638421679368,0.3865169971206437,0.4288778505043303,0.38604148509887315
1419,11.825,1.1743721109170653,0.9846798296575018,0.5,0.9999187448946969,4.471160078078847e-05,0.00023498360433250426,0.012745445923644492,-0.000251299345568329,4.450136586434212e-05,0.0,-0.0010837154896269417,-0.005323605156503478,-9.563119404869148e-12,0.3898512509055264,0.39009868480226595,0.390148841232552,0.38990140157491143,1.1479464994336082,0.9314684031210996,0.4311559370660206,0.9355050398046951,-0.01897276038739728,-0.0004792352082373889,-0.35280323864289204,-0.006298603967724858,-0.01595688826662167,0.02676900419229522,-6.744602694128318e-05,-5.3374906085828615e-05,-0.00011845174156233001,0.42128570206171967,0.38523411909531674,0.4307550502002217,0.3870239769814114
1420,11.833333333333334,1.1743703080068755,0.9846801489243029,0.5,0.9999187499388421,4.0577585261152185e-05,0.000213262201791074,0.012745445988132813,-0.00021634925783549274,3.831181807315371e-05,0.0,-0.0010332563246132293,-0.0050760830112767325,-7.064420661678333e-12,0.38985071332714366,0.3900990434034151,0.3901493628033666,0.3899010275032869,1.147930035567476,0.9313026819421449,0.43137234511154077,0.9355542907752487,-0.018417120967011823,-0.0003078292571679415,-0.35270225957378937,-0.006293704977244907,-0.017138780525416397,0.018621940297264272,0.0005965760197072141,-5.664689872146291e-05,2.5232462371037235e-05,0.42096909964144835,0.3841381628703695,0.427139011893246,0.3842844857471618
1421,11.841666666666667,1.1743687680971562,0.984680421615196,0.5,0.9999187542879859,3.664097219318147e-05,0.00019257660523820306,0.012745446043703436,-0.0001847891919137306,3.2722762679502137e-05,0.0,-0.0009826362313176003,-0.004827687776538524,-5.134389624354821e-12,0.3898502014566616,0.3900993846402127,0.39014986084841946,0.38990067295104214,1.147922903031504,0.9312287111539369,0.43156827002965625,0.9355937054825216,-0.017870807902264307,-0.00018700493021254686,-0.35262588889013957,-0.002025853580422954,-0.006272138598062416,0.02235710849451955,0.0007559121942810918,-8.72540171823965e-05,0.00023332198594470875,0.42283990566423,0.38556365278914484,0.42780704446498596,0.3854326400628521
1422,11.85,1.1743674643571962,0.9846806524826421,0.5,0.9999187580080977,3.290237390972629e-05,0.00017293037108963673,0.012745446091213322,-0.00015644881356118172,2.7703989972358937e-05,0.0,-0.0009318615486196138,-0.004578462495588803,-3.66471863315011e-12,0.38984971537222984,0.390099708494411,0.3901503350835831,0.3899003377307183,1.147918185885875,0.9311661338909044,0.43170037939504785,0.9355920678507136,-0.017451813696127784,-9.075725801423645e-05,-0.3526512562527768,0.0032106989562352695,-0.008617314902448214,0.01619988361100111,0.00028254297093913925,-7.552614810525246e-05,6.288658074896717e-05,0.42120548429556204,0.38433048700281325,0.42793372033904864,0.3852071897937211
1423,11.858333333333334,1.174366371380343,0.9846808460265958,0.5,0.9999187611621136,2.936237806541397e-05,0.00015432687588087587,0.012745446131476938,-0.00013115723524664185,2.3225201630069343e-05,0.0,-0.0008809388761078912,-0.0043284503056006465,-2.5630355509486257e-12,0.38984925514797697,0.39010001494875646,0.3901507852382259,0.38990002166331866,1.1479211853757663,0.9310642582477074,0.43184429760589577,0.9356467762291453,-0.01676401535004385,-5.314309995158105e-05,-0.35253946601361125,-0.00010004308454991673,-0.009203709775540414,0.009870806369072227,0.00036257423302891534,-9.374426188004029e-05,-4.861290768014521e-05,0.42286636648470505,0.384670171440264,0.4282647966517957,0.38681983404645837
1424,11.866666666666667,1.1743654651883693,0.9846810064938003,0.5,0.9999187638098815,2.6021546581510562e-05,0.00013676931587334052,0.012745446165266313,-0.00010874304567910957,1.9256014507026463e-05,0.0,-0.000829875061408514,-0.00407769443261493,-1.7518114516977535e-12,0.38984882085398964,0.3901003039869393,0.3901512110554076,0.38989972457852184,1.1478920008416738,0.9310302431483448,0.43205407993847356,0.9357099846227551,-0.01588084002128078,0.0001438548839936733,-0.3524125464612096,0.007949040967258902,-0.004670441291876326,0.02931536724379291,0.000382697229621464,-5.523145772906541e-05,7.823295330849881e-06,0.4244535047239234,0.38633903897934796,0.42871296875069115,0.38719760372925033
1425,11.875,1.17436472323559,0.9846811378771181,0.5,0.9999187660081104,2.2880414643802472e-05,0.00012026070668195974,0.012745446193311047,-8.903433940034001e-05,1.576596458572686e-05,0.0,-0.0007786771872784877,-0.0038262381865600786,-1.1668843842674178e-12,0.38984841255629715,0.3901005755935425,0.3901516122920711,0.38989944631488194,1.1478742384140392,0.9309617233646962,0.43218372166649244,0.9356960957510988,-0.015469725966511638,0.00021851342619256828,-0.3524676669235834,-0.013840232187378732,-0.03020774910781343,0.03537420333524777,0.0003535507558702514,-0.00023827538820063953,-6.957518331889824e-05,0.42136617504283885,0.3821544227211855,0.4251227247916227,0.38473977675745524
1426,11.883333333333333,1.174364124412735,0.9846812439148926,0.5,0.9999187678103209,1.9939489754469798e-05,0.00010480388292417991,0.01274544621629821,-7.185874643676558e-05,1.272451108546383e-05,0.0,-0.0007273525584752624,-0.003574124956288595,-7.551135027341865e-13,0.3898480303168533,0.3901008297539957,0.3901519887192173,0.3898991867200186,1.1476555708819847,0.9306117161219469,0.4327717462886527,0.9358055254812755,-0.013723223892730622,0.0008450554309856962,-0.3522484598774315,-0.011638364038035753,-0.010732028081916756,0.032861640108056145,0.0008820406960583156,-5.181278059643488e-05,0.00024882037787857063,0.4238800268140587,0.3843468771447574,0.4208124014285778,0.38072919748455486
1427,11.891666666666666,1.1743636490505729,0.9846813280903465,0.5,0.9999187692667986,1.7199250838847387e-05,9.040149789028165e-05,0.012745446234872204,-5.704346200716029e-05,1.0101040718762968e-05,0.0,-0.0006759086884175826,-0.003321398204641323,-4.719953100587207e-13,0.38984767419350136,0.39010106645455267,0.3901523401220524,0.38989894565081895,1.1476661056150959,0.9305016200107527,0.43290489953881284,0.935889608850485,-0.013137633804726564,0.0010058867766255999,-0.3520469156454744,-0.003458024321956188,-0.010757611904410602,0.02255168597564694,0.0006340177291015514,-4.391311055539186e-05,3.355053053627803e-05,0.42298387619163597,0.38436027505694975,0.4219760201939286,0.3810927802555804
1428,11.9,1.1743632789232825,0.9846813936310169,0.5,0.9999187704245517,1.466014740791921e-05,7.705602323490513e-05,0.012745446249634581,-4.4415276282437176e-05,7.864872086525127e-06,0.0,-0.0006243532856476426,-0.0030681014635258103,-2.8306821292565844e-13,0.38984734423995215,0.3901012856822576,0.39015266630013773,0.3898987229736107,1.1476324725950224,0.9304113483864416,0.4330724887805921,0.9358930716450427,-0.012513746949670732,0.0011705878561762183,-0.3520599299951043,0.0011892583877015639,-0.011963343308130092,0.018481753995963635,0.0005395104748940873,3.568990310996841e-05,4.3155203321312345e-05,0.4251685992086501,0.38498594769277483,0.4230894784932848,0.38374720302543586
1429,11.908333333333333,1.1743629972515877,0.9846814435082256,0.5,0.9999187713272701,1.2322598777357363e-05,6.476974868978639e-05,0.012745446261143802,-3.3800604193965294e-05,5.9852602027075185e-06,0.0,-0.0005726942401093322,-0.002814278329014622,-1.6211704445147443e-13,0.38984704050579017,0.39010148742488865,0.3901529670675543,0.3898985185643033,1.1475725322443187,0.9303109483757027,0.4333102544362626,0.935939846665624,-0.011513038427058003,0.0014206674847212588,-0.35196879843759343,-0.00826634746220467,-0.009052820166965958,0.012056442179958493,0.00025819964266280576,-0.00012798314127197234,-4.023318999379673e-06,0.426525911793953,0.3851282264157349,0.42297799602587394,0.3848451769510997
1430,11.916666666666666,1.1743627887056318,0.9846814804365903,0.5,0.9999187720152883,1.0186993343828671e-05,5.3544781797553786e-05,0.012745446269914995,-2.502551528681697e-05,4.431401139249738e-06,0.0,-0.0005209396092559095,-0.0025599724564637706,-8.782062753659568e-14,0.3898467630364466,0.39010167167093796,0.3901532422530225,0.38989833230854715,1.1475082370731509,0.930172868710874,0.4335132879668611,0.9360220137557604,-0.010744646676921007,0.0016404249429856123,-0.35177357964805367,0.0009281875463562628,-0.009670283905371946,0.012537262573708574,0.0007612138152674419,8.509793323069628e-05,0.00021262469688493508,0.42785505936137064,0.38748302576268034,0.42363515416110525,0.384502575642155
1431,11.925,1.1743626394076025,0.984681506873575,0.5,0.99991877252555,8.253687919269236e-06,4.338304766658506e-05,0.012745446276419685,-1.7915763614352147e-05,3.17243678183773e-06,0.0,-0.0004690976039985553,-0.0023052275556427913,-4.457650508980649e-14,0.3898465118731769,0.3901018384095902,0.39015349170001606,0.38989816410187883,1.1474561160560741,0.9300658577573486,0.4336244715922387,0.9360538089449135,-0.009986884922576739,0.001868921976351599,-0.3517101591081913,-0.0058978569873913145,-0.007686697343300963,0.002818939907500706,0.0004922491042924112,0.0001033217206364039,8.002993817614992e-05,0.4284858618742257,0.38629865041984496,0.4226420005051841,0.3853835987434942
1432,11.933333333333334,1.174362536934123,0.9846815250190777,0.5,0.9999187728915768,6.523007123753488e-06,3.428628874684333e-05,0.012745446281085517,-1.229681767055948e-05,2.177459686992262e-06,0.0,-0.00041717657451179746,-0.0020500873858858054,-2.070938651118461e-14,0.3898462870530559,0.3901019876306933,0.39015371526687626,0.3898980138498443,1.1474150579495215,0.9300053511132713,0.433753979338607,0.9360549600343204,-0.009474303365178722,0.002081619181914571,-0.3517200822137868,-0.01076007461617845,-0.005328741205956611,0.02126561391614934,0.0009793867778826277,3.8171613612939015e-05,0.00017968920640478426,0.43037710247840455,0.3888259496337522,0.4239050818661801,0.3860125218269447
1433,11.941666666666666,1.1743624703183715,0.9846815368150633,0.5,0.9999187731434392,4.995242837525885e-06,2.6256064626612863e-05,0.012745446284295983,-7.99389035658511e-06,1.4155180308719135e-06,0.0,-0.0003651849959067276,-0.0017945957512506797,-8.679758903110305e-15,0.38984608860896197,0.39010211932473554,0.39015391282691225,0.38989788146811055,1.1473530984523874,0.9298032407838736,0.43394072857134525,0.9361425123423186,-0.00892221201300593,0.0024517691605939265,-0.3514990462948514,-0.008149755050745888,-0.02338914499208089,0.02347770154775275,0.0004863710364039454,-6.6232727214043e-05,0.0002196098324062396,0.4274091595519766,0.3864007872304531,0.42063580635253744,0.38221258353526855
1434,11.95,1.1743624300519633,0.9846815439452362,0.5,0.9999187733077313,3.6706537127294585e-06,1.929375185015972e-05,0.012745446286390162,-4.8319689778742524e-06,8.556206400926643e-07,0.0,-0.0003131314537871099,-0.0015387964956929837,-3.3263582377261836e-15,0.3898459165695771,0.39010223348281975,0.39015408426849396,0.38989776688256367,1.1473158718337566,0.9297468296466794,0.4340171247587415,0.9361684794265223,-0.008732028678054799,0.002544060197652686,-0.35143400171456024,-0.0022891362745358634,-0.017222378496029034,0.020591187995755433,0.0002468348126377112,0.00019833439804345458,5.7728816364736e-05,0.42983221614287737,0.385761104194457,0.4174233708431616,0.38209924959161434
1435,11.958333333333334,1.1743624080865858,0.984681547834754,0.5,0.9999187734075473,2.5494647452742454e-06,1.3400543756180357e-05,0.012745446287662474,-2.635845268372396e-06,4.6674209478958456e-07,0.0,-0.0002610246297019165,-0.0012827334982514393,-9.476560042804768e-16,0.3898457709593648,0.39010233009665746,0.39015422949512035,0.3898976700294093,1.147265818308073,0.9296546616129507,0.43405701435203825,0.9362020844054311,-0.008496442693079722,0.0028470535280367476,-0.35134792144354265,-0.0005535051942784364,-0.0029664097153991875,0.020171782302080832,0.0002622289953833542,-2.468370214409738e-05,8.83839052878752e-06,0.4296831826072083,0.38543141405745324,0.41840166595330897,0.38324602977921685
1436,11.966666666666667,1.1743623978353739,0.9846815496499864,0.5,0.9999187734624623,1.631866907266685e-06,8.577450337089552e-06,0.012745446288362449,-1.230145438223381e-06,2.1782789407511308e-07,0.0,-0.00020887328650763027,-0.0010264506682421928,-3.363480378325601e-16,0.3898456517985719,0.39010240915854766,0.3901543484254936,0.38989759085524234,1.1472444494869307,0.9295449403940962,0.43417226832144007,0.9362423751239857,-0.008683672742636648,0.0028648979274545445,-0.3512358199411932,-0.001259430307909426,-0.015226513306842993,0.021948979299846183,-0.00016233253758533853,6.6554674040318e-05,0.0001055475243247478,0.42820448355446705,0.38497907162948364,0.4199165382769809,0.38375185361570885
1437,11.975,1.174362394174039,0.984681550298317,0.5,0.9999187734885148,9.180168403316054e-07,4.825298119031879e-06,0.012745446288694525,-4.393602414198898e-07,7.779967399170506e-08,0.0,-0.0001566862536541422,-0.0007699919404605889,-1.4556708088707197e-16,0.38984555910322294,0.3901024706613644,0.39015444099357677,0.3898975293171101,1.1471886496990353,0.9294350978604543,0.4343276565401035,0.9362872175158349,-0.008344083412161524,0.0031607898815787005,-0.35112196171101456,-0.0035507373803866926,-0.014405968665576196,0.018833725577976912,0.00013013861397585913,0.00010633613599857132,0.00023659794954674425,0.42935756460470986,0.38476022174355046,0.41816239575795994,0.3834031609966952
1438,11.983333333333334,1.1743623934417462,0.9846815504279878,0.5,0.999918773498194,4.0803661013252966e-07,2.1447300626774578e-06,0.012745446288817902,-8.787505985135737e-08,1.5560468003954852e-08,0.0,-0.00010447241240802991,-0.0005134012703882993,1.7032590137541577e-17,0.3898841312530872,0.39007687825848053,0.3901158687806495,0.389923121722654,1.1470865045201581,0.9292567407619812,0.43445855851700516,0.9363312080499355,-0.00816383622460427,0.003399914084845714,-0.351006639814779,-0.005650277812030424,-0.021971965971046004,0.01019398542763672,0.00023765737138870606,9.994035332259672e-05,0.0002899043032379411,0.43005338680604405,0.3854949247714493,0.41839417746602503,0.38364796156427966
1439,11.991666666666667,1.1743623934417462,0.9846815504279878,0.5,0.9999187735004279,1.0201352230682895e-07,5.362054847028825e-07,0.012745446288846376,-2.1021635151243239e-16,3.7224040781882935e-17,0.0,-7.835990262110297e-05,-0.0003850784453581911,-8.55004688588151e-17,0.38992274313311653,0.3900512594937566,0.39007725688214273,0.38994874049191397,1.1469948444335452,0.929111269807736,0.4345882549684684,0.9363919546562839,-0.007963067466779382,0.0035778367526933122,-0.35084739687743816,-0.013649849880126297,-0.017138866309296397,0.024337961616099912,5.735614150147108e-05,0.00013669015354546827,0.00022863589905567952,0.4326245663930771,0.3871594975879691,0.4186390468766449,0.38482612177082015
